Entity,Code,Year,Period_Life_Expectancy
Venezuela,VEN,1900,28
Uruguay,URY,1900,49
Ukraine,UKR,1900,36.6
Sweden,SWE,1900,52.23
Russia,RUS,1900,30.5
Paraguay,PRY,1900,25
World,OWID_WRL,1900,32
USSR,OWID_USS,1900,29
Norway,NOR,1900,53.47
Netherlands,NLD,1900,48.48
Mexico,MEX,1900,25
Lithuania,LTU,1900,41.7
Kazakhstan,KAZ,1900,28.1
Japan,JPN,1900,38.6
Jamaica,JAM,1900,37.8
Italy,ITA,1900,41.85
Iceland,ISL,1900,46.59
Hungary,HUN,1900,37.336
Guatemala,GTM,1900,24
United Kingdom,GBR,1900,45.62
France,FRA,1900,45.1
Finland,FIN,1900,41.81
Estonia,EST,1900,43.1
Spain,ESP,1900,34.8
Denmark,DNK,1900,51.9
Czechia,CZE,1900,40.266
Cuba,CUB,1900,32
Costa Rica,CRI,1900,32
Colombia,COL,1900,29
Chile,CHL,1900,29
Switzerland,CHE,1900,47.59
Brazil,BRA,1900,29
Bolivia,BOL,1900,26
Belarus,BLR,1900,36.2
Bulgaria,BGR,1900,40.2
Belgium,BEL,1900,46.69
Argentina,ARG,1900,39
United States,USA,1901,49.3
Sweden,SWE,1901,52.88
Norway,NOR,1901,54.59
Netherlands,NLD,1901,48.75
Mexico,MEX,1901,26.65
Luxembourg,LUX,1901,47.976
Sri Lanka,LKA,1901,32.6
Jamaica,JAM,1901,38.1
Italy,ITA,1901,43.64
Iceland,ISL,1901,52.93
Ireland,IRL,1901,49.4
India,IND,1901,23.486
United Kingdom,GBR,1901,46.93
France,FRA,1901,47
Finland,FIN,1901,42.84
Denmark,DNK,1901,52.66
Switzerland,CHE,1901,48.97
Canada,CAN,1901,48.634
Belgium,BEL,1901,49.44
Austria,AUT,1901,42
United States,USA,1902,50.5
Sweden,SWE,1902,54.7
Norway,NOR,1902,56.47
Netherlands,NLD,1902,50.65
Mexico,MEX,1902,28.37
Luxembourg,LUX,1902,48.057
Jamaica,JAM,1902,40.4
Italy,ITA,1902,43.01
Iceland,ISL,1902,50.93
Greece,GRC,1902,40.4
United Kingdom,GBR,1902,48.355
France,FRA,1902,47.98
Finland,FIN,1902,46.21
Denmark,DNK,1902,54.68
Chile,CHL,1902,32
Switzerland,CHE,1902,50.44
Bulgaria,BGR,1902,42.5
Belgium,BEL,1902,49.14
United States,USA,1903,50.6
Sweden,SWE,1903,54.98
Norway,NOR,1903,54.96
Netherlands,NLD,1903,51.54
Mexico,MEX,1903,28.68
Luxembourg,LUX,1903,46.91
Jamaica,JAM,1903,34.6
Italy,ITA,1903,43.2
Iceland,ISL,1903,48.7
United Kingdom,GBR,1903,49.54
France,FRA,1903,48.4
Finland,FIN,1903,46.56
Denmark,DNK,1903,54.83
Switzerland,CHE,1903,50.08
Belgium,BEL,1903,49.23
Austria,AUT,1903,40.1
United States,USA,1904,49.6
Sweden,SWE,1904,55.27
Norway,NOR,1904,56.07
Netherlands,NLD,1904,50.87
Mexico,MEX,1904,29.09
Luxembourg,LUX,1904,44.827
Jamaica,JAM,1904,33.6
Italy,ITA,1904,44.4
Iceland,ISL,1904,52.67
United Kingdom,GBR,1904,48.145
France,FRA,1904,48.07
Finland,FIN,1904,47.19
Denmark,DNK,1904,55.7
Switzerland,CHE,1904,49.23
Belgium,BEL,1904,49.27
United States,USA,1905,50.3
Sweden,SWE,1905,54.42
Norway,NOR,1905,55.09
Netherlands,NLD,1905,52.1
Mexico,MEX,1905,26.8
Luxembourg,LUX,1905,46.208
Japan,JPN,1905,39.222
Jamaica,JAM,1905,37.6
Italy,ITA,1905,43.99
Iceland,ISL,1905,49.45
India,IND,1905,23.98
United Kingdom,GBR,1905,49.92
France,FRA,1905,48.38
Finland,FIN,1905,46.05
Denmark,DNK,1905,54.37
Germany,DEU,1905,45.45
Cyprus,CYP,1905,45
Cuba,CUB,1905,34.158
Switzerland,CHE,1905,49.69
Bulgaria,BGR,1905,43.3
Belgium,BEL,1905,50.03
Australia,AUS,1905,57
Argentina,ARG,1905,39.7
United States,USA,1906,50.1
Sweden,SWE,1906,56.56
Norway,NOR,1906,56.9
Netherlands,NLD,1906,52.78
Mexico,MEX,1906,27.88
Luxembourg,LUX,1906,46.591
Jamaica,JAM,1906,32.4
Italy,ITA,1906,45.11
Iceland,ISL,1906,53.51
United Kingdom,GBR,1906,49.595
France,FRA,1906,47.73
Finland,FIN,1906,47.03
Denmark,DNK,1906,56.47
Switzerland,CHE,1906,50.75
Bangladesh,BGD,1906,21.5
Belgium,BEL,1906,49.67
United States,USA,1907,50.2
Sweden,SWE,1907,56.87
Norway,NOR,1907,56.48
Netherlands,NLD,1907,53.51
Mexico,MEX,1907,27.97
Luxembourg,LUX,1907,49.001
Jamaica,JAM,1907,29.5
Italy,ITA,1907,45.48
Iceland,ISL,1907,49.76
Greece,GRC,1907,41.2
United Kingdom,GBR,1907,50.565
France,FRA,1907,48.3
Finland,FIN,1907,46.96
Denmark,DNK,1907,56.1
Chile,CHL,1907,30.5
Switzerland,CHE,1907,51.19
Belgium,BEL,1907,51.07
United States,USA,1908,51.9
Sweden,SWE,1908,56.33
North Korea,PRK,1908,23.508
Norway,NOR,1908,56.28
Netherlands,NLD,1908,52.77
Mexico,MEX,1908,28.72
Luxembourg,LUX,1908,46.457
Kuwait,KWT,1908,26
South Korea,KOR,1908,23.508
Jamaica,JAM,1908,36.8
Italy,ITA,1908,43.11
Iceland,ISL,1908,45.71
United Kingdom,GBR,1908,51.02
France,FRA,1908,49.29
Finland,FIN,1908,46.09
Spain,ESP,1908,41.41
Denmark,DNK,1908,54.96
Switzerland,CHE,1908,52.29
Belgium,BEL,1908,49.72
United States,USA,1909,52.8
Sweden,SWE,1909,58.34
Norway,NOR,1909,57.46
Netherlands,NLD,1909,54.92
Mexico,MEX,1909,29.21
Luxembourg,LUX,1909,47.794
Jamaica,JAM,1909,37.3
Italy,ITA,1909,44.8
Iceland,ISL,1909,52.46
United Kingdom,GBR,1909,51.67
France,FRA,1909,50.01
Finland,FIN,1909,48.69
Spain,ESP,1909,41
Denmark,DNK,1909,57.36
Switzerland,CHE,1909,51.65
Belgium,BEL,1909,50.66
Venezuela,VEN,1910,29
United States,USA,1910,51.8
Uruguay,URY,1910,52
Sweden,SWE,1910,57.74
Paraguay,PRY,1910,29
Norway,NOR,1910,57.98
Netherlands,NLD,1910,55.14
Mexico,MEX,1910,28
Luxembourg,LUX,1910,49.664
Kazakhstan,KAZ,1910,30.6
Japan,JPN,1910,39.974
Jamaica,JAM,1910,36.7
Italy,ITA,1910,46.72
Iceland,ISL,1910,52.64
Hungary,HUN,1910,39.758
Guatemala,GTM,1910,24
United Kingdom,GBR,1910,53.255
France,FRA,1910,51.35
Finland,FIN,1910,48.49
Spain,ESP,1910,40.84
Denmark,DNK,1910,58.04
Czechia,CZE,1910,44.313
Cuba,CUB,1910,36
Costa Rica,CRI,1910,33
Colombia,COL,1910,31
Chile,CHL,1910,30
Switzerland,CHE,1910,52.93
Brazil,BRA,1910,31
Bolivia,BOL,1910,28
Belgium,BEL,1910,51.31
Argentina,ARG,1910,44.2
United States,USA,1911,53.4
Sweden,SWE,1911,57.99
Norway,NOR,1911,58.01
Netherlands,NLD,1911,53.18
Luxembourg,LUX,1911,46.383
Sri Lanka,LKA,1911,29.9
Jamaica,JAM,1911,37.9
Italy,ITA,1911,44.83
Iceland,ISL,1911,55.39
Ireland,IRL,1911,53.8
India,IND,1911,23.146
Guyana,GUY,1911,31.12
United Kingdom,GBR,1911,51.225
France,FRA,1911,48.21
Finland,FIN,1911,48.72
Spain,ESP,1911,39.79
Denmark,DNK,1911,56.96
Germany,DEU,1911,49
Switzerland,CHE,1911,51.77
Canada,CAN,1911,52.511
Belgium,BEL,1911,49.28
Austria,AUT,1911,45.1
United States,USA,1912,54.1
Sweden,SWE,1912,57.73
Norway,NOR,1912,57.73
Netherlands,NLD,1912,57.14
Luxembourg,LUX,1912,48.882
Jamaica,JAM,1912,34.4
Italy,ITA,1912,48.85
Iceland,ISL,1912,55.99
United Kingdom,GBR,1912,54.31
France,FRA,1912,51.55
Finland,FIN,1912,49.12
Spain,ESP,1912,43.43
Denmark,DNK,1912,58.01
Chile,CHL,1912,31.9
Switzerland,CHE,1912,54.4
Belgium,BEL,1912,52.25
United States,USA,1913,53.5
Sweden,SWE,1913,58.59
North Korea,PRK,1913,24.981
World,OWID_WRL,1913,34.1
USSR,OWID_USS,1913,36.4
Norway,NOR,1913,58.31
Netherlands,NLD,1913,57.35
Luxembourg,LUX,1913,50.245
South Korea,KOR,1913,24.981
Jamaica,JAM,1913,37.5
Italy,ITA,1913,48.49
Iceland,ISL,1913,58.94
United Kingdom,GBR,1913,53.355
France,FRA,1913,51.36
Finland,FIN,1913,49.04
Spain,ESP,1913,42.61
Denmark,DNK,1913,58.88
Switzerland,CHE,1913,54.23
Belgium,BEL,1913,52.45
United States,USA,1914,54.6
Sweden,SWE,1914,58.15
Norway,NOR,1914,57.79
Netherlands,NLD,1914,57.19
Luxembourg,LUX,1914,50.07
Jamaica,JAM,1914,38.2
Italy,ITA,1914,49.86
Iceland,ISL,1914,51.91
United Kingdom,GBR,1914,53.21
France,FRA,1914,38.23
Finland,FIN,1914,49.73
Spain,ESP,1914,42.78
Denmark,DNK,1914,58.46
Switzerland,CHE,1914,55.11
United States,USA,1915,55.1
Sweden,SWE,1915,57.1
Norway,NOR,1915,58.16
Netherlands,NLD,1915,57.24
Luxembourg,LUX,1915,51.469
Japan,JPN,1915,40.899
Jamaica,JAM,1915,37
Italy,ITA,1915,42.63
Iceland,ISL,1915,53.52
India,IND,1915,24.02
United Kingdom,GBR,1915,51.205
France,FRA,1915,36.55
Finland,FIN,1915,49.56
Spain,ESP,1915,43.09
Denmark,DNK,1915,58.4
Germany,DEU,1915,40.52
Cyprus,CYP,1915,47.464
Cuba,CUB,1915,36.29
Switzerland,CHE,1915,55.91
Argentina,ARG,1915,46.2
United States,USA,1916,54.2
Sweden,SWE,1916,58.12
Norway,NOR,1916,57.23
Netherlands,NLD,1916,56.16
Luxembourg,LUX,1916,50.115
Jamaica,JAM,1916,35.6
Italy,ITA,1916,39.71
Iceland,ISL,1916,54.41
United Kingdom,GBR,1916,54.24
France,FRA,1916,39.75
Finland,FIN,1916,47.98
Spain,ESP,1916,43.91
Denmark,DNK,1916,56.91
Switzerland,CHE,1916,56.52
United States,USA,1917,54
Sweden,SWE,1917,58.8
Norway,NOR,1917,57.71
Netherlands,NLD,1917,55.65
Luxembourg,LUX,1917,48.047
Jamaica,JAM,1917,31.7
Italy,ITA,1917,38.08
Iceland,ISL,1917,59
United Kingdom,GBR,1917,54.155
France,FRA,1917,42.97
Finland,FIN,1917,46.54
Spain,ESP,1917,42.6
Denmark,DNK,1917,57.25
Chile,CHL,1917,32.2
Switzerland,CHE,1917,55.77
United States,USA,1918,47.2
Sweden,SWE,1918,49.72
North Korea,PRK,1918,26.977
Norway,NOR,1918,50.32
Netherlands,NLD,1918,47.63
Luxembourg,LUX,1918,42.334
South Korea,KOR,1918,26.977
Jamaica,JAM,1918,26.4
Italy,ITA,1918,25.82
Iceland,ISL,1918,51.07
United Kingdom,GBR,1918,47.275
France,FRA,1918,34.84
Finland,FIN,1918,32.85
Spain,ESP,1918,30.36
Denmark,DNK,1918,56.22
Colombia,COL,1918,31.99
Switzerland,CHE,1918,46.3
United States,USA,1919,55.3
Sweden,SWE,1919,56.42
Norway,NOR,1919,56.79
Netherlands,NLD,1919,54.78
Luxembourg,LUX,1919,44.678
Jamaica,JAM,1919,36.6
Italy,ITA,1919,41.7
Iceland,ISL,1919,58.46
United Kingdom,GBR,1919,54.31
France,FRA,1919,47.14
Finland,FIN,1919,42.81
Spain,ESP,1919,40.95
Denmark,DNK,1919,56.88
Switzerland,CHE,1919,54.83
Belgium,BEL,1919,49.26
Venezuela,VEN,1920,31
United States,USA,1920,55.4
Uruguay,URY,1920,52
Sweden,SWE,1920,58.91
El Salvador,SLV,1920,28
Russia,RUS,1920,20.5
Paraguay,PRY,1920,33
Norway,NOR,1920,58.85
Netherlands,NLD,1920,57.98
Nicaragua,NIC,1920,24
Mexico,MEX,1920,34
Luxembourg,LUX,1920,54.622
Japan,JPN,1920,42.044
Jamaica,JAM,1920,35.4
Italy,ITA,1920,45.82
Iceland,ISL,1920,54.63
Hungary,HUN,1920,42.055
Honduras,HND,1920,29
Guatemala,GTM,1920,25
Greece,GRC,1920,44.652
United Kingdom,GBR,1920,57.255
France,FRA,1920,51.82
Finland,FIN,1920,47.68
Spain,ESP,1920,39.38
Denmark,DNK,1920,57.71
Cuba,CUB,1920,39
Costa Rica,CRI,1920,37
Colombia,COL,1920,32
Chile,CHL,1920,31
Switzerland,CHE,1920,54.5
Brazil,BRA,1920,32
Bolivia,BOL,1920,31
Belgium,BEL,1920,54.01
Argentina,ARG,1920,48.65
United States,USA,1921,58.2
Trinidad and Tobago,TTO,1921,38.8
Sweden,SWE,1921,60.98
Slovakia,SVK,1921,44.2
Russia,RUS,1921,23.8
Pakistan,PAK,1921,20.132
Norway,NOR,1921,61.57
Netherlands,NLD,1921,59.71
Niger,NER,1921,24.35
Luxembourg,LUX,1921,56.206
Sri Lanka,LKA,1921,32
Jamaica,JAM,1921,30.7
Italy,ITA,1921,49.17
Iceland,ISL,1921,54.13
India,IND,1921,24.858
Guyana,GUY,1921,34.622
Guatemala,GTM,1921,25.819
Ghana,GHA,1921,28
United Kingdom,GBR,1921,58.085
France,FRA,1921,52.69
Finland,FIN,1921,52.4
Spain,ESP,1921,41.99
Denmark,DNK,1921,61.66
Switzerland,CHE,1921,57.77
Canada,CAN,1921,57.1
Belgium,BEL,1921,54.66
Australia,AUS,1921,60.97
United States,USA,1922,58.1
Sweden,SWE,1922,61.07
Russia,RUS,1922,24.7
Norway,NOR,1922,60.78
Netherlands,NLD,1922,59.78
Mexico,MEX,1922,32.6
Luxembourg,LUX,1922,55.266
Japan,JPN,1922,42.616
Jamaica,JAM,1922,37
Italy,ITA,1922,50.12
Iceland,ISL,1922,56.89
Greece,GRC,1922,45.2
United Kingdom,GBR,1922,57.02
France,FRA,1922,54.89
Finland,FIN,1922,51.93
Estonia,EST,1922,51.7
Spain,ESP,1922,44.2
Denmark,DNK,1922,60.64
Chile,CHL,1922,31.6
Switzerland,CHE,1922,58.48
Canada,CAN,1922,57.08
Belgium,BEL,1922,55.19
Australia,AUS,1922,62.83
United States,USA,1923,57.5
Tunisia,TUN,1923,28.8
Sweden,SWE,1923,62.91
Russia,RUS,1923,33.6
North Korea,PRK,1923,29.534
Norway,NOR,1923,61.8
Netherlands,NLD,1923,62
Mexico,MEX,1923,33.5
Luxembourg,LUX,1923,54.684
South Korea,KOR,1923,29.534
Jamaica,JAM,1923,38
Italy,ITA,1923,51.48
Iceland,ISL,1923,57.68
United Kingdom,GBR,1923,59.3
France,FRA,1923,54.59
Finland,FIN,1923,52.48
Spain,ESP,1923,44.75
Algeria,DZA,1923,28.822
Denmark,DNK,1923,61.15
Switzerland,CHE,1923,59.98
Canada,CAN,1923,56.96
Bulgaria,BGR,1923,44.6
Belgium,BEL,1923,56.7
Australia,AUS,1923,61.68
United States,USA,1924,58.5
Sweden,SWE,1924,61.94
Russia,RUS,1924,36.1
Norway,NOR,1924,62.11
Netherlands,NLD,1924,62.88
Mauritius,MUS,1924,31.22
Mexico,MEX,1924,32.8
Latvia,LVA,1924,53.7
Luxembourg,LUX,1924,56.762
Jamaica,JAM,1924,38.6
Italy,ITA,1924,51.53
Iceland,ISL,1924,54.08
United Kingdom,GBR,1924,58.07
France,FRA,1924,55.19
Finland,FIN,1924,50.26
Spain,ESP,1924,46.3
Denmark,DNK,1924,61.09
Switzerland,CHE,1924,59.47
Canada,CAN,1924,58.75
Belgium,BEL,1924,57.4
Australia,AUS,1924,62.48
United States,USA,1925,58.5
Sweden,SWE,1925,62.51
Russia,RUS,1925,35.2
Norway,NOR,1925,62.51
Netherlands,NLD,1925,63.12
Mexico,MEX,1925,32.1
Luxembourg,LUX,1925,54.789
Lithuania,LTU,1925,50.5
Jamaica,JAM,1925,38.9
Italy,ITA,1925,51.28
Iceland,ISL,1925,58.22
India,IND,1925,27.61
United Kingdom,GBR,1925,58.42
France,FRA,1925,54.35
Finland,FIN,1925,53.36
Spain,ESP,1925,46.98
Denmark,DNK,1925,61.91
Germany,DEU,1925,57.42
Cyprus,CYP,1925,48.464
Cuba,CUB,1925,38.76
Switzerland,CHE,1925,59.91
Canada,CAN,1925,59.26
Bolivia,BOL,1925,33
Belgium,BEL,1925,57.12
Australia,AUS,1925,63.17
Argentina,ARG,1925,50.6
United States,USA,1926,57.9
Ukraine,UKR,1926,46.95
Sweden,SWE,1926,62.74
Russia,RUS,1926,38.4
Norway,NOR,1926,63.25
Netherlands,NLD,1926,62.98
Myanmar,MMR,1926,30.8
Mexico,MEX,1926,34.2
Luxembourg,LUX,1926,53.406
Kazakhstan,KAZ,1926,36.87
Jamaica,JAM,1926,40.7
Italy,ITA,1926,50.96
Iceland,ISL,1926,60.72
Ireland,IRL,1926,57.6
United Kingdom,GBR,1926,59.56
France,FRA,1926,53.96
Finland,FIN,1926,53.79
Spain,ESP,1926,47.7
Denmark,DNK,1926,61.67
Switzerland,CHE,1926,60.59
Canada,CAN,1926,57.95
Bulgaria,BGR,1926,45.3
Bangladesh,BGD,1926,24.9
Belgium,BEL,1926,56.88
Australia,AUS,1926,62.88
United States,USA,1927,59.4
Uganda,UGA,1927,23.9
Sweden,SWE,1927,61.56
Senegal,SEN,1927,23.9
Russia,RUS,1927,37.5
Norway,NOR,1927,62.85
Netherlands,NLD,1927,62.61
Mexico,MEX,1927,40.3
Luxembourg,LUX,1927,55.859
Kenya,KEN,1927,23.925
Japan,JPN,1927,45.659
Jamaica,JAM,1927,39.4
Italy,ITA,1927,52.57
Iceland,ISL,1927,58.09
Indonesia,IDN,1927,30
Greece,GRC,1927,48.2
United Kingdom,GBR,1927,58.95
France,FRA,1927,55.74
Finland,FIN,1927,51.83
Spain,ESP,1927,48.48
Egypt,EGY,1927,33
Denmark,DNK,1927,61.19
Chile,CHL,1927,37
Switzerland,CHE,1927,60.09
Canada,CAN,1927,58.61
Belgium,BEL,1927,57.11
Australia,AUS,1927,62.84
United States,USA,1928,58.3
Sweden,SWE,1928,62.2
Russia,RUS,1928,38.9
North Korea,PRK,1928,33.605
Norway,NOR,1928,63.4
Netherlands,NLD,1928,63.71
Mexico,MEX,1928,34.5
Luxembourg,LUX,1928,55.352
South Korea,KOR,1928,33.605
Jamaica,JAM,1928,41.6
Italy,ITA,1928,52.66
Iceland,ISL,1928,61.71
Greece,GRC,1928,46.175
United Kingdom,GBR,1928,59.91
France,FRA,1928,55.41
Finland,FIN,1928,53.69
Spain,ESP,1928,48.62
Egypt,EGY,1928,30.7
Denmark,DNK,1928,61.84
Switzerland,CHE,1928,60.43
Canada,CAN,1928,58.55
Belgium,BEL,1928,57.47
Australia,AUS,1928,62.91
United States,USA,1929,58.5
Sweden,SWE,1929,62.29
Russia,RUS,1929,37.4
Norway,NOR,1929,62.45
Netherlands,NLD,1929,62.15
Mexico,MEX,1929,35.4
Luxembourg,LUX,1929,52.703
Jamaica,JAM,1929,43
Italy,ITA,1929,52.27
Iceland,ISL,1929,60.54
Greece,GRC,1929,49.968
United Kingdom,GBR,1929,57.62
France,FRA,1929,54.24
Finland,FIN,1929,51.32
Spain,ESP,1929,49.49
Egypt,EGY,1929,30.6
Denmark,DNK,1929,61.96
Switzerland,CHE,1929,60.14
Canada,CAN,1929,57.94
Belgium,BEL,1929,55.02
Australia,AUS,1929,63.08
Venezuela,VEN,1930,32
United States,USA,1930,59.6
Uruguay,URY,1930,50
Sweden,SWE,1930,63.17
Slovakia,SVK,1930,49.9
El Salvador,SLV,1930,29
Russia,RUS,1930,36.5
Paraguay,PRY,1930,38
Panama,PAN,1930,36
Norway,NOR,1930,64.1
Netherlands,NLD,1930,64.66
Nicaragua,NIC,1930,28
Mexico,MEX,1930,34
Luxembourg,LUX,1930,56.798
Jamaica,JAM,1930,45.3
Italy,ITA,1930,55.17
Iceland,ISL,1930,60.18
Hungary,HUN,1930,50.213
Honduras,HND,1930,34
Guyana,GUY,1930,41.422
Guatemala,GTM,1930,25
United Kingdom,GBR,1930,60.77
France,FRA,1930,56.8
Finland,FIN,1930,54.45
Spain,ESP,1930,49.25
Egypt,EGY,1930,35.4
Dominican Republic,DOM,1930,26
Denmark,DNK,1930,62.22
Czechia,CZE,1930,55.554
Cuba,CUB,1930,42
Costa Rica,CRI,1930,42
Colombia,COL,1930,34
China,CHN,1930,32
Chile,CHL,1930,35
Switzerland,CHE,1930,61.4
Canada,CAN,1930,58.96
Brazil,BRA,1930,34
Bolivia,BOL,1930,33
Bulgaria,BGR,1930,48.3
Belgium,BEL,1930,57.1
Australia,AUS,1930,64.9
Argentina,ARG,1930,52.55
United States,USA,1931,60.3
Trinidad and Tobago,TTO,1931,45.7
Sweden,SWE,1931,62.71
Sierra Leone,SLE,1931,24.5
Russia,RUS,1931,35
Poland,POL,1931,49.8
Pakistan,PAK,1931,26.754
Norway,NOR,1931,64.18
Netherlands,NLD,1931,64.32
Mexico,MEX,1931,37.7
Luxembourg,LUX,1931,57.589
Jamaica,JAM,1931,42.7
Italy,ITA,1931,54.8
Iceland,ISL,1931,60.84
India,IND,1931,29.314
United Kingdom,GBR,1931,60
France,FRA,1931,56.9
Finland,FIN,1931,54.86
Spain,ESP,1931,49.28
Egypt,EGY,1931,32.5
Denmark,DNK,1931,61.87
Cameroon,CMR,1931,28.75
Switzerland,CHE,1931,61.23
Canada,CAN,1931,60.27
Belgium,BEL,1931,58.42
Austria,AUT,1931,56.452
Australia,AUS,1931,65.32
United States,USA,1932,61
Sweden,SWE,1932,63.93
Russia,RUS,1932,32.8
Romania,ROU,1932,42.01
Paraguay,PRY,1932,35.5
Norway,NOR,1932,64.59
Netherlands,NLD,1932,65.39
Mexico,MEX,1932,38.4
Luxembourg,LUX,1932,56.662
Jamaica,JAM,1932,44.2
Italy,ITA,1932,54.74
Iceland,ISL,1932,62.08
Indonesia,IDN,1932,32.5
Greece,GRC,1932,50.5
United Kingdom,GBR,1932,60.52
France,FRA,1932,57.22
Finland,FIN,1932,55.75
Spain,ESP,1932,51.14
Egypt,EGY,1932,31
Denmark,DNK,1932,62.69
Chile,CHL,1932,38.7
Switzerland,CHE,1932,61.2
Canada,CAN,1932,61.34
Belgium,BEL,1932,58.54
Australia,AUS,1932,65.6
United States,USA,1933,60.9
Tunisia,TUN,1933,31.22
Sweden,SWE,1933,64.8
North Korea,PRK,1933,37.388
Norway,NOR,1933,65.48
Netherlands,NLD,1933,66.03
Mexico,MEX,1933,37.3
Luxembourg,LUX,1933,58.315
South Korea,KOR,1933,37.388
Jamaica,JAM,1933,41.6
Italy,ITA,1933,56.25
Iceland,ISL,1933,62.91
United Kingdom,GBR,1933,60.58
France,FRA,1933,57.65
Finland,FIN,1933,55.39
Spain,ESP,1933,51.6
Egypt,EGY,1933,32.3
Algeria,DZA,1933,31.22
Denmark,DNK,1933,63.58
Switzerland,CHE,1933,62.37
Canada,CAN,1933,62.28
Belgium,BEL,1933,58.68
Australia,AUS,1933,65.43
United States,USA,1934,60.19
Sweden,SWE,1934,64.96
Russia,RUS,1934,38.2
Norway,NOR,1934,66.21
Netherlands,NLD,1934,66.6
Mauritius,MUS,1934,33.874
Mexico,MEX,1934,38.2
Luxembourg,LUX,1934,59.903
Jamaica,JAM,1934,44.4
Italy,ITA,1934,56.88
Iceland,ISL,1934,63.35
United Kingdom,GBR,1934,61.3
France,FRA,1934,58.3
Finland,FIN,1934,56
Spain,ESP,1934,52.22
Egypt,EGY,1934,31.5
Denmark,DNK,1934,64.09
China,CHN,1934,34
Switzerland,CHE,1934,62.83
Canada,CAN,1934,62.62
Belgium,BEL,1934,60.31
Australia,AUS,1934,64.79
United States,USA,1935,60.91
Sweden,SWE,1935,64.86
Russia,RUS,1935,39.6
Norway,NOR,1935,65.84
Netherlands,NLD,1935,66.51
Mexico,MEX,1935,40.4
Latvia,LVA,1935,58.084
Luxembourg,LUX,1935,59.101
Sri Lanka,LKA,1935,46.3
Japan,JPN,1935,48.242
Jamaica,JAM,1935,44
Italy,ITA,1935,56.2
Iceland,ISL,1935,59.49
India,IND,1935,30.95
United Kingdom,GBR,1935,61.96
France,FRA,1935,58.28
Finland,FIN,1935,57.36
Estonia,EST,1935,56.272
Spain,ESP,1935,52.65
Egypt,EGY,1935,33.2
Dominican Republic,DOM,1935,29.9
Denmark,DNK,1935,62.88
Germany,DEU,1935,61.5
Cuba,CUB,1935,44.572
Switzerland,CHE,1935,62.13
Canada,CAN,1935,62.4
Belgium,BEL,1935,59.94
Australia,AUS,1935,65.05
Argentina,ARG,1935,54.45
United States,USA,1936,60.35
Sweden,SWE,1936,64.6
Russia,RUS,1936,41.1
Norway,NOR,1936,65.82
Netherlands,NLD,1936,66.73
Mexico,MEX,1936,38.3
Luxembourg,LUX,1936,61.201
Jamaica,JAM,1936,44.4
Italy,ITA,1936,56.74
Iceland,ISL,1936,62.69
Ireland,IRL,1936,58.9
United Kingdom,GBR,1936,61.75
France,FRA,1936,58.76
Finland,FIN,1936,56.17
Spain,ESP,1936,51.01
Egypt,EGY,1936,31.3
Denmark,DNK,1936,63.44
China,CHN,1936,35
Switzerland,CHE,1936,63.14
Canada,CAN,1936,62.65
Belgium,BEL,1936,59.91
Australia,AUS,1936,65.19
United States,USA,1937,61.03
Uganda,UGA,1937,26.4
Turkey,TUR,1937,35.43
Thailand,THA,1937,40.3
Sweden,SWE,1937,64.61
Slovakia,SVK,1937,53.2
Senegal,SEN,1937,26.4
Russia,RUS,1937,39.9
Norway,NOR,1937,66.02
Netherlands,NLD,1937,66.97
Mexico,MEX,1937,36.8
Luxembourg,LUX,1937,61.064
Kenya,KEN,1937,26.374
Jamaica,JAM,1937,47.2
Italy,ITA,1937,55.4
Iceland,ISL,1937,63.47
Indonesia,IDN,1937,35
Greece,GRC,1937,52.8
United Kingdom,GBR,1937,61.79
France,FRA,1937,59.11
Finland,FIN,1937,57.04
Spain,ESP,1937,47.32
Egypt,EGY,1937,34.5
Denmark,DNK,1937,63.94
Czechia,CZE,1937,58.452
Cyprus,CYP,1937,48.464
Chile,CHL,1937,39.1
Switzerland,CHE,1937,63.48
Canada,CAN,1937,61.27
Bulgaria,BGR,1937,51.8
Belgium,BEL,1937,59.95
Australia,AUS,1937,65.74
United States,USA,1938,62.39
Sweden,SWE,1938,65.54
Russia,RUS,1938,41.4
North Korea,PRK,1938,42.571
Philippines,PHL,1938,40
Norway,NOR,1938,67.09
Netherlands,NLD,1938,67.39
Mexico,MEX,1938,39.4
Luxembourg,LUX,1938,59.203
South Korea,KOR,1938,42.571
Jamaica,JAM,1938,45.9
Italy,ITA,1938,56.15
Iceland,ISL,1938,65.02
United Kingdom,GBR,1938,63.23
France,FRA,1938,58.93
Finland,FIN,1938,57.2
Spain,ESP,1938,47.6
Egypt,EGY,1938,34.8
Denmark,DNK,1938,64.99
Colombia,COL,1938,36.601
Switzerland,CHE,1938,63.83
Canada,CAN,1938,63.24
Belgium,BEL,1938,60.11
Australia,AUS,1938,65.76
United States,USA,1939,63.07
Ukraine,UKR,1939,50
Sweden,SWE,1939,66.38
Russia,RUS,1939,43.6
Norway,NOR,1939,67.35
Netherlands,NLD,1939,67.72
Mexico,MEX,1939,45.5
Luxembourg,LUX,1939,60.352
Kazakhstan,KAZ,1939,44.47
Jamaica,JAM,1939,48.5
Italy,ITA,1939,57.6
Iceland,ISL,1939,65.98
United Kingdom,GBR,1939,63.61
France,FRA,1939,59.55
Finland,FIN,1939,54.63
Spain,ESP,1939,47.23
Egypt,EGY,1939,36
Denmark,DNK,1939,65.8
Switzerland,CHE,1939,63.98
Canada,CAN,1939,63.7
Belgium,BEL,1939,60.06
Australia,AUS,1939,65.73
Venezuela,VEN,1940,38
United States,USA,1940,63.22
Uruguay,URY,1940,58
Ukraine,UKR,1940,49.8
Sweden,SWE,1940,66.74
El Salvador,SLV,1940,36
Russia,RUS,1940,41.2
Paraguay,PRY,1940,42
Portugal,PRT,1940,51.38
Peru,PER,1940,37
Panama,PAN,1940,42
Norway,NOR,1940,65.88
Netherlands,NLD,1940,65.4
Nicaragua,NIC,1940,34
Niger,NER,1940,34.47
Mexico,MEX,1940,39
Luxembourg,LUX,1940,61.947
Sri Lanka,LKA,1940,45.2
Jamaica,JAM,1940,47.6
Italy,ITA,1940,56.95
Iceland,ISL,1940,65.77
Honduras,HND,1940,36
Guatemala,GTM,1940,29
Greece,GRC,1940,54.336
United Kingdom,GBR,1940,60.9
France,FRA,1940,49.6
Finland,FIN,1940,46.8
Spain,ESP,1940,48.63
Egypt,EGY,1940,34.4
Dominican Republic,DOM,1940,34
Denmark,DNK,1940,66.27
Cuba,CUB,1940,45
Costa Rica,CRI,1940,49
Colombia,COL,1940,38
Chile,CHL,1940,38
Switzerland,CHE,1940,63.54
Canada,CAN,1940,63.91
Brazil,BRA,1940,37
Bolivia,BOL,1940,36
Belgium,BEL,1940,55.96
Australia,AUS,1940,66.16
Argentina,ARG,1940,56.45
Angola,AGO,1940,26.98
United States,USA,1941,63.79
Ukraine,UKR,1941,24.7
Thailand,THA,1941,38.3
Sweden,SWE,1941,66.97
Portugal,PRT,1941,47.99
Pakistan,PAK,1941,31.758
Norway,NOR,1941,65.74
Netherlands,NLD,1941,65.33
Mauritius,MUS,1941,36.169
Mexico,MEX,1941,42.6
Luxembourg,LUX,1941,59.991
Jamaica,JAM,1941,49.4
Italy,ITA,1941,54.77
Iceland,ISL,1941,63.12
Ireland,IRL,1941,60
India,IND,1941,32.593
Hungary,HUN,1941,56.556
United Kingdom,GBR,1941,61.29
France,FRA,1941,57.42
Finland,FIN,1941,46.42
Spain,ESP,1941,47.25
Egypt,EGY,1941,35.7
Denmark,DNK,1941,65.95
Switzerland,CHE,1941,64.91
Canada,CAN,1941,63.74
Belgium,BEL,1941,58.74
Australia,AUS,1941,66.04
United States,USA,1942,64.54
Ukraine,UKR,1942,19.4
Turkey,TUR,1942,31.34
Sweden,SWE,1942,68.96
Portugal,PRT,1942,49.78
North Korea,PRK,1942,44.889
Norway,NOR,1942,65.7
Netherlands,NLD,1942,65.8
Mexico,MEX,1942,39.8
Luxembourg,LUX,1942,58.333
South Korea,KOR,1942,44.889
Jamaica,JAM,1942,49.8
Italy,ITA,1942,52.45
Iceland,ISL,1942,64.12
Indonesia,IDN,1942,27.5
United Kingdom,GBR,1942,63.98
France,FRA,1942,57.44
Finland,FIN,1942,53.93
Spain,ESP,1942,52.26
Egypt,EGY,1942,30.5
Denmark,DNK,1942,67.12
China,CHN,1942,37
Chile,CHL,1942,44
Switzerland,CHE,1942,65.63
Canada,CAN,1942,64.61
Belgium,BEL,1942,59.09
Australia,AUS,1942,65.79
United States,USA,1943,64.36
Ukraine,UKR,1943,18.2
Tunisia,TUN,1943,33.72
Sweden,SWE,1943,68.7
Portugal,PRT,1943,51.13
Norway,NOR,1943,66.09
Netherlands,NLD,1943,64.41
Mexico,MEX,1943,42.8
Luxembourg,LUX,1943,54.32
Jamaica,JAM,1943,50.3
Italy,ITA,1943,49.44
Iceland,ISL,1943,65.22
United Kingdom,GBR,1943,64.04
France,FRA,1943,53.3
Finland,FIN,1943,56.28
Spain,ESP,1943,54.89
Egypt,EGY,1943,29.8
Algeria,DZA,1943,33.72
Denmark,DNK,1943,67.43
Cyprus,CYP,1943,53.464
Switzerland,CHE,1943,65.82
Canada,CAN,1943,64.57
Belgium,BEL,1943,60.29
Australia,AUS,1943,66.33
United States,USA,1944,65.06
Ukraine,UKR,1944,28.7
Sweden,SWE,1944,67.72
Portugal,PRT,1944,52.38
Norway,NOR,1944,65.84
Netherlands,NLD,1944,61.27
Mauritius,MUS,1944,33.288
Mexico,MEX,1944,43.2
Luxembourg,LUX,1944,47.836
Jamaica,JAM,1944,49.1
Italy,ITA,1944,52.49
Iceland,ISL,1944,66.72
United Kingdom,GBR,1944,64.8
France,FRA,1944,47.17
Finland,FIN,1944,48.06
Spain,ESP,1944,56.27
Egypt,EGY,1944,33.4
Denmark,DNK,1944,66.39
Colombia,COL,1944,41.854
Switzerland,CHE,1944,64.86
Canada,CAN,1944,65.28
Belgium,BEL,1944,56.94
Australia,AUS,1944,67.96
United States,USA,1945,65.59
Ukraine,UKR,1945,35.3
Uganda,UGA,1945,28.8
Sweden,SWE,1945,68.33
Senegal,SEN,1945,28.8
Portugal,PRT,1945,53.78
Norway,NOR,1945,68.19
Netherlands,NLD,1945,55.58
Mexico,MEX,1945,44.2
Luxembourg,LUX,1945,49.401
Cambodia,KHM,1945,35
Kenya,KEN,1945,28.822
Japan,JPN,1945,30.537
Jamaica,JAM,1945,49.1
Italy,ITA,1945,54.86
Iceland,ISL,1945,67.55
United Kingdom,GBR,1945,65.76
France,FRA,1945,54.93
Finland,FIN,1945,56.81
Spain,ESP,1945,57.79
Egypt,EGY,1945,32.3
Denmark,DNK,1945,66.08
Cuba,CUB,1945,50.931
Switzerland,CHE,1945,65.38
Canada,CAN,1945,66.26
Brazil,BRA,1945,42.3
Belgium,BEL,1945,58.32
Australia,AUS,1945,68.38
Argentina,ARG,1945,58.4
United States,USA,1946,66.13
Ukraine,UKR,1946,55.2
Trinidad and Tobago,TTO,1946,54.5
Sweden,SWE,1946,69.51
Russia,RUS,1946,46.1
Portugal,PRT,1946,53.75
Papua New Guinea,PNG,1946,31.5
Norway,NOR,1946,69.54
Netherlands,NLD,1946,67.53
Mexico,MEX,1946,44.8
Luxembourg,LUX,1946,61.613
Sri Lanka,LKA,1946,45.8
Jamaica,JAM,1946,51.4
Italy,ITA,1946,58.94
Iceland,ISL,1946,68.49
Ireland,IRL,1946,61.4
United Kingdom,GBR,1946,66.24
France,FRA,1946,62.36
Finland,FIN,1946,60.45
Spain,ESP,1946,57.59
Egypt,EGY,1946,34.4
Denmark,DNK,1946,67.24
Germany,DEU,1946,60.511
Switzerland,CHE,1946,66.06
Canada,CAN,1946,66.41
Belgium,BEL,1946,61.89
Australia,AUS,1946,67.92
United States,USA,1947,66.8
Ukraine,UKR,1947,45.1
Turkey,TUR,1947,38.1
Thailand,THA,1947,41.8
Sweden,SWE,1947,69.48
Russia,RUS,1947,40.4
Portugal,PRT,1947,55.93
Norway,NOR,1947,70.01
Netherlands,NLD,1947,69.56
Mauritius,MUS,1947,38.618
Mexico,MEX,1947,46.3
Luxembourg,LUX,1947,63.057
Japan,JPN,1947,51.71
Jamaica,JAM,1947,50.4
Italy,ITA,1947,61.2
Iceland,ISL,1947,69.32
Indonesia,IDN,1947,27.5
United Kingdom,GBR,1947,66.44
France,FRA,1947,63.95
Finland,FIN,1947,60.51
Spain,ESP,1947,59.13
Egypt,EGY,1947,36.1
Denmark,DNK,1947,68.54
Chile,CHL,1947,47.9
Switzerland,CHE,1947,66.23
Canada,CAN,1947,66.79
Bulgaria,BGR,1947,54.14
Belgium,BEL,1947,63.42
Austria,AUT,1947,61.54
Australia,AUS,1947,68.52
United States,USA,1948,67.22
Ukraine,UKR,1948,57.8
Thailand,THA,1948,49.9
Sweden,SWE,1948,70.73
Russia,RUS,1948,52.2
Portugal,PRT,1948,56.72
New Zealand,NZL,1948,68.81
Norway,NOR,1948,71.13
Netherlands,NLD,1948,71.04
Mexico,MEX,1948,48.3
Luxembourg,LUX,1948,64.494
Sri Lanka,LKA,1948,54
Japan,JPN,1948,56.84
Jamaica,JAM,1948,51.7
Italy,ITA,1948,63.42
Iceland,ISL,1948,70.2
United Kingdom,GBR,1948,68.37
France,FRA,1948,65.78
Finland,FIN,1948,61.96
Spain,ESP,1948,61.31
Egypt,EGY,1948,36.2
Denmark,DNK,1948,70.09
Switzerland,CHE,1948,67.31
Canada,CAN,1948,67.25
Bulgaria,BGR,1948,55.83
Belgium,BEL,1948,64.92
Austria,AUT,1948,63.21
Australia,AUS,1948,68.47
United States,USA,1949,67.63
Ukraine,UKR,1949,60.6
Sweden,SWE,1949,70.81
Russia,RUS,1949,55
Portugal,PRT,1949,55.41
New Zealand,NZL,1949,68.95
Norway,NOR,1949,71.52
Netherlands,NLD,1949,70.29
Mexico,MEX,1949,45.8
Luxembourg,LUX,1949,64.84
Sri Lanka,LKA,1949,55.5
Japan,JPN,1949,57.72
Jamaica,JAM,1949,53.9
Italy,ITA,1949,64.15
Iceland,ISL,1949,71.39
Hungary,HUN,1949,61.291
United Kingdom,GBR,1949,68.11
France,FRA,1949,64.9
Finland,FIN,1949,61.89
Spain,ESP,1949,60.94
Egypt,EGY,1949,36.7
Denmark,DNK,1949,70.12
China,CHN,1949,41
Switzerland,CHE,1949,67.95
Canada,CAN,1949,67.59
Bulgaria,BGR,1949,57.99
Belgium,BEL,1949,65.43
Austria,AUT,1949,63.47
Australia,AUS,1949,69.09
Zimbabwe,ZWE,1950,49.4155
Zambia,ZMB,1950,46.8031
South Africa,ZAF,1950,43.1094
Yemen,YEM,1950,28.9343
Samoa,WSM,1950,49.1958
Wallis and Futuna,WLF,1950,44.1334
Vanuatu,VUT,1950,43.9263
Vietnam,VNM,1950,48.0407
United States Virgin Islands,VIR,1950,59.9024
British Virgin Islands,VGB,1950,53.3495
Venezuela,VEN,1950,51.1425
Saint Vincent and the Grenadines,VCT,1950,46.8972
Vatican,VAT,1950,65.8539
Uzbekistan,UZB,1950,53.3425
United States,USA,1950,68.0669
Uruguay,URY,1950,65.5744
Ukraine,UKR,1950,61.1744
Uganda,UGA,1950,39.7072
Tanzania,TZA,1950,41.0323
Taiwan,TWN,1950,56.5867
Tuvalu,TUV,1950,40.0069
Turkey,TUR,1950,47.2916
Tunisia,TUN,1950,38.2195
Trinidad and Tobago,TTO,1950,56.9789
Tonga,TON,1950,48.3759
East Timor,TLS,1950,29.1614
Turkmenistan,TKM,1950,48.097
Tokelau,TKL,1950,54.6919
Tajikistan,TJK,1950,49.3486
Thailand,THA,1950,45.1886
Togo,TGO,1950,41.926
Chad,TCD,1950,35.2304
Turks and Caicos Islands,TCA,1950,48.5669
Syria,SYR,1950,42.455
Seychelles,SYC,1950,57.8185
Sint Maarten (Dutch part),SXM,1950,62.4331
Eswatini,SWZ,1950,43.4381
Sweden,SWE,1950,71.1394
Slovenia,SVN,1950,61.8152
Slovakia,SVK,1950,60.7756
Suriname,SUR,1950,50.7024
Sao Tome and Principe,STP,1950,39.1287
South Sudan,SSD,1950,30.2055
Serbia,SRB,1950,55.0875
Saint Pierre and Miquelon,SPM,1950,62.9446
Somalia,SOM,1950,41.4532
San Marino,SMR,1950,71.5897
El Salvador,SLV,1950,44.195
Sierra Leone,SLE,1950,28.935
Solomon Islands,SLB,1950,41.429
Saint Helena,SHN,1950,66.0091
Singapore,SGP,1950,54.0923
Senegal,SEN,1950,36.4982
Sudan,SDN,1950,45.8061
Saudi Arabia,SAU,1950,40.0172
Rwanda,RWA,1950,43.18
Russia,RUS,1950,55.4723
Romania,ROU,1950,60.5083
Reunion,REU,1950,47.5602
Qatar,QAT,1950,50.7592
French Polynesia,PYF,1950,51.8591
Palestine,PSE,1950,45.748
Paraguay,PRY,1950,58.0547
Portugal,PRT,1950,58.4793
North Korea,PRK,1950,14.2015
Puerto Rico,PRI,1950,60.3681
Poland,POL,1950,58.3331
Papua New Guinea,PNG,1950,39.3589
Palau,PLW,1950,52.6748
Philippines,PHL,1950,53.5783
Peru,PER,1950,46.0317
Panama,PAN,1950,55.399
Pakistan,PAK,1950,34.2475
World,OWID_WRL,1950,46.3944
Kosovo,OWID_KOS,1950,43.4968
Oman,OMN,1950,29.3002
New Zealand,NZL,1950,69.2532
Nauru,NRU,1950,56.6094
Nepal,NPL,1950,37.5628
Norway,NOR,1950,71.5878
Netherlands,NLD,1950,71.4403
Niue,NIU,1950,54.5656
Nicaragua,NIC,1950,40.6302
Nigeria,NGA,1950,35.5275
Niger,NER,1950,35.9014
New Caledonia,NCL,1950,45.0952
Namibia,NAM,1950,41.9493
Mayotte,MYT,1950,42.2466
Malaysia,MYS,1950,48.4913
Malawi,MWI,1950,32.6601
Mauritius,MUS,1950,51.9377
Martinique,MTQ,1950,54.9522
Montserrat,MSR,1950,48.5869
Mauritania,MRT,1950,38.378
Mozambique,MOZ,1950,37.3296
Northern Mariana Islands,MNP,1950,58.2145
Mongolia,MNG,1950,38.5981
Montenegro,MNE,1950,58.0261
Myanmar,MMR,1950,35.6997
Malta,MLT,1950,63.4738
Mali,MLI,1950,28.731
North Macedonia,MKD,1950,50.6065
Marshall Islands,MHL,1950,52.6109
Mexico,MEX,1950,43.8357
Maldives,MDV,1950,36.4929
Madagascar,MDG,1950,39.6578
Moldova,MDA,1950,54.0332
Monaco,MCO,1950,68.0003
Morocco,MAR,1950,38.7684
Saint Martin (French part),MAF,1950,65.1184
Macao,MAC,1950,58.3315
Latvia,LVA,1950,64.5724
Luxembourg,LUX,1950,65.5467
Lithuania,LTU,1950,66.0682
Lesotho,LSO,1950,44.6294
Sri Lanka,LKA,1950,53.1686
Liechtenstein,LIE,1950,65.3378
Saint Lucia,LCA,1950,48.2891
Libya,LBY,1950,33.1116
Liberia,LBR,1950,37.9657
Lebanon,LBN,1950,59.8999
Laos,LAO,1950,38.9399
Kuwait,KWT,1950,49.7371
South Korea,KOR,1950,22.2262
Saint Kitts and Nevis,KNA,1950,54.7822
Kiribati,KIR,1950,45.7212
Cambodia,KHM,1950,38.8588
Kyrgyzstan,KGZ,1950,52.0598
Kenya,KEN,1950,36.8642
Kazakhstan,KAZ,1950,55.5941
Japan,JPN,1950,59.2548
Jordan,JOR,1950,40.8736
Jersey,JEY,1950,69.4202
Jamaica,JAM,1950,56.5614
Italy,ITA,1950,65.7249
Israel,ISR,1950,69.8613
Iceland,ISL,1950,71.0302
Iraq,IRQ,1950,37.3983
Iran,IRN,1950,38.1932
Ireland,IRL,1950,65.5775
India,IND,1950,41.1815
Isle of Man,IMN,1950,63.0618
Indonesia,IDN,1950,40.2067
Hungary,HUN,1950,62.1384
Haiti,HTI,1950,37.2445
Croatia,HRV,1950,58.4528
Honduras,HND,1950,41.0494
Hong Kong,HKG,1950,57.818
Guyana,GUY,1950,49.208
Guam,GUM,1950,59.5685
French Guiana,GUF,1950,47.7369
Guatemala,GTM,1950,37.7986
Greenland,GRL,1950,39.5027
Grenada,GRD,1950,52.7215
Greece,GRC,1950,66.213
Equatorial Guinea,GNQ,1950,40.1113
Guinea-Bissau,GNB,1950,35.736
Gambia,GMB,1950,31.1556
Guadeloupe,GLP,1950,53.0985
Guinea,GIN,1950,35.5857
Gibraltar,GIB,1950,65.104
Ghana,GHA,1950,43.0716
Guernsey,GGY,1950,71.2314
Georgia,GEO,1950,57.7105
United Kingdom,GBR,1950,68.631
Gabon,GAB,1950,39.2682
Micronesia (country),FSM,1950,48.3555
Faroe Islands,FRO,1950,60.5695
France,FRA,1950,66.3819
Falkland Islands,FLK,1950,49.4809
Fiji,FJI,1950,51.7077
Finland,FIN,1950,64.2011
Ethiopia,ETH,1950,35.5116
Estonia,EST,1950,66.3621
Spain,ESP,1950,61.7542
Western Sahara,ESH,1950,34.9266
Eritrea,ERI,1950,33.2935
Egypt,EGY,1950,33.95
Ecuador,ECU,1950,48.4493
Algeria,DZA,1950,42.6787
Dominican Republic,DOM,1950,44.0649
Denmark,DNK,1950,70.3084
Dominica,DMA,1950,44.4897
Djibouti,DJI,1950,40.7277
Germany,DEU,1950,66.8112
Czechia,CZE,1950,64.4058
Cyprus,CYP,1950,55.8276
Cayman Islands,CYM,1950,54.005
Curacao,CUW,1950,60.2906
Cuba,CUB,1950,58.9889
Costa Rica,CRI,1950,57.4605
Cape Verde,CPV,1950,44.9445
Comoros,COM,1950,37.3921
Colombia,COL,1950,48.285
Cook Islands,COK,1950,37.9498
Congo,COG,1950,39.6023
Democratic Republic of Congo,COD,1950,38.2161
Cameroon,CMR,1950,33.0908
Cote d'Ivoire,CIV,1950,30.8325
China,CHN,1950,43.8289
Chile,CHL,1950,53.1513
Switzerland,CHE,1950,68.9133
Canada,CAN,1950,68.2146
Central African Republic,CAF,1950,35.4449
Botswana,BWA,1950,46.1706
Bhutan,BTN,1950,35.3081
Brunei,BRN,1950,50.5645
Barbados,BRB,1950,53.5923
Brazil,BRA,1950,48.5286
Bolivia,BOL,1950,40.7034
Bermuda,BMU,1950,60.3573
Belize,BLZ,1950,49.205
Belarus,BLR,1950,58.6416
Saint Barthelemy,BLM,1950,53.9687
Bosnia and Herzegovina,BIH,1950,47.3318
Bahamas,BHS,1950,58.8933
Bahrain,BHR,1950,38.6019
Bulgaria,BGR,1950,61.4691
Bangladesh,BGD,1950,37.4114
Burkina Faso,BFA,1950,33.0262
Bonaire Sint Eustatius and Saba,BES,1950,61.5189
Benin,BEN,1950,35.3964
Belgium,BEL,1950,66.3066
Burundi,BDI,1950,40.9382
Azerbaijan,AZE,1950,46.2883
Austria,AUT,1950,64.8131
Australia,AUS,1950,69
Antigua and Barbuda,ATG,1950,58.0996
American Samoa,ASM,1950,59.1675
Armenia,ARM,1950,54.5541
Argentina,ARG,1950,61.2746
United Arab Emirates,ARE,1950,42.1482
Andorra,AND,1950,67.1591
Albania,ALB,1950,44.5214
Anguilla,AIA,1950,55.0563
Angola,AGO,1950,35.8661
Afghanistan,AFG,1950,28.1563
Aruba,ABW,1950,57.9872
Zimbabwe,ZWE,1951,49.8355
Zambia,ZMB,1951,47.1678
South Africa,ZAF,1951,44.0558
Yemen,YEM,1951,29.2844
Samoa,WSM,1951,49.8011
Wallis and Futuna,WLF,1951,44.2549
Vanuatu,VUT,1951,42.1889
Vietnam,VNM,1951,48.6995
United States Virgin Islands,VIR,1951,57.1111
British Virgin Islands,VGB,1951,54.2581
Venezuela,VEN,1951,51.9889
Saint Vincent and the Grenadines,VCT,1951,48.584
Vatican,VAT,1951,65.2538
Uzbekistan,UZB,1951,53.6568
United States,USA,1951,68.1743
Uruguay,URY,1951,65.8415
Ukraine,UKR,1951,61.3636
Uganda,UGA,1951,40.2192
Tanzania,TZA,1951,41.182
Taiwan,TWN,1951,57.1895
Tuvalu,TUV,1951,40.8347
Turkey,TUR,1951,47.6043
Tunisia,TUN,1951,38.7171
Trinidad and Tobago,TTO,1951,57.3334
Tonga,TON,1951,49.7935
East Timor,TLS,1951,29.4614
Turkmenistan,TKM,1951,48.5581
Tokelau,TKL,1951,55.0554
Tajikistan,TJK,1951,49.6368
Thailand,THA,1951,45.9204
Togo,TGO,1951,42.073
Chad,TCD,1951,35.4514
Turks and Caicos Islands,TCA,1951,49.4441
Syria,SYR,1951,43.4491
Seychelles,SYC,1951,58.037
Sint Maarten (Dutch part),SXM,1951,63.1264
Eswatini,SWZ,1951,43.7396
Sweden,SWE,1951,71.3638
Slovenia,SVN,1951,62.3464
Slovakia,SVK,1951,61.146
Suriname,SUR,1951,51.0736
Sao Tome and Principe,STP,1951,39.1254
South Sudan,SSD,1951,30.6301
Serbia,SRB,1951,55.6122
Saint Pierre and Miquelon,SPM,1951,63.298
Somalia,SOM,1951,41.6645
San Marino,SMR,1951,71.7136
El Salvador,SLV,1951,43.81
Sierra Leone,SLE,1951,29.2915
Solomon Islands,SLB,1951,41.9985
Saint Helena,SHN,1951,66.2312
Singapore,SGP,1951,55.2599
Senegal,SEN,1951,36.9124
Sudan,SDN,1951,46.2321
Saudi Arabia,SAU,1951,40.5509
Rwanda,RWA,1951,43.4735
Russia,RUS,1951,55.2662
Romania,ROU,1951,61.1601
Reunion,REU,1951,48.6476
Qatar,QAT,1951,51.4555
French Polynesia,PYF,1951,52.8434
Palestine,PSE,1951,46.0262
Paraguay,PRY,1951,58.2632
Portugal,PRT,1951,58.7495
North Korea,PRK,1951,17.6635
Puerto Rico,PRI,1951,60.2649
Poland,POL,1951,58.8567
Papua New Guinea,PNG,1951,35.4834
Palau,PLW,1951,52.868
Philippines,PHL,1951,54.0789
Peru,PER,1951,46.4634
Panama,PAN,1951,55.8829
Pakistan,PAK,1951,35.3814
World,OWID_WRL,1951,47.1259
Kosovo,OWID_KOS,1951,42.1512
Oman,OMN,1951,29.7658
New Zealand,NZL,1951,69.1286
Nauru,NRU,1951,56.7633
Nepal,NPL,1951,37.6076
Norway,NOR,1951,72.5258
Netherlands,NLD,1951,71.4982
Niue,NIU,1951,54.9476
Nicaragua,NIC,1951,40.8046
Nigeria,NGA,1951,35.7202
Niger,NER,1951,35.9035
New Caledonia,NCL,1951,45.7237
Namibia,NAM,1951,42.4977
Mayotte,MYT,1951,43.5732
Malaysia,MYS,1951,49.2215
Malawi,MWI,1951,32.8244
Mauritius,MUS,1951,52.4701
Martinique,MTQ,1951,54.2114
Montserrat,MSR,1951,49.6499
Mauritania,MRT,1951,38.8458
Mozambique,MOZ,1951,37.7352
Northern Mariana Islands,MNP,1951,58.5364
Mongolia,MNG,1951,39.0525
Montenegro,MNE,1951,58.5473
Myanmar,MMR,1951,36.5134
Malta,MLT,1951,63.9128
Mali,MLI,1951,28.9102
North Macedonia,MKD,1951,48.5177
Marshall Islands,MHL,1951,52.6716
Mexico,MEX,1951,44.7707
Maldives,MDV,1951,37.0766
Madagascar,MDG,1951,39.9402
Moldova,MDA,1951,54.5175
Monaco,MCO,1951,68.3578
Morocco,MAR,1951,39.1455
Saint Martin (French part),MAF,1951,65.3528
Macao,MAC,1951,58.8218
Latvia,LVA,1951,65.1838
Luxembourg,LUX,1951,65.8563
Lithuania,LTU,1951,66.1478
Lesotho,LSO,1951,45.2165
Sri Lanka,LKA,1951,53.9808
Liechtenstein,LIE,1951,65.8488
Saint Lucia,LCA,1951,49.8156
Libya,LBY,1951,33.4718
Liberia,LBR,1951,38.0238
Lebanon,LBN,1951,60.3297
Laos,LAO,1951,39.1722
Kuwait,KWT,1951,50.579
South Korea,KOR,1951,26.6418
Saint Kitts and Nevis,KNA,1951,55.2266
Kiribati,KIR,1951,45.8083
Cambodia,KHM,1951,39.0371
Kyrgyzstan,KGZ,1951,52.3684
Kenya,KEN,1951,38.0363
Kazakhstan,KAZ,1951,55.8532
Japan,JPN,1951,60.9885
Jordan,JOR,1951,42.0235
Jersey,JEY,1951,69.5731
Jamaica,JAM,1951,57.1329
Italy,ITA,1951,65.322
Israel,ISR,1951,67.6276
Iceland,ISL,1951,71.005
Iraq,IRQ,1951,38.9684
Iran,IRN,1951,38.6607
Ireland,IRL,1951,64.754
India,IND,1951,41.5954
Isle of Man,IMN,1951,63.3565
Indonesia,IDN,1951,40.8337
Hungary,HUN,1951,62.4732
Haiti,HTI,1951,38.0817
Croatia,HRV,1951,59.0304
Honduras,HND,1951,41.59
Hong Kong,HKG,1951,58.7156
Guyana,GUY,1951,50.2329
Guam,GUM,1951,59.8589
French Guiana,GUF,1951,48.424
Guatemala,GTM,1951,38.344
Greenland,GRL,1951,41.0852
Grenada,GRD,1951,53.8309
Greece,GRC,1951,66.7349
Equatorial Guinea,GNQ,1951,40.3708
Guinea-Bissau,GNB,1951,35.9123
Gambia,GMB,1951,31.4513
Guadeloupe,GLP,1951,53.8282
Guinea,GIN,1951,35.6471
Gibraltar,GIB,1951,65.2862
Ghana,GHA,1951,43.594
Guernsey,GGY,1951,71.7147
Georgia,GEO,1951,58.0493
United Kingdom,GBR,1951,68.2386
Gabon,GAB,1951,39.9781
Micronesia (country),FSM,1951,48.94
Faroe Islands,FRO,1951,61.6664
France,FRA,1951,66.0968
Falkland Islands,FLK,1951,49.682
Fiji,FJI,1951,52.2033
Finland,FIN,1951,65.6347
Ethiopia,ETH,1951,35.8635
Estonia,EST,1951,66.75
Spain,ESP,1951,61.4821
Western Sahara,ESH,1951,35.2914
Eritrea,ERI,1951,33.6377
Egypt,EGY,1951,35.2832
Ecuador,ECU,1951,48.8974
Algeria,DZA,1951,43.3012
Dominican Republic,DOM,1951,44.8254
Denmark,DNK,1951,70.9243
Dominica,DMA,1951,46.3171
Djibouti,DJI,1951,41.0363
Germany,DEU,1951,67.1418
Czechia,CZE,1951,65.2674
Cyprus,CYP,1951,56.7619
Cayman Islands,CYM,1951,54.4927
Curacao,CUW,1951,60.9666
Cuba,CUB,1951,59.4082
Costa Rica,CRI,1951,57.8193
Cape Verde,CPV,1951,45.5518
Comoros,COM,1951,34.329
Colombia,COL,1951,48.9623
Cook Islands,COK,1951,39.5695
Congo,COG,1951,40.3449
Democratic Republic of Congo,COD,1951,38.5138
Cameroon,CMR,1951,33.8693
Cote d'Ivoire,CIV,1951,31.3838
China,CHN,1951,44.5567
Chile,CHL,1951,53.5373
Switzerland,CHE,1951,68.6939
Canada,CAN,1951,68.5075
Central African Republic,CAF,1951,35.844
Botswana,BWA,1951,46.5906
Bhutan,BTN,1951,35.3322
Brunei,BRN,1951,51.5375
Barbados,BRB,1951,54.7061
Brazil,BRA,1951,49.0447
Bolivia,BOL,1951,40.9288
Bermuda,BMU,1951,60.6121
Belize,BLZ,1951,49.9327
Belarus,BLR,1951,59.3877
Saint Barthelemy,BLM,1951,55.0341
Bosnia and Herzegovina,BIH,1951,48.3693
Bahamas,BHS,1951,59.2012
Bahrain,BHR,1951,39.2701
Bulgaria,BGR,1951,60.692
Bangladesh,BGD,1951,38.1362
Burkina Faso,BFA,1951,33.3732
Bonaire Sint Eustatius and Saba,BES,1951,62.7357
Benin,BEN,1951,35.6951
Belgium,BEL,1951,66.7477
Burundi,BDI,1951,41.2292
Azerbaijan,AZE,1951,46.64
Austria,AUT,1951,65.2225
Australia,AUS,1951,68.6995
Antigua and Barbuda,ATG,1951,58.6041
American Samoa,ASM,1951,59.6538
Armenia,ARM,1951,55.0359
Argentina,ARG,1951,61.7087
United Arab Emirates,ARE,1951,42.8857
Andorra,AND,1951,67.5312
Albania,ALB,1951,45.2742
Anguilla,AIA,1951,55.5932
Angola,AGO,1951,36.0462
Afghanistan,AFG,1951,28.5836
Aruba,ABW,1951,58.7287
Zimbabwe,ZWE,1952,50.2394
Zambia,ZMB,1952,47.5749
South Africa,ZAF,1952,45.0469
Yemen,YEM,1952,29.6249
Samoa,WSM,1952,50.3844
Wallis and Futuna,WLF,1952,44.4029
Vanuatu,VUT,1952,45.2812
Vietnam,VNM,1952,49.3766
United States Virgin Islands,VIR,1952,58.8824
British Virgin Islands,VGB,1952,55.2191
Venezuela,VEN,1952,52.6918
Saint Vincent and the Grenadines,VCT,1952,49.518
Vatican,VAT,1952,65.7055
Uzbekistan,UZB,1952,53.96
United States,USA,1952,68.38
Uruguay,URY,1952,66.0557
Ukraine,UKR,1952,62.0659
Uganda,UGA,1952,40.7535
Tanzania,TZA,1952,41.3568
Taiwan,TWN,1952,57.9069
Tuvalu,TUV,1952,41.6565
Turkey,TUR,1952,48.1208
Tunisia,TUN,1952,39.3069
Trinidad and Tobago,TTO,1952,57.6841
Tonga,TON,1952,51.158
East Timor,TLS,1952,29.7633
Turkmenistan,TKM,1952,48.9714
Tokelau,TKL,1952,55.4759
Tajikistan,TJK,1952,49.9336
Thailand,THA,1952,46.498
Togo,TGO,1952,42.1961
Chad,TCD,1952,35.8555
Turks and Caicos Islands,TCA,1952,50.2995
Syria,SYR,1952,44.3394
Seychelles,SYC,1952,58.3643
Sint Maarten (Dutch part),SXM,1952,63.08
Eswatini,SWZ,1952,44.0092
Sweden,SWE,1952,71.8453
Slovenia,SVN,1952,63.8311
Slovakia,SVK,1952,64.3036
Suriname,SUR,1952,51.4014
Sao Tome and Principe,STP,1952,39.1425
South Sudan,SSD,1952,30.9786
Serbia,SRB,1952,57.4065
Saint Pierre and Miquelon,SPM,1952,63.624
Somalia,SOM,1952,41.8748
San Marino,SMR,1952,71.8922
El Salvador,SLV,1952,44.7525
Sierra Leone,SLE,1952,29.7381
Solomon Islands,SLB,1952,42.6304
Saint Helena,SHN,1952,66.4299
Singapore,SGP,1952,56.4258
Senegal,SEN,1952,37.3701
Sudan,SDN,1952,46.4848
Saudi Arabia,SAU,1952,41.0691
Rwanda,RWA,1952,43.7749
Russia,RUS,1952,57.5908
Romania,ROU,1952,61.8284
Reunion,REU,1952,50.1082
Qatar,QAT,1952,52.1425
French Polynesia,PYF,1952,53.7748
Palestine,PSE,1952,46.3004
Paraguay,PRY,1952,58.37
Portugal,PRT,1952,59.7605
North Korea,PRK,1952,32.7909
Puerto Rico,PRI,1952,61.7906
Poland,POL,1952,59.6938
Papua New Guinea,PNG,1952,40.6763
Palau,PLW,1952,53.0701
Philippines,PHL,1952,54.6973
Peru,PER,1952,46.7624
Panama,PAN,1952,56.3627
Pakistan,PAK,1952,36.4967
World,OWID_WRL,1952,48.2183
Kosovo,OWID_KOS,1952,43.9478
Oman,OMN,1952,30.2352
New Zealand,NZL,1952,69.3765
Nauru,NRU,1952,56.9675
Nepal,NPL,1952,37.6544
Norway,NOR,1952,72.6501
Netherlands,NLD,1952,72.1175
Niue,NIU,1952,55.3607
Nicaragua,NIC,1952,41.8605
Nigeria,NGA,1952,35.8773
Niger,NER,1952,35.9139
New Caledonia,NCL,1952,46.4602
Namibia,NAM,1952,43.1469
Mayotte,MYT,1952,44.8327
Malaysia,MYS,1952,50.1479
Malawi,MWI,1952,32.9852
Mauritius,MUS,1952,52.1052
Martinique,MTQ,1952,54.8901
Montserrat,MSR,1952,50.6922
Mauritania,MRT,1952,39.1971
Mozambique,MOZ,1952,38.1
Northern Mariana Islands,MNP,1952,58.8271
Mongolia,MNG,1952,39.4042
Montenegro,MNE,1952,59.0558
Myanmar,MMR,1952,37.7278
Malta,MLT,1952,64.0584
Mali,MLI,1952,29.1391
North Macedonia,MKD,1952,52.5116
Marshall Islands,MHL,1952,52.7329
Mexico,MEX,1952,45.6679
Maldives,MDV,1952,36.9984
Madagascar,MDG,1952,40.3407
Moldova,MDA,1952,55.0837
Monaco,MCO,1952,68.9097
Morocco,MAR,1952,39.5592
Saint Martin (French part),MAF,1952,65.3606
Macao,MAC,1952,59.2897
Latvia,LVA,1952,65.7055
Luxembourg,LUX,1952,66.1218
Lithuania,LTU,1952,66.231
Lesotho,LSO,1952,45.9041
Sri Lanka,LKA,1952,54.859
Liechtenstein,LIE,1952,66.2266
Saint Lucia,LCA,1952,52.431
Libya,LBY,1952,33.8006
Liberia,LBR,1952,38.0518
Lebanon,LBN,1952,60.7644
Laos,LAO,1952,39.4274
Kuwait,KWT,1952,51.4161
South Korea,KOR,1952,36.5663
Saint Kitts and Nevis,KNA,1952,55.6627
Kiribati,KIR,1952,45.8952
Cambodia,KHM,1952,39.3388
Kyrgyzstan,KGZ,1952,52.6194
Kenya,KEN,1952,38.6409
Kazakhstan,KAZ,1952,56.105
Japan,JPN,1952,62.9959
Jordan,JOR,1952,43.2198
Jersey,JEY,1952,69.7941
Jamaica,JAM,1952,58.1103
Italy,ITA,1952,65.914
Israel,ISR,1952,67.2194
Iceland,ISL,1952,72.4098
Iraq,IRQ,1952,40.5238
Iran,IRN,1952,39.1504
Ireland,IRL,1952,67.167
India,IND,1952,42.0866
Isle of Man,IMN,1952,63.6399
Indonesia,IDN,1952,41.5387
Hungary,HUN,1952,63.9297
Haiti,HTI,1952,38.7781
Croatia,HRV,1952,59.8436
Honduras,HND,1952,42.0228
Hong Kong,HKG,1952,59.7724
Guyana,GUY,1952,51.2855
Guam,GUM,1952,60.2082
French Guiana,GUF,1952,48.9894
Guatemala,GTM,1952,38.9168
Greenland,GRL,1952,42.848
Grenada,GRD,1952,54.8063
Greece,GRC,1952,67.3232
Equatorial Guinea,GNQ,1952,40.6297
Guinea-Bissau,GNB,1952,36.0867
Gambia,GMB,1952,31.7093
Guadeloupe,GLP,1952,54.1753
Guinea,GIN,1952,35.7263
Gibraltar,GIB,1952,65.6365
Ghana,GHA,1952,44.0368
Guernsey,GGY,1952,72.6817
Georgia,GEO,1952,58.404
United Kingdom,GBR,1952,69.5267
Gabon,GAB,1952,40.7373
Micronesia (country),FSM,1952,49.4735
Faroe Islands,FRO,1952,62.7137
France,FRA,1952,67.3912
Falkland Islands,FLK,1952,49.8895
Fiji,FJI,1952,52.6019
Finland,FIN,1952,66.5243
Ethiopia,ETH,1952,36.2224
Estonia,EST,1952,67.1535
Spain,ESP,1952,64.8283
Western Sahara,ESH,1952,35.6545
Eritrea,ERI,1952,34.0018
Egypt,EGY,1952,36.597
Ecuador,ECU,1952,49.2348
Algeria,DZA,1952,43.4651
Dominican Republic,DOM,1952,45.5713
Denmark,DNK,1952,70.7599
Dominica,DMA,1952,48.1599
Djibouti,DJI,1952,41.2296
Germany,DEU,1952,67.4591
Czechia,CZE,1952,66.8633
Cyprus,CYP,1952,57.6776
Cayman Islands,CYM,1952,54.964
Curacao,CUW,1952,61.5868
Cuba,CUB,1952,59.8299
Costa Rica,CRI,1952,58.1135
Cape Verde,CPV,1952,46.1506
Comoros,COM,1952,38.0401
Colombia,COL,1952,49.8149
Cook Islands,COK,1952,41.2301
Congo,COG,1952,41.0869
Democratic Republic of Congo,COD,1952,38.8561
Cameroon,CMR,1952,34.6187
Cote d'Ivoire,CIV,1952,31.9591
China,CHN,1952,45.3416
Chile,CHL,1952,53.929
Switzerland,CHE,1952,69.5876
Canada,CAN,1952,68.6817
Central African Republic,CAF,1952,36.2463
Botswana,BWA,1952,47.0391
Bhutan,BTN,1952,35.3538
Brunei,BRN,1952,52.4393
Barbados,BRB,1952,55.9316
Brazil,BRA,1952,49.5531
Bolivia,BOL,1952,41.0405
Bermuda,BMU,1952,61.0705
Belize,BLZ,1952,50.6587
Belarus,BLR,1952,60.4511
Saint Barthelemy,BLM,1952,56.5937
Bosnia and Herzegovina,BIH,1952,49.4351
Bahamas,BHS,1952,59.5782
Bahrain,BHR,1952,39.934
Bulgaria,BGR,1952,59.5744
Bangladesh,BGD,1952,38.8443
Burkina Faso,BFA,1952,33.6027
Bonaire Sint Eustatius and Saba,BES,1952,66.0646
Benin,BEN,1952,35.9878
Belgium,BEL,1952,67.9672
Burundi,BDI,1952,41.4802
Azerbaijan,AZE,1952,47.0081
Austria,AUT,1952,66.7483
Australia,AUS,1952,69.1125
Antigua and Barbuda,ATG,1952,59.0191
American Samoa,ASM,1952,60.2294
Armenia,ARM,1952,55.5107
Argentina,ARG,1952,62.4656
United Arab Emirates,ARE,1952,43.6352
Andorra,AND,1952,67.9474
Albania,ALB,1952,46.281
Anguilla,AIA,1952,56.0813
Angola,AGO,1952,36.2235
Afghanistan,AFG,1952,29.0138
Aruba,ABW,1952,59.4455
Zimbabwe,ZWE,1953,50.6334
Zambia,ZMB,1953,47.9877
South Africa,ZAF,1953,46.0535
Yemen,YEM,1953,30.0261
Samoa,WSM,1953,51.0015
Wallis and Futuna,WLF,1953,44.6813
Vanuatu,VUT,1953,45.8223
Vietnam,VNM,1953,49.9591
United States Virgin Islands,VIR,1953,61.453
British Virgin Islands,VGB,1953,56.2327
Venezuela,VEN,1953,53.3997
Saint Vincent and the Grenadines,VCT,1953,51.1003
Vatican,VAT,1953,66.2586
Uzbekistan,UZB,1953,54.2603
United States,USA,1953,68.7112
Uruguay,URY,1953,66.2601
Ukraine,UKR,1953,63.022
Uganda,UGA,1953,41.2948
Tanzania,TZA,1953,41.5076
Taiwan,TWN,1953,58.5569
Tuvalu,TUV,1953,42.4521
Turkey,TUR,1953,48.2011
Tunisia,TUN,1953,39.7466
Trinidad and Tobago,TTO,1953,58.2512
Tonga,TON,1953,52.4497
East Timor,TLS,1953,30.0653
Turkmenistan,TKM,1953,49.3648
Tokelau,TKL,1953,55.7981
Tajikistan,TJK,1953,50.1992
Thailand,THA,1953,47.0656
Togo,TGO,1953,42.315
Chad,TCD,1953,36.2833
Turks and Caicos Islands,TCA,1953,51.13
Syria,SYR,1953,45.3291
Seychelles,SYC,1953,58.6858
Sint Maarten (Dutch part),SXM,1953,63.6883
Eswatini,SWZ,1953,44.2839
Sweden,SWE,1953,71.9037
Slovenia,SVN,1953,65.3235
Slovakia,SVK,1953,65.65
Suriname,SUR,1953,52.1019
Sao Tome and Principe,STP,1953,39.1162
South Sudan,SSD,1953,31.3596
Serbia,SRB,1953,59.7739
Saint Pierre and Miquelon,SPM,1953,63.9499
Somalia,SOM,1953,42.0846
San Marino,SMR,1953,72.0392
El Salvador,SLV,1953,44.9885
Sierra Leone,SLE,1953,30.1252
Solomon Islands,SLB,1953,43.1602
Saint Helena,SHN,1953,66.6906
Singapore,SGP,1953,57.4671
Senegal,SEN,1953,37.785
Sudan,SDN,1953,46.9109
Saudi Arabia,SAU,1953,41.5794
Rwanda,RWA,1953,44.0922
Russia,RUS,1953,58.7849
Romania,ROU,1953,62.4742
Reunion,REU,1953,51.465
Qatar,QAT,1953,52.8275
French Polynesia,PYF,1953,54.7244
Palestine,PSE,1953,46.5837
Paraguay,PRY,1953,58.4903
Portugal,PRT,1953,61.0752
North Korea,PRK,1953,40.2559
Puerto Rico,PRI,1953,64.4748
Poland,POL,1953,61.3137
Papua New Guinea,PNG,1953,41.3373
Palau,PLW,1953,53.2739
Philippines,PHL,1953,55.3953
Peru,PER,1953,47.0997
Panama,PAN,1953,56.8348
Pakistan,PAK,1953,37.5958
World,OWID_WRL,1953,48.809
Kosovo,OWID_KOS,1953,43.4744
Oman,OMN,1953,30.7203
New Zealand,NZL,1953,70.2136
Nauru,NRU,1953,57.1585
Nepal,NPL,1953,37.6915
Norway,NOR,1953,73.1485
Netherlands,NLD,1953,71.6981
Niue,NIU,1953,55.7751
Nicaragua,NIC,1953,42.4472
Nigeria,NGA,1953,36.0395
Niger,NER,1953,35.927
New Caledonia,NCL,1953,47.1701
Namibia,NAM,1953,43.7514
Mayotte,MYT,1953,46.1388
Malaysia,MYS,1953,51.1297
Malawi,MWI,1953,33.164
Mauritius,MUS,1953,51.5049
Martinique,MTQ,1953,57.6327
Montserrat,MSR,1953,51.7129
Mauritania,MRT,1953,39.6001
Mozambique,MOZ,1953,38.5055
Northern Mariana Islands,MNP,1953,59.1467
Mongolia,MNG,1953,39.7713
Montenegro,MNE,1953,59.6883
Myanmar,MMR,1953,38.6044
Malta,MLT,1953,64.2976
Mali,MLI,1953,29.3921
North Macedonia,MKD,1953,53.1549
Marshall Islands,MHL,1953,52.805
Mexico,MEX,1953,47.0446
Maldives,MDV,1953,36.9461
Madagascar,MDG,1953,40.6562
Moldova,MDA,1953,55.6684
Monaco,MCO,1953,69.5604
Morocco,MAR,1953,39.9553
Saint Martin (French part),MAF,1953,65.6243
Macao,MAC,1953,59.7456
Latvia,LVA,1953,66.226
Luxembourg,LUX,1953,66.3945
Lithuania,LTU,1953,66.3405
Lesotho,LSO,1953,46.5797
Sri Lanka,LKA,1953,55.6499
Liechtenstein,LIE,1953,66.887
Saint Lucia,LCA,1953,53.2207
Libya,LBY,1953,34.1825
Liberia,LBR,1953,38.0767
Lebanon,LBN,1953,61.1769
Laos,LAO,1953,39.7294
Kuwait,KWT,1953,52.2637
South Korea,KOR,1953,40.5054
Saint Kitts and Nevis,KNA,1953,56.0432
Kiribati,KIR,1953,45.9969
Cambodia,KHM,1953,39.6179
Kyrgyzstan,KGZ,1953,52.9196
Kenya,KEN,1953,39.8175
Kazakhstan,KAZ,1953,56.3512
Japan,JPN,1953,63.3252
Jordan,JOR,1953,44.4487
Jersey,JEY,1953,69.9704
Jamaica,JAM,1953,58.8746
Italy,ITA,1953,66.5789
Israel,ISR,1953,66.4153
Iceland,ISL,1953,72.2826
Iraq,IRQ,1953,42.0755
Iran,IRN,1953,39.5111
Ireland,IRL,1953,67.9102
India,IND,1953,42.3863
Isle of Man,IMN,1953,64.113
Indonesia,IDN,1953,42.2083
Hungary,HUN,1953,63.8508
Haiti,HTI,1953,39.5265
Croatia,HRV,1953,61.4886
Honduras,HND,1953,42.529
Hong Kong,HKG,1953,60.8631
Guyana,GUY,1953,52.3659
Guam,GUM,1953,60.5372
French Guiana,GUF,1953,49.5375
Guatemala,GTM,1953,39.499
Greenland,GRL,1953,44.6545
Grenada,GRD,1953,55.731
Greece,GRC,1953,67.4679
Equatorial Guinea,GNQ,1953,40.8892
Guinea-Bissau,GNB,1953,36.2602
Gambia,GMB,1953,31.9172
Guadeloupe,GLP,1953,54.9993
Guinea,GIN,1953,35.8013
Gibraltar,GIB,1953,66.18
Ghana,GHA,1953,44.5057
Guernsey,GGY,1953,71.4649
Georgia,GEO,1953,58.7675
United Kingdom,GBR,1953,69.8047
Gabon,GAB,1953,41.483
Micronesia (country),FSM,1953,50.009
Faroe Islands,FRO,1953,63.9034
France,FRA,1953,67.3191
Falkland Islands,FLK,1953,50.3205
Fiji,FJI,1953,53.3539
Finland,FIN,1953,66.6003
Ethiopia,ETH,1953,36.5587
Estonia,EST,1953,67.4981
Spain,ESP,1953,65.7308
Western Sahara,ESH,1953,36.0184
Eritrea,ERI,1953,34.3762
Egypt,EGY,1953,37.8686
Ecuador,ECU,1953,49.562
Algeria,DZA,1953,43.6004
Dominican Republic,DOM,1953,46.3497
Denmark,DNK,1953,71.1723
Dominica,DMA,1953,49.9925
Djibouti,DJI,1953,41.484
Germany,DEU,1953,67.7647
Czechia,CZE,1953,67.5532
Cyprus,CYP,1953,58.3717
Cayman Islands,CYM,1953,55.4229
Curacao,CUW,1953,62.1379
Cuba,CUB,1953,60.2446
Costa Rica,CRI,1953,59.0586
Cape Verde,CPV,1953,46.3954
Comoros,COM,1953,38.3791
Colombia,COL,1953,50.6142
Cook Islands,COK,1953,42.7726
Congo,COG,1953,41.855
Democratic Republic of Congo,COD,1953,39.1412
Cameroon,CMR,1953,35.5222
Cote d'Ivoire,CIV,1953,32.5476
China,CHN,1953,45.9092
Chile,CHL,1953,54.3125
Switzerland,CHE,1953,69.5183
Canada,CAN,1953,69.067
Central African Republic,CAF,1953,36.6366
Botswana,BWA,1953,47.5007
Bhutan,BTN,1953,35.3869
Brunei,BRN,1953,53.3217
Barbados,BRB,1953,56.9651
Brazil,BRA,1953,49.9883
Bolivia,BOL,1953,41.4209
Bermuda,BMU,1953,61.8184
Belize,BLZ,1953,51.3821
Belarus,BLR,1953,61.4858
Saint Barthelemy,BLM,1953,57.5689
Bosnia and Herzegovina,BIH,1953,51.0856
Bahamas,BHS,1953,59.9504
Bahrain,BHR,1953,40.7141
Bulgaria,BGR,1953,64.1912
Bangladesh,BGD,1953,39.4449
Burkina Faso,BFA,1953,33.8987
Bonaire Sint Eustatius and Saba,BES,1953,65.8199
Benin,BEN,1953,36.315
Belgium,BEL,1953,68.3562
Burundi,BDI,1953,41.7429
Azerbaijan,AZE,1953,47.435
Austria,AUT,1953,67.2543
Australia,AUS,1953,69.6911
Antigua and Barbuda,ATG,1953,59.4337
American Samoa,ASM,1953,60.7987
Armenia,ARM,1953,55.9801
Argentina,ARG,1953,62.4599
United Arab Emirates,ARE,1953,44.4072
Andorra,AND,1953,68.607
Albania,ALB,1953,47.3686
Anguilla,AIA,1953,56.5817
Angola,AGO,1953,36.4338
Afghanistan,AFG,1953,29.4521
Aruba,ABW,1953,60.1194
Zimbabwe,ZWE,1954,51.024
Zambia,ZMB,1954,48.3643
South Africa,ZAF,1954,47.1192
Yemen,YEM,1954,30.4133
Samoa,WSM,1954,51.5971
Wallis and Futuna,WLF,1954,45.0068
Vanuatu,VUT,1954,46.4791
Vietnam,VNM,1954,52.0031
United States Virgin Islands,VIR,1954,63.8139
British Virgin Islands,VGB,1954,57.3683
Venezuela,VEN,1954,54.1019
Saint Vincent and the Grenadines,VCT,1954,52.7282
Vatican,VAT,1954,67.4853
Uzbekistan,UZB,1954,54.5617
United States,USA,1954,69.4996
Uruguay,URY,1954,66.4753
Ukraine,UKR,1954,64.1259
Uganda,UGA,1954,41.8395
Tanzania,TZA,1954,41.6559
Taiwan,TWN,1954,58.9324
Tuvalu,TUV,1954,43.3518
Turkey,TUR,1954,48.8018
Tunisia,TUN,1954,40.0017
Trinidad and Tobago,TTO,1954,59.0761
Tonga,TON,1954,53.5616
East Timor,TLS,1954,30.3683
Turkmenistan,TKM,1954,49.7609
Tokelau,TKL,1954,56.2074
Tajikistan,TJK,1954,50.5135
Thailand,THA,1954,47.6198
Togo,TGO,1954,42.4893
Chad,TCD,1954,36.7859
Turks and Caicos Islands,TCA,1954,51.9
Syria,SYR,1954,46.3514
Seychelles,SYC,1954,58.9973
Sint Maarten (Dutch part),SXM,1954,64.1268
Eswatini,SWZ,1954,44.5868
Sweden,SWE,1954,72.3527
Slovenia,SVN,1954,66.0659
Slovakia,SVK,1954,66.6908
Suriname,SUR,1954,52.7862
Sao Tome and Principe,STP,1954,39.1552
South Sudan,SSD,1954,31.6986
Serbia,SRB,1954,60.6912
Saint Pierre and Miquelon,SPM,1954,64.3239
Somalia,SOM,1954,42.2941
San Marino,SMR,1954,72.1901
El Salvador,SLV,1954,45.5112
Sierra Leone,SLE,1954,30.5166
Solomon Islands,SLB,1954,43.7397
Saint Helena,SHN,1954,67.038
Singapore,SGP,1954,59.4233
Senegal,SEN,1954,38.1722
Sudan,SDN,1954,47.3154
Saudi Arabia,SAU,1954,42.0885
Rwanda,RWA,1954,44.4288
Russia,RUS,1954,59.9205
Romania,ROU,1954,62.9543
Reunion,REU,1954,52.9912
Qatar,QAT,1954,53.5147
French Polynesia,PYF,1954,55.5849
Palestine,PSE,1954,46.8869
Paraguay,PRY,1954,58.6229
Portugal,PRT,1954,62.197
North Korea,PRK,1954,50.6336
Puerto Rico,PRI,1954,65.596
Poland,POL,1954,62.2827
Papua New Guinea,PNG,1954,41.9529
Palau,PLW,1954,53.4777
Philippines,PHL,1954,55.9941
Peru,PER,1954,47.4757
Panama,PAN,1954,57.234
Pakistan,PAK,1954,38.6043
World,OWID_WRL,1954,49.6514
Kosovo,OWID_KOS,1954,46.4965
Oman,OMN,1954,31.2312
New Zealand,NZL,1954,70.3348
Nauru,NRU,1954,57.3787
Nepal,NPL,1954,37.8074
Norway,NOR,1954,73.2085
Netherlands,NLD,1954,72.3856
Niue,NIU,1954,56.2032
Nicaragua,NIC,1954,43.0637
Nigeria,NGA,1954,36.2356
Niger,NER,1954,35.9539
New Caledonia,NCL,1954,47.8945
Namibia,NAM,1954,44.4304
Mayotte,MYT,1954,47.3905
Malaysia,MYS,1954,51.9846
Malawi,MWI,1954,33.3479
Mauritius,MUS,1954,52.2188
Martinique,MTQ,1954,58.5144
Montserrat,MSR,1954,52.712
Mauritania,MRT,1954,40.1389
Mozambique,MOZ,1954,38.8661
Northern Mariana Islands,MNP,1954,59.4593
Mongolia,MNG,1954,40.2072
Montenegro,MNE,1954,60.7751
Myanmar,MMR,1954,39.5724
Malta,MLT,1954,65.0581
Mali,MLI,1954,29.5063
North Macedonia,MKD,1954,55.6768
Marshall Islands,MHL,1954,52.8929
Mexico,MEX,1954,48.2999
Maldives,MDV,1954,36.9478
Madagascar,MDG,1954,40.9484
Moldova,MDA,1954,56.2771
Monaco,MCO,1954,70.0291
Morocco,MAR,1954,40.359
Saint Martin (French part),MAF,1954,65.894
Macao,MAC,1954,60.2538
Latvia,LVA,1954,66.6996
Luxembourg,LUX,1954,66.6653
Lithuania,LTU,1954,66.4642
Lesotho,LSO,1954,47.3036
Sri Lanka,LKA,1954,56.4393
Liechtenstein,LIE,1954,67.5483
Saint Lucia,LCA,1954,54.5339
Libya,LBY,1954,34.6546
Liberia,LBR,1954,38.0968
Lebanon,LBN,1954,61.5877
Laos,LAO,1954,40.0047
Kuwait,KWT,1954,53.132
South Korea,KOR,1954,46.0778
Saint Kitts and Nevis,KNA,1954,56.2694
Kiribati,KIR,1954,46.1239
Cambodia,KHM,1954,39.9046
Kyrgyzstan,KGZ,1954,53.2316
Kenya,KEN,1954,41.0366
Kazakhstan,KAZ,1954,56.592
Japan,JPN,1954,64.5367
Jordan,JOR,1954,45.6329
Jersey,JEY,1954,70.1198
Jamaica,JAM,1954,59.6356
Italy,ITA,1954,67.8593
Israel,ISR,1954,66.2502
Iceland,ISL,1954,73.336
Iraq,IRQ,1954,43.5293
Iran,IRN,1954,39.9956
Ireland,IRL,1954,68.0063
India,IND,1954,43.2483
Isle of Man,IMN,1954,64.4711
Indonesia,IDN,1954,42.9093
Hungary,HUN,1954,65.4296
Haiti,HTI,1954,40.0517
Croatia,HRV,1954,62.231
Honduras,HND,1954,43.0377
Hong Kong,HKG,1954,61.9221
Guyana,GUY,1954,53.3208
Guam,GUM,1954,60.8794
French Guiana,GUF,1954,50.0981
Guatemala,GTM,1954,40.0651
Greenland,GRL,1954,46.6507
Grenada,GRD,1954,56.6966
Greece,GRC,1954,68.0463
Equatorial Guinea,GNQ,1954,41.1476
Guinea-Bissau,GNB,1954,36.4335
Gambia,GMB,1954,32.1781
Guadeloupe,GLP,1954,56.0921
Guinea,GIN,1954,35.857
Gibraltar,GIB,1954,66.8386
Ghana,GHA,1954,44.987
Guernsey,GGY,1954,73.0696
Georgia,GEO,1954,59.1236
United Kingdom,GBR,1954,70.1715
Gabon,GAB,1954,42.1891
Micronesia (country),FSM,1954,50.5769
Faroe Islands,FRO,1954,65.1779
France,FRA,1954,68.1882
Falkland Islands,FLK,1954,50.8616
Fiji,FJI,1954,54.214
Finland,FIN,1954,67.5469
Ethiopia,ETH,1954,36.957
Estonia,EST,1954,67.8315
Spain,ESP,1954,66.9111
Western Sahara,ESH,1954,36.396
Eritrea,ERI,1954,34.8009
Egypt,EGY,1954,39.058
Ecuador,ECU,1954,49.962
Algeria,DZA,1954,40.6404
Dominican Republic,DOM,1954,47.1234
Denmark,DNK,1954,71.3394
Dominica,DMA,1954,51.6705
Djibouti,DJI,1954,41.7745
Germany,DEU,1954,68.0585
Czechia,CZE,1954,68.0503
Cyprus,CYP,1954,59.2756
Cayman Islands,CYM,1954,55.883
Curacao,CUW,1954,62.7141
Cuba,CUB,1954,60.6925
Costa Rica,CRI,1954,59.8546
Cape Verde,CPV,1954,46.6262
Comoros,COM,1954,38.7048
Colombia,COL,1954,51.2783
Cook Islands,COK,1954,44.2745
Congo,COG,1954,42.6115
Democratic Republic of Congo,COD,1954,39.3663
Cameroon,CMR,1954,36.5069
Cote d'Ivoire,CIV,1954,33.1909
China,CHN,1954,46.763
Chile,CHL,1954,54.7141
Switzerland,CHE,1954,69.9846
Canada,CAN,1954,69.9377
Central African Republic,CAF,1954,37.0361
Botswana,BWA,1954,47.9732
Bhutan,BTN,1954,35.438
Brunei,BRN,1954,54.1694
Barbados,BRB,1954,58.3155
Brazil,BRA,1954,50.4339
Bolivia,BOL,1954,41.6891
Bermuda,BMU,1954,62.4758
Belize,BLZ,1954,52.1772
Belarus,BLR,1954,62.5112
Saint Barthelemy,BLM,1954,58.2126
Bosnia and Herzegovina,BIH,1954,51.909
Bahamas,BHS,1954,60.3145
Bahrain,BHR,1954,41.6479
Bulgaria,BGR,1954,64.3912
Bangladesh,BGD,1954,40.3718
Burkina Faso,BFA,1954,34.1847
Bonaire Sint Eustatius and Saba,BES,1954,66.5332
Benin,BEN,1954,36.6662
Belgium,BEL,1954,68.5934
Burundi,BDI,1954,41.9731
Azerbaijan,AZE,1954,47.8395
Austria,AUT,1954,67.2867
Australia,AUS,1954,69.8595
Antigua and Barbuda,ATG,1954,59.8337
American Samoa,ASM,1954,61.3128
Armenia,ARM,1954,56.4433
Argentina,ARG,1954,63.0694
United Arab Emirates,ARE,1954,45.2094
Andorra,AND,1954,69.2632
Albania,ALB,1954,48.4165
Anguilla,AIA,1954,57.0804
Angola,AGO,1954,36.6251
Afghanistan,AFG,1954,29.6975
Aruba,ABW,1954,60.8166
Zimbabwe,ZWE,1955,51.4106
Zambia,ZMB,1955,48.7556
South Africa,ZAF,1955,48.1727
Yemen,YEM,1955,30.8097
Samoa,WSM,1955,52.2074
Wallis and Futuna,WLF,1955,45.348
Vanuatu,VUT,1955,47.0995
Vietnam,VNM,1955,54.8256
United States Virgin Islands,VIR,1955,62.9391
British Virgin Islands,VGB,1955,58.4246
Venezuela,VEN,1955,54.7782
Saint Vincent and the Grenadines,VCT,1955,54.2612
Vatican,VAT,1955,67.8099
Uzbekistan,UZB,1955,54.8728
United States,USA,1955,69.5573
Uruguay,URY,1955,66.6906
Ukraine,UKR,1955,65.2578
Uganda,UGA,1955,42.4188
Tanzania,TZA,1955,41.8264
Taiwan,TWN,1955,59.7957
Tuvalu,TUV,1955,44.1749
Turkey,TUR,1955,49.0621
Tunisia,TUN,1955,40.7623
Trinidad and Tobago,TTO,1955,59.7174
Tonga,TON,1955,54.6605
East Timor,TLS,1955,30.6736
Turkmenistan,TKM,1955,50.1554
Tokelau,TKL,1955,56.5947
Tajikistan,TJK,1955,50.818
Thailand,THA,1955,48.1338
Togo,TGO,1955,42.6614
Chad,TCD,1955,37.3461
Turks and Caicos Islands,TCA,1955,52.673
Syria,SYR,1955,47.4031
Seychelles,SYC,1955,59.3885
Sint Maarten (Dutch part),SXM,1955,64.7539
Eswatini,SWZ,1955,44.848
Sweden,SWE,1955,72.5862
Slovenia,SVN,1955,66.0674
Slovakia,SVK,1955,67.8456
Suriname,SUR,1955,53.45
Sao Tome and Principe,STP,1955,39.2802
South Sudan,SSD,1955,32.02
Serbia,SRB,1955,61.349
Saint Pierre and Miquelon,SPM,1955,64.6679
Somalia,SOM,1955,42.5036
San Marino,SMR,1955,72.3542
El Salvador,SLV,1955,46.0333
Sierra Leone,SLE,1955,30.9286
Solomon Islands,SLB,1955,44.3485
Saint Helena,SHN,1955,67.215
Singapore,SGP,1955,61.2143
Senegal,SEN,1955,38.5405
Sudan,SDN,1955,47.7203
Saudi Arabia,SAU,1955,42.6033
Rwanda,RWA,1955,44.7944
Russia,RUS,1955,62.0593
Romania,ROU,1955,63.2508
Reunion,REU,1955,54.0873
Qatar,QAT,1955,54.2071
French Polynesia,PYF,1955,56.3959
Palestine,PSE,1955,47.2119
Paraguay,PRY,1955,58.8086
Portugal,PRT,1955,61.4054
North Korea,PRK,1955,51.7663
Puerto Rico,PRI,1955,66.2747
Poland,POL,1955,63.0598
Papua New Guinea,PNG,1955,42.6241
Palau,PLW,1955,53.699
Philippines,PHL,1955,56.6004
Peru,PER,1955,47.9041
Panama,PAN,1955,57.4841
Pakistan,PAK,1955,39.6108
World,OWID_WRL,1955,50.2055
Kosovo,OWID_KOS,1955,45.7896
Oman,OMN,1955,31.7786
New Zealand,NZL,1955,70.4792
Nauru,NRU,1955,57.481
Nepal,NPL,1955,37.8563
Norway,NOR,1955,73.4314
Netherlands,NLD,1955,72.4989
Niue,NIU,1955,56.6687
Nicaragua,NIC,1955,43.6583
Nigeria,NGA,1955,36.3358
Niger,NER,1955,35.9699
New Caledonia,NCL,1955,48.6078
Namibia,NAM,1955,45.0467
Mayotte,MYT,1955,48.6978
Malaysia,MYS,1955,52.8412
Malawi,MWI,1955,33.5805
Mauritius,MUS,1955,53.7694
Martinique,MTQ,1955,58.7539
Montserrat,MSR,1955,53.6713
Mauritania,MRT,1955,40.5829
Mozambique,MOZ,1955,39.2669
Northern Mariana Islands,MNP,1955,59.7703
Mongolia,MNG,1955,40.7345
Montenegro,MNE,1955,60.9027
Myanmar,MMR,1955,40.4421
Malta,MLT,1955,66.2871
Mali,MLI,1955,29.689
North Macedonia,MKD,1955,55.369
Marshall Islands,MHL,1955,52.9969
Mexico,MEX,1955,49.5978
Maldives,MDV,1955,37.0121
Madagascar,MDG,1955,41.278
Moldova,MDA,1955,56.8526
Monaco,MCO,1955,70.4102
Morocco,MAR,1955,40.7795
Saint Martin (French part),MAF,1955,66.2141
Macao,MAC,1955,60.7309
Latvia,LVA,1955,67.1487
Luxembourg,LUX,1955,67.3705
Lithuania,LTU,1955,66.6379
Lesotho,LSO,1955,47.959
Sri Lanka,LKA,1955,57.1783
Liechtenstein,LIE,1955,68.3079
Saint Lucia,LCA,1955,55.4111
Libya,LBY,1955,35.249
Liberia,LBR,1955,38.1094
Lebanon,LBN,1955,61.4519
Laos,LAO,1955,40.3112
Kuwait,KWT,1955,54.03
South Korea,KOR,1955,48.3534
Saint Kitts and Nevis,KNA,1955,56.3741
Kiribati,KIR,1955,46.2881
Cambodia,KHM,1955,40.2528
Kyrgyzstan,KGZ,1955,53.5435
Kenya,KEN,1955,42.2847
Kazakhstan,KAZ,1955,56.8266
Japan,JPN,1955,65.7115
Jordan,JOR,1955,46.7548
Jersey,JEY,1955,70.2868
Jamaica,JAM,1955,60.4032
Italy,ITA,1955,68.2514
Israel,ISR,1955,68.0026
Iceland,ISL,1955,73.2763
Iraq,IRQ,1955,44.98
Iran,IRN,1955,40.6234
Ireland,IRL,1955,67.9959
India,IND,1955,43.7399
Isle of Man,IMN,1955,64.8091
Indonesia,IDN,1955,43.5915
Hungary,HUN,1955,66.8977
Haiti,HTI,1955,40.9503
Croatia,HRV,1955,63.101
Honduras,HND,1955,43.6711
Hong Kong,HKG,1955,62.765
Guyana,GUY,1955,54.1193
Guam,GUM,1955,61.2021
French Guiana,GUF,1955,50.7427
Guatemala,GTM,1955,40.6828
Greenland,GRL,1955,48.7947
Grenada,GRD,1955,57.7942
Greece,GRC,1955,68.5927
Equatorial Guinea,GNQ,1955,41.4103
Guinea-Bissau,GNB,1955,36.603
Gambia,GMB,1955,32.4107
Guadeloupe,GLP,1955,57.2713
Guinea,GIN,1955,35.9585
Gibraltar,GIB,1955,67.6917
Ghana,GHA,1955,45.3727
Guernsey,GGY,1955,71.5844
Georgia,GEO,1955,59.4779
United Kingdom,GBR,1955,70.1344
Gabon,GAB,1955,42.946
Micronesia (country),FSM,1955,51.1396
Faroe Islands,FRO,1955,66.5777
France,FRA,1955,68.4442
Falkland Islands,FLK,1955,51.3309
Fiji,FJI,1955,55.3057
Finland,FIN,1955,67.3411
Ethiopia,ETH,1955,37.3196
Estonia,EST,1955,68.1698
Spain,ESP,1955,66.6811
Western Sahara,ESH,1955,36.7798
Eritrea,ERI,1955,35.1766
Egypt,EGY,1955,40.1543
Ecuador,ECU,1955,50.3928
Algeria,DZA,1955,40.8697
Dominican Republic,DOM,1955,47.925
Denmark,DNK,1955,71.9139
Dominica,DMA,1955,53.4083
Djibouti,DJI,1955,42.0436
Germany,DEU,1955,68.3412
Czechia,CZE,1955,68.978
Cyprus,CYP,1955,59.7394
Cayman Islands,CYM,1955,56.3688
Curacao,CUW,1955,63.2611
Cuba,CUB,1955,61.1524
Costa Rica,CRI,1955,60.4535
Cape Verde,CPV,1955,46.8517
Comoros,COM,1955,39.0327
Colombia,COL,1955,51.9303
Cook Islands,COK,1955,45.7472
Congo,COG,1955,43.4479
Democratic Republic of Congo,COD,1955,39.6563
Cameroon,CMR,1955,37.4971
Cote d'Ivoire,CIV,1955,33.8113
China,CHN,1955,47.2366
Chile,CHL,1955,54.9278
Switzerland,CHE,1955,70.0701
Canada,CAN,1955,69.9974
Central African Republic,CAF,1955,37.4395
Botswana,BWA,1955,48.4653
Bhutan,BTN,1955,35.5132
Brunei,BRN,1955,54.9783
Barbados,BRB,1955,59.0043
Brazil,BRA,1955,50.8866
Bolivia,BOL,1955,41.9303
Bermuda,BMU,1955,63.0578
Belize,BLZ,1955,52.6683
Belarus,BLR,1955,63.5116
Saint Barthelemy,BLM,1955,58.5238
Bosnia and Herzegovina,BIH,1955,53.0394
Bahamas,BHS,1955,60.6517
Bahrain,BHR,1955,42.774
Bulgaria,BGR,1955,64.8294
Bangladesh,BGD,1955,41.0664
Burkina Faso,BFA,1955,34.4693
Bonaire Sint Eustatius and Saba,BES,1955,66.9848
Benin,BEN,1955,36.9609
Belgium,BEL,1955,68.5455
Burundi,BDI,1955,42.1749
Azerbaijan,AZE,1955,48.3468
Austria,AUT,1955,67.5509
Australia,AUS,1955,70.1564
Antigua and Barbuda,ATG,1955,60.2496
American Samoa,ASM,1955,61.8271
Armenia,ARM,1955,56.9012
Argentina,ARG,1955,62.7026
United Arab Emirates,ARE,1955,46.048
Andorra,AND,1955,69.7772
Albania,ALB,1955,49.5754
Anguilla,AIA,1955,57.608
Angola,AGO,1955,36.8537
Afghanistan,AFG,1955,30.366
Aruba,ABW,1955,61.4522
Zimbabwe,ZWE,1956,51.8011
Zambia,ZMB,1956,49.129
South Africa,ZAF,1956,49.2144
Yemen,YEM,1956,31.2965
Samoa,WSM,1956,52.8322
Wallis and Futuna,WLF,1956,45.7186
Vanuatu,VUT,1956,47.6719
Vietnam,VNM,1956,55.5347
United States Virgin Islands,VIR,1956,60.9461
British Virgin Islands,VGB,1956,59.5029
Venezuela,VEN,1956,55.5051
Saint Vincent and the Grenadines,VCT,1956,54.9379
Vatican,VAT,1956,67.3064
Uzbekistan,UZB,1956,55.1904
United States,USA,1956,69.643
Uruguay,URY,1956,66.9073
Ukraine,UKR,1956,66.2595
Uganda,UGA,1956,43.0158
Tanzania,TZA,1956,41.9902
Taiwan,TWN,1956,60.3133
Tuvalu,TUV,1956,45.0164
Turkey,TUR,1956,49.474
Tunisia,TUN,1956,41.3454
Trinidad and Tobago,TTO,1956,60.3431
Tonga,TON,1956,55.6628
East Timor,TLS,1956,30.9827
Turkmenistan,TKM,1956,50.5694
Tokelau,TKL,1956,56.9789
Tajikistan,TJK,1956,51.1166
Thailand,THA,1956,48.6388
Togo,TGO,1956,42.7622
Chad,TCD,1956,37.9189
Turks and Caicos Islands,TCA,1956,53.3312
Syria,SYR,1956,48.4928
Seychelles,SYC,1956,59.8132
Sint Maarten (Dutch part),SXM,1956,65.1638
Eswatini,SWZ,1956,45.1102
Sweden,SWE,1956,72.6602
Slovenia,SVN,1956,66.5023
Slovakia,SVK,1956,68.374
Suriname,SUR,1956,54.1029
Sao Tome and Principe,STP,1956,39.5428
South Sudan,SSD,1956,31.6246
Serbia,SRB,1956,61.8586
Saint Pierre and Miquelon,SPM,1956,65.004
Somalia,SOM,1956,42.7127
San Marino,SMR,1956,72.5208
El Salvador,SLV,1956,46.5608
Sierra Leone,SLE,1956,31.3154
Solomon Islands,SLB,1956,42.8325
Saint Helena,SHN,1956,67.3799
Singapore,SGP,1956,62.6169
Senegal,SEN,1956,38.8762
Sudan,SDN,1956,48.0868
Saudi Arabia,SAU,1956,43.1271
Rwanda,RWA,1956,45.1763
Russia,RUS,1956,66.4984
Romania,ROU,1956,63.6347
Reunion,REU,1956,54.8808
Qatar,QAT,1956,54.9062
French Polynesia,PYF,1956,57.1807
Palestine,PSE,1956,47.5679
Paraguay,PRY,1956,59.0146
Portugal,PRT,1956,61.1668
North Korea,PRK,1956,52.7829
Puerto Rico,PRI,1956,66.3697
Poland,POL,1956,63.4261
Papua New Guinea,PNG,1956,43.2602
Palau,PLW,1956,53.9163
Philippines,PHL,1956,57.2457
Peru,PER,1956,48.3821
Panama,PAN,1956,57.8767
Pakistan,PAK,1956,40.6171
World,OWID_WRL,1956,50.7373
Kosovo,OWID_KOS,1956,46.253
Oman,OMN,1956,32.3739
New Zealand,NZL,1956,70.7216
Nauru,NRU,1956,57.6047
Nepal,NPL,1956,37.8978
Norway,NOR,1956,73.4861
Netherlands,NLD,1956,72.525
Niue,NIU,1956,57.1858
Nicaragua,NIC,1956,44.2772
Nigeria,NGA,1956,36.4819
Niger,NER,1956,36.0401
New Caledonia,NCL,1956,49.374
Namibia,NAM,1956,45.7033
Mayotte,MYT,1956,49.916
Malaysia,MYS,1956,53.6704
Malawi,MWI,1956,33.8494
Mauritius,MUS,1956,55.0713
Martinique,MTQ,1956,59.574
Montserrat,MSR,1956,54.6265
Mauritania,MRT,1956,41.1409
Mozambique,MOZ,1956,39.5942
Northern Mariana Islands,MNP,1956,60.0657
Mongolia,MNG,1956,41.3525
Montenegro,MNE,1956,62.0081
Myanmar,MMR,1956,41.1973
Malta,MLT,1956,66.7607
Mali,MLI,1956,29.8542
North Macedonia,MKD,1956,58.4716
Marshall Islands,MHL,1956,53.1574
Mexico,MEX,1956,50.3553
Maldives,MDV,1956,37.1457
Madagascar,MDG,1956,41.6911
Moldova,MDA,1956,57.4336
Monaco,MCO,1956,70.7233
Morocco,MAR,1956,41.2163
Saint Martin (French part),MAF,1956,66.511
Macao,MAC,1956,60.9513
Latvia,LVA,1956,67.6085
Luxembourg,LUX,1956,67.1388
Lithuania,LTU,1956,66.8469
Lesotho,LSO,1956,48.613
Sri Lanka,LKA,1956,57.8952
Liechtenstein,LIE,1956,68.8896
Saint Lucia,LCA,1956,55.8883
Libya,LBY,1956,36.003
Liberia,LBR,1956,38.0957
Lebanon,LBN,1956,62.2365
Laos,LAO,1956,40.5633
Kuwait,KWT,1956,54.9435
South Korea,KOR,1956,50.2037
Saint Kitts and Nevis,KNA,1956,56.386
Kiribati,KIR,1956,46.505
Cambodia,KHM,1956,40.5041
Kyrgyzstan,KGZ,1956,53.8604
Kenya,KEN,1956,43.5295
Kazakhstan,KAZ,1956,57.0556
Japan,JPN,1956,65.5598
Jordan,JOR,1956,48.0026
Jersey,JEY,1956,70.3962
Jamaica,JAM,1956,61.1634
Italy,ITA,1956,67.6395
Israel,ISR,1956,66.5921
Iceland,ISL,1956,72.9015
Iraq,IRQ,1956,46.3691
Iran,IRN,1956,41.0547
Ireland,IRL,1956,68.9571
India,IND,1956,44.133
Isle of Man,IMN,1956,64.9527
Indonesia,IDN,1956,44.3037
Hungary,HUN,1956,66.0009
Haiti,HTI,1956,41.5987
Croatia,HRV,1956,63.5591
Honduras,HND,1956,44.2472
Hong Kong,HKG,1956,63.4478
Guyana,GUY,1956,55.1559
Guam,GUM,1956,61.5361
French Guiana,GUF,1956,51.5508
Guatemala,GTM,1956,41.2911
Greenland,GRL,1956,51.104
Grenada,GRD,1956,59.0204
Greece,GRC,1956,68.1218
Equatorial Guinea,GNQ,1956,41.6741
Guinea-Bissau,GNB,1956,36.7776
Gambia,GMB,1956,32.7556
Guadeloupe,GLP,1956,57.5851
Guinea,GIN,1956,36.0556
Gibraltar,GIB,1956,68.5145
Ghana,GHA,1956,45.7477
Guernsey,GGY,1956,75.8634
Georgia,GEO,1956,59.8504
United Kingdom,GBR,1956,70.4055
Gabon,GAB,1956,43.6547
Micronesia (country),FSM,1956,51.7258
Faroe Islands,FRO,1956,67.9788
France,FRA,1956,68.4647
Falkland Islands,FLK,1956,51.8095
Fiji,FJI,1956,56.1583
Finland,FIN,1956,67.9853
Ethiopia,ETH,1956,37.7849
Estonia,EST,1956,68.4923
Spain,ESP,1956,66.7509
Western Sahara,ESH,1956,37.1686
Eritrea,ERI,1956,35.6315
Egypt,EGY,1956,41.0154
Ecuador,ECU,1956,50.8827
Algeria,DZA,1956,40.9093
Dominican Republic,DOM,1956,48.71
Denmark,DNK,1956,72.0424
Dominica,DMA,1956,55.0378
Djibouti,DJI,1956,42.2871
Germany,DEU,1956,68.5853
Czechia,CZE,1956,69.3678
Cyprus,CYP,1956,60.3875
Cayman Islands,CYM,1956,56.8062
Curacao,CUW,1956,63.7617
Cuba,CUB,1956,61.4837
Costa Rica,CRI,1956,61.2019
Cape Verde,CPV,1956,47.0919
Comoros,COM,1956,39.3666
Colombia,COL,1956,52.5246
Cook Islands,COK,1956,47.2596
Congo,COG,1956,44.276
Democratic Republic of Congo,COD,1956,39.9041
Cameroon,CMR,1956,38.4145
Cote d'Ivoire,CIV,1956,34.4642
China,CHN,1956,47.8067
Chile,CHL,1956,55.4818
Switzerland,CHE,1956,70.1987
Canada,CAN,1956,69.9698
Central African Republic,CAF,1956,37.8372
Botswana,BWA,1956,48.9907
Bhutan,BTN,1956,35.6159
Brunei,BRN,1956,55.7401
Barbados,BRB,1956,60.5421
Brazil,BRA,1956,51.3433
Bolivia,BOL,1956,42.1966
Bermuda,BMU,1956,64.2401
Belize,BLZ,1956,53.8712
Belarus,BLR,1956,64.5027
Saint Barthelemy,BLM,1956,58.9889
Bosnia and Herzegovina,BIH,1956,53.9236
Bahamas,BHS,1956,61.0134
Bahrain,BHR,1956,44.1271
Bulgaria,BGR,1956,65.2191
Bangladesh,BGD,1956,41.6034
Burkina Faso,BFA,1956,34.7622
Bonaire Sint Eustatius and Saba,BES,1956,66.4649
Benin,BEN,1956,37.2808
Belgium,BEL,1956,68.8383
Burundi,BDI,1956,42.4124
Azerbaijan,AZE,1956,48.797
Austria,AUT,1956,67.681
Australia,AUS,1956,70.0366
Antigua and Barbuda,ATG,1956,60.6663
American Samoa,ASM,1956,62.3378
Armenia,ARM,1956,57.3546
Argentina,ARG,1956,63.5774
United Arab Emirates,ARE,1956,46.9249
Andorra,AND,1956,70.2326
Albania,ALB,1956,50.8468
Anguilla,AIA,1956,58.17
Angola,AGO,1956,37.0809
Afghanistan,AFG,1956,30.8303
Aruba,ABW,1956,62.0445
Zimbabwe,ZWE,1957,52.1959
Zambia,ZMB,1957,49.4666
South Africa,ZAF,1957,50.1955
Yemen,YEM,1957,31.7793
Samoa,WSM,1957,53.3632
Wallis and Futuna,WLF,1957,46.0962
Vanuatu,VUT,1957,48.2017
Vietnam,VNM,1957,56.1673
United States Virgin Islands,VIR,1957,61.8425
British Virgin Islands,VGB,1957,60.5182
Venezuela,VEN,1957,56.2185
Saint Vincent and the Grenadines,VCT,1957,55.9085
Vatican,VAT,1957,67.5429
Uzbekistan,UZB,1957,55.5147
United States,USA,1957,69.4183
Uruguay,URY,1957,67.1179
Ukraine,UKR,1957,67.171
Uganda,UGA,1957,43.6528
Tanzania,TZA,1957,42.145
Taiwan,TWN,1957,60.95
Tuvalu,TUV,1957,45.8468
Turkey,TUR,1957,49.2247
Tunisia,TUN,1957,42.0766
Trinidad and Tobago,TTO,1957,60.748
Tonga,TON,1957,56.5055
East Timor,TLS,1957,31.3052
Turkmenistan,TKM,1957,50.97
Tokelau,TKL,1957,57.3787
Tajikistan,TJK,1957,51.4404
Thailand,THA,1957,49.1281
Togo,TGO,1957,42.9427
Chad,TCD,1957,38.333
Turks and Caicos Islands,TCA,1957,54.0564
Syria,SYR,1957,49.5751
Seychelles,SYC,1957,60.1711
Sint Maarten (Dutch part),SXM,1957,65.4841
Eswatini,SWZ,1957,45.4321
Sweden,SWE,1957,72.4909
Slovenia,SVN,1957,67.0387
Slovakia,SVK,1957,67.4629
Suriname,SUR,1957,54.7426
Sao Tome and Principe,STP,1957,40.1014
South Sudan,SSD,1957,30.8928
Serbia,SRB,1957,63.2439
Saint Pierre and Miquelon,SPM,1957,65.3021
Somalia,SOM,1957,42.9213
San Marino,SMR,1957,72.6799
El Salvador,SLV,1957,47.1171
Sierra Leone,SLE,1957,31.7683
Solomon Islands,SLB,1957,45.6572
Saint Helena,SHN,1957,67.4994
Singapore,SGP,1957,63.3944
Senegal,SEN,1957,39.1253
Sudan,SDN,1957,48.4825
Saudi Arabia,SAU,1957,43.6598
Rwanda,RWA,1957,45.608
Russia,RUS,1957,66.0453
Romania,ROU,1957,63.9918
Reunion,REU,1957,54.8979
Qatar,QAT,1957,55.6127
French Polynesia,PYF,1957,57.8546
Palestine,PSE,1957,47.9552
Paraguay,PRY,1957,59.2749
Portugal,PRT,1957,61.3913
North Korea,PRK,1957,53.6785
Puerto Rico,PRI,1957,67.1085
Poland,POL,1957,64.4363
Papua New Guinea,PNG,1957,43.9125
Palau,PLW,1957,54.1389
Philippines,PHL,1957,57.7887
Peru,PER,1957,48.922
Panama,PAN,1957,58.2788
Pakistan,PAK,1957,41.5542
World,OWID_WRL,1957,51.0636
Kosovo,OWID_KOS,1957,46.3295
Oman,OMN,1957,32.9627
New Zealand,NZL,1957,70.2553
Nauru,NRU,1957,57.7386
Nepal,NPL,1957,38.0078
Norway,NOR,1957,73.4341
Netherlands,NLD,1957,72.9716
Niue,NIU,1957,57.7193
Nicaragua,NIC,1957,44.8762
Nigeria,NGA,1957,36.6178
Niger,NER,1957,36.0795
New Caledonia,NCL,1957,50.1203
Namibia,NAM,1957,46.3756
Mayotte,MYT,1957,51.0783
Malaysia,MYS,1957,54.5086
Malawi,MWI,1957,34.1069
Mauritius,MUS,1957,55.6779
Martinique,MTQ,1957,60.058
Montserrat,MSR,1957,55.5939
Mauritania,MRT,1957,41.7364
Mozambique,MOZ,1957,40.0576
Northern Mariana Islands,MNP,1957,60.3936
Mongolia,MNG,1957,40.3987
Montenegro,MNE,1957,63.0007
Myanmar,MMR,1957,42.0212
Malta,MLT,1957,67.4676
Mali,MLI,1957,30.0634
North Macedonia,MKD,1957,55.7449
Marshall Islands,MHL,1957,53.3699
Mexico,MEX,1957,51.1148
Maldives,MDV,1957,37.3368
Madagascar,MDG,1957,42.1134
Moldova,MDA,1957,58.0022
Monaco,MCO,1957,70.8671
Morocco,MAR,1957,41.6867
Saint Martin (French part),MAF,1957,66.812
Macao,MAC,1957,62.4653
Latvia,LVA,1957,68.2624
Luxembourg,LUX,1957,66.8896
Lithuania,LTU,1957,67.707
Lesotho,LSO,1957,49.1622
Sri Lanka,LKA,1957,58.5353
Liechtenstein,LIE,1957,69.5825
Saint Lucia,LCA,1957,55.8754
Libya,LBY,1957,36.8759
Liberia,LBR,1957,38.0784
Lebanon,LBN,1957,62.8133
Laos,LAO,1957,40.8731
Kuwait,KWT,1957,55.8932
South Korea,KOR,1957,51.5543
Saint Kitts and Nevis,KNA,1957,56.3767
Kiribati,KIR,1957,46.7773
Cambodia,KHM,1957,40.8713
Kyrgyzstan,KGZ,1957,54.1608
Kenya,KEN,1957,45.3359
Kazakhstan,KAZ,1957,57.2804
Japan,JPN,1957,65.4387
Jordan,JOR,1957,49.2321
Jersey,JEY,1957,70.4026
Jamaica,JAM,1957,61.9476
Italy,ITA,1957,67.7777
Israel,ISR,1957,66.4948
Iceland,ISL,1957,73.3896
Iraq,IRQ,1957,47.7307
Iran,IRN,1957,41.309
Ireland,IRL,1957,69.0017
India,IND,1957,44.4145
Isle of Man,IMN,1957,64.948
Indonesia,IDN,1957,44.9915
Hungary,HUN,1957,66.3468
Haiti,HTI,1957,42.1465
Croatia,HRV,1957,64.4122
Honduras,HND,1957,44.9322
Hong Kong,HKG,1957,64.0477
Guyana,GUY,1957,56.0975
Guam,GUM,1957,61.8874
French Guiana,GUF,1957,52.5549
Guatemala,GTM,1957,41.9162
Greenland,GRL,1957,53.5307
Grenada,GRD,1957,60.2626
Greece,GRC,1957,68.3968
Equatorial Guinea,GNQ,1957,41.9386
Guinea-Bissau,GNB,1957,36.9648
Gambia,GMB,1957,33.1152
Guadeloupe,GLP,1957,58.3925
Guinea,GIN,1957,36.2288
Gibraltar,GIB,1957,69.1144
Ghana,GHA,1957,46.1308
Guernsey,GGY,1957,72.6143
Georgia,GEO,1957,60.2438
United Kingdom,GBR,1957,70.5245
Gabon,GAB,1957,44.3631
Micronesia (country),FSM,1957,52.3097
Faroe Islands,FRO,1957,69.2822
France,FRA,1957,68.8972
Falkland Islands,FLK,1957,52.2943
Fiji,FJI,1957,57.0686
Finland,FIN,1957,67.4515
Ethiopia,ETH,1957,32.1733
Estonia,EST,1957,68.7746
Spain,ESP,1957,66.5702
Western Sahara,ESH,1957,37.5558
Eritrea,ERI,1957,30.3981
Egypt,EGY,1957,42.05
Ecuador,ECU,1957,51.4548
Algeria,DZA,1957,40.9191
Dominican Republic,DOM,1957,49.4703
Denmark,DNK,1957,71.8068
Dominica,DMA,1957,56.5388
Djibouti,DJI,1957,42.5702
Germany,DEU,1957,68.4992
Czechia,CZE,1957,69.0329
Cyprus,CYP,1957,60.9861
Cayman Islands,CYM,1957,57.2612
Curacao,CUW,1957,64.2472
Cuba,CUB,1957,61.9036
Costa Rica,CRI,1957,61.5816
Cape Verde,CPV,1957,47.3756
Comoros,COM,1957,39.7391
Colombia,COL,1957,54.081
Cook Islands,COK,1957,48.5733
Congo,COG,1957,45.1279
Democratic Republic of Congo,COD,1957,40.2279
Cameroon,CMR,1957,38.2755
Cote d'Ivoire,CIV,1957,35.156
China,CHN,1957,48.3776
Chile,CHL,1957,55.7734
Switzerland,CHE,1957,70.5385
Canada,CAN,1957,69.9152
Central African Republic,CAF,1957,38.2503
Botswana,BWA,1957,49.5298
Bhutan,BTN,1957,35.7491
Brunei,BRN,1957,56.5095
Barbados,BRB,1957,61.6557
Brazil,BRA,1957,51.8056
Bolivia,BOL,1957,42.4284
Bermuda,BMU,1957,64.7769
Belize,BLZ,1957,54.7847
Belarus,BLR,1957,65.441
Saint Barthelemy,BLM,1957,59.328
Bosnia and Herzegovina,BIH,1957,55.0889
Bahamas,BHS,1957,61.3714
Bahrain,BHR,1957,45.6523
Bulgaria,BGR,1957,66.5906
Bangladesh,BGD,1957,42.5748
Burkina Faso,BFA,1957,35.101
Bonaire Sint Eustatius and Saba,BES,1957,67.8159
Benin,BEN,1957,37.6403
Belgium,BEL,1957,69.1981
Burundi,BDI,1957,42.6432
Azerbaijan,AZE,1957,49.195
Austria,AUT,1957,67.4448
Australia,AUS,1957,70.3168
Antigua and Barbuda,ATG,1957,61.1069
American Samoa,ASM,1957,62.8835
Armenia,ARM,1957,57.8036
Argentina,ARG,1957,63.22
United Arab Emirates,ARE,1957,47.8314
Andorra,AND,1957,70.6423
Albania,ALB,1957,52.257
Anguilla,AIA,1957,58.7162
Angola,AGO,1957,37.2697
Afghanistan,AFG,1957,31.3451
Aruba,ABW,1957,62.6002
Zimbabwe,ZWE,1958,52.5823
Zambia,ZMB,1958,49.8896
South Africa,ZAF,1958,51.1486
Yemen,YEM,1958,32.359
Samoa,WSM,1958,53.9593
Wallis and Futuna,WLF,1958,46.4838
Vanuatu,VUT,1958,48.7467
Vietnam,VNM,1958,56.7983
United States Virgin Islands,VIR,1958,64.5667
British Virgin Islands,VGB,1958,61.3889
Venezuela,VEN,1958,56.9438
Saint Vincent and the Grenadines,VCT,1958,57.0709
Vatican,VAT,1958,68.73
Uzbekistan,UZB,1958,55.8511
United States,USA,1958,69.6733
Uruguay,URY,1958,67.3287
Ukraine,UKR,1958,67.7269
Uganda,UGA,1958,44.311
Tanzania,TZA,1958,42.3109
Taiwan,TWN,1958,61.0399
Tuvalu,TUV,1958,46.699
Turkey,TUR,1958,49.2277
Tunisia,TUN,1958,42.7026
Trinidad and Tobago,TTO,1958,61.4204
Tonga,TON,1958,57.2092
East Timor,TLS,1958,31.6561
Turkmenistan,TKM,1958,51.3802
Tokelau,TKL,1958,57.8062
Tajikistan,TJK,1958,51.7906
Thailand,THA,1958,49.5483
Togo,TGO,1958,43.1293
Chad,TCD,1958,38.7392
Turks and Caicos Islands,TCA,1958,54.7961
Syria,SYR,1958,50.6719
Seychelles,SYC,1958,60.352
Sint Maarten (Dutch part),SXM,1958,65.7734
Eswatini,SWZ,1958,45.7524
Sweden,SWE,1958,73.1526
Slovenia,SVN,1958,67.6677
Slovakia,SVK,1958,69.3571
Suriname,SUR,1958,55.3586
Sao Tome and Principe,STP,1958,40.962
South Sudan,SSD,1958,27.6121
Serbia,SRB,1958,64.283
Saint Pierre and Miquelon,SPM,1958,65.6358
Somalia,SOM,1958,43.1289
San Marino,SMR,1958,72.845
El Salvador,SLV,1958,47.6866
Sierra Leone,SLE,1958,32.1409
Solomon Islands,SLB,1958,46.3071
Saint Helena,SHN,1958,67.632
Singapore,SGP,1958,64.0265
Senegal,SEN,1958,39.3954
Sudan,SDN,1958,48.8633
Saudi Arabia,SAU,1958,44.2012
Rwanda,RWA,1958,46.0522
Russia,RUS,1958,67.691
Romania,ROU,1958,64.406
Reunion,REU,1958,55.2932
Qatar,QAT,1958,56.3266
French Polynesia,PYF,1958,58.4251
Palestine,PSE,1958,48.3707
Paraguay,PRY,1958,59.564
Portugal,PRT,1958,63.7239
North Korea,PRK,1958,54.4781
Puerto Rico,PRI,1958,67.2417
Poland,POL,1958,64.8933
Papua New Guinea,PNG,1958,44.5576
Palau,PLW,1958,54.3616
Philippines,PHL,1958,58.3099
Peru,PER,1958,49.4886
Panama,PAN,1958,58.9471
Pakistan,PAK,1958,42.465
World,OWID_WRL,1958,51.6151
Kosovo,OWID_KOS,1958,48.3212
Oman,OMN,1958,33.7521
New Zealand,NZL,1958,70.8768
Nauru,NRU,1958,57.7998
Nepal,NPL,1958,38.1391
Norway,NOR,1958,73.4246
Netherlands,NLD,1958,73.1365
Niue,NIU,1958,58.2782
Nicaragua,NIC,1958,45.477
Nigeria,NGA,1958,36.834
Niger,NER,1958,36.0869
New Caledonia,NCL,1958,50.8645
Namibia,NAM,1958,47.1119
Mayotte,MYT,1958,52.235
Malaysia,MYS,1958,55.4082
Malawi,MWI,1958,34.4411
Mauritius,MUS,1958,56.3891
Martinique,MTQ,1958,60.0737
Montserrat,MSR,1958,56.5801
Mauritania,MRT,1958,42.2953
Mozambique,MOZ,1958,40.4661
Northern Mariana Islands,MNP,1958,60.734
Mongolia,MNG,1958,42.8381
Montenegro,MNE,1958,63.8164
Myanmar,MMR,1958,42.7795
Malta,MLT,1958,67.8339
Mali,MLI,1958,30.1933
North Macedonia,MKD,1958,60.309
Marshall Islands,MHL,1958,53.6293
Mexico,MEX,1958,51.8354
Maldives,MDV,1958,37.585
Madagascar,MDG,1958,42.5049
Moldova,MDA,1958,58.5327
Monaco,MCO,1958,71.0988
Morocco,MAR,1958,42.1801
Saint Martin (French part),MAF,1958,67.0966
Macao,MAC,1958,63.1535
Latvia,LVA,1958,68.899
Luxembourg,LUX,1958,68.4131
Lithuania,LTU,1958,68.5558
Lesotho,LSO,1958,49.6045
Sri Lanka,LKA,1958,59.2796
Liechtenstein,LIE,1958,70.1143
Saint Lucia,LCA,1958,56.5623
Libya,LBY,1958,37.9905
Liberia,LBR,1958,38.0543
Lebanon,LBN,1958,61.2251
Laos,LAO,1958,41.1771
Kuwait,KWT,1958,56.8782
South Korea,KOR,1958,51.8362
Saint Kitts and Nevis,KNA,1958,56.4068
Kiribati,KIR,1958,47.1096
Cambodia,KHM,1958,41.2178
Kyrgyzstan,KGZ,1958,54.4666
Kenya,KEN,1958,46.4608
Kazakhstan,KAZ,1958,57.5026
Japan,JPN,1958,67.0429
Jordan,JOR,1958,50.4485
Jersey,JEY,1958,70.4769
Jamaica,JAM,1958,62.6479
Italy,ITA,1958,68.8543
Israel,ISR,1958,68.3862
Iceland,ISL,1958,73.3493
Iraq,IRQ,1958,48.9844
Iran,IRN,1958,42.1962
Ireland,IRL,1958,69.2746
India,IND,1958,44.7776
Isle of Man,IMN,1958,64.8754
Indonesia,IDN,1958,45.418
Hungary,HUN,1958,67.4366
Haiti,HTI,1958,42.6207
Croatia,HRV,1958,65.0314
Honduras,HND,1958,45.6269
Hong Kong,HKG,1958,64.6911
Guyana,GUY,1958,56.4492
Guam,GUM,1958,62.2188
French Guiana,GUF,1958,53.6356
Guatemala,GTM,1958,43.1375
Greenland,GRL,1958,55.559
Grenada,GRD,1958,61.4231
Greece,GRC,1958,69.7066
Equatorial Guinea,GNQ,1958,42.2042
Guinea-Bissau,GNB,1958,37.1437
Gambia,GMB,1958,33.6099
Guadeloupe,GLP,1958,59.3033
Guinea,GIN,1958,36.3645
Gibraltar,GIB,1958,69.7109
Ghana,GHA,1958,46.4025
Guernsey,GGY,1958,73.5754
Georgia,GEO,1958,60.6024
United Kingdom,GBR,1958,70.7048
Gabon,GAB,1958,45.0635
Micronesia (country),FSM,1958,52.9462
Faroe Islands,FRO,1958,70.3641
France,FRA,1958,70.1071
Falkland Islands,FLK,1958,52.7777
Fiji,FJI,1958,57.8284
Finland,FIN,1958,68.6142
Ethiopia,ETH,1958,32.6282
Estonia,EST,1958,68.7512
Spain,ESP,1958,68.7834
Western Sahara,ESH,1958,37.9403
Eritrea,ERI,1958,30.9094
Egypt,EGY,1958,42.8875
Ecuador,ECU,1958,52.0726
Algeria,DZA,1958,40.9028
Dominican Republic,DOM,1958,50.2108
Denmark,DNK,1958,72.2381
Dominica,DMA,1958,57.9047
Djibouti,DJI,1958,42.772
Germany,DEU,1958,69.2328
Czechia,CZE,1958,69.9734
Cyprus,CYP,1958,61.637
Cayman Islands,CYM,1958,57.7321
Curacao,CUW,1958,64.6557
Cuba,CUB,1958,62.3186
Costa Rica,CRI,1958,62.2617
Cape Verde,CPV,1958,47.7117
Comoros,COM,1958,40.0947
Colombia,COL,1958,54.7166
Cook Islands,COK,1958,50.031
Congo,COG,1958,45.9694
Democratic Republic of Congo,COD,1958,40.4629
Cameroon,CMR,1958,39.0744
Cote d'Ivoire,CIV,1958,35.8264
China,CHN,1958,48.8336
Chile,CHL,1958,56.2881
Switzerland,CHE,1958,71.2912
Canada,CAN,1958,70.572
Central African Republic,CAF,1958,38.6722
Botswana,BWA,1958,50.0894
Bhutan,BTN,1958,35.9148
Brunei,BRN,1958,57.2649
Barbados,BRB,1958,62.4496
Brazil,BRA,1958,52.2487
Bolivia,BOL,1958,42.7205
Bermuda,BMU,1958,65.206
Belize,BLZ,1958,55.7045
Belarus,BLR,1958,66.6311
Saint Barthelemy,BLM,1958,59.6111
Bosnia and Herzegovina,BIH,1958,56.1637
Bahamas,BHS,1958,61.7374
Bahrain,BHR,1958,47.2764
Bulgaria,BGR,1958,68.7143
Bangladesh,BGD,1958,43.0829
Burkina Faso,BFA,1958,35.4012
Bonaire Sint Eustatius and Saba,BES,1958,68.431
Benin,BEN,1958,38.0126
Belgium,BEL,1958,69.9086
Burundi,BDI,1958,42.8673
Azerbaijan,AZE,1958,49.6874
Austria,AUT,1958,68.4551
Australia,AUS,1958,70.8606
Antigua and Barbuda,ATG,1958,61.594
American Samoa,ASM,1958,63.5517
Armenia,ARM,1958,58.2486
Argentina,ARG,1958,64.2017
United Arab Emirates,ARE,1958,48.7591
Andorra,AND,1958,71.1759
Albania,ALB,1958,53.7357
Anguilla,AIA,1958,59.2601
Angola,AGO,1958,37.4746
Afghanistan,AFG,1958,31.84
Aruba,ABW,1958,63.1536
Zimbabwe,ZWE,1959,53.022
Zambia,ZMB,1959,50.2917
South Africa,ZAF,1959,51.8817
Yemen,YEM,1959,32.8623
Samoa,WSM,1959,54.5678
Wallis and Futuna,WLF,1959,46.878
Vanuatu,VUT,1959,49.2921
Vietnam,VNM,1959,57.3978
United States Virgin Islands,VIR,1959,61.8101
British Virgin Islands,VGB,1959,62.1708
Venezuela,VEN,1959,57.6846
Saint Vincent and the Grenadines,VCT,1959,57.77
Vatican,VAT,1959,69.2409
Uzbekistan,UZB,1959,56.1924
United States,USA,1959,69.9044
Uruguay,URY,1959,67.5297
Ukraine,UKR,1959,68.6922
Uganda,UGA,1959,44.9531
Tanzania,TZA,1959,42.4524
Taiwan,TWN,1959,61.6084
Tuvalu,TUV,1959,47.4968
Turkey,TUR,1959,50.1372
Tunisia,TUN,1959,43.3563
Trinidad and Tobago,TTO,1959,61.8923
Tonga,TON,1959,57.7655
East Timor,TLS,1959,32.0212
Turkmenistan,TKM,1959,51.768
Tokelau,TKL,1959,58.2029
Tajikistan,TJK,1959,52.1696
Thailand,THA,1959,50.1261
Togo,TGO,1959,43.3231
Chad,TCD,1959,38.9612
Turks and Caicos Islands,TCA,1959,55.5607
Syria,SYR,1959,51.7243
Seychelles,SYC,1959,60.4222
Sint Maarten (Dutch part),SXM,1959,66.0483
Eswatini,SWZ,1959,46.0904
Sweden,SWE,1959,73.3708
Slovenia,SVN,1959,68.1529
Slovakia,SVK,1959,69.0091
Suriname,SUR,1959,55.9366
Sao Tome and Principe,STP,1959,42.1135
South Sudan,SSD,1959,27.8315
Serbia,SRB,1959,65.238
Saint Pierre and Miquelon,SPM,1959,65.9439
Somalia,SOM,1959,43.3355
San Marino,SMR,1959,73.0158
El Salvador,SLV,1959,47.9708
Sierra Leone,SLE,1959,32.5565
Solomon Islands,SLB,1959,47.025
Saint Helena,SHN,1959,67.6856
Singapore,SGP,1959,64.7941
Senegal,SEN,1959,39.5321
Sudan,SDN,1959,49.1928
Saudi Arabia,SAU,1959,44.7511
Rwanda,RWA,1959,46.5459
Russia,RUS,1959,67.3829
Romania,ROU,1959,64.9299
Reunion,REU,1959,56.1752
Qatar,QAT,1959,57.0474
French Polynesia,PYF,1959,58.9668
Palestine,PSE,1959,48.8127
Paraguay,PRY,1959,59.88
Portugal,PRT,1959,62.9171
North Korea,PRK,1959,55.172
Puerto Rico,PRI,1959,68.0662
Poland,POL,1959,66.413
Papua New Guinea,PNG,1959,45.1398
Palau,PLW,1959,54.5931
Philippines,PHL,1959,58.7451
Peru,PER,1959,50.0435
Panama,PAN,1959,59.5674
Pakistan,PAK,1959,43.3254
World,OWID_WRL,1959,49.5818
Kosovo,OWID_KOS,1959,48.1127
Oman,OMN,1959,34.5507
New Zealand,NZL,1959,70.774
Nauru,NRU,1959,57.8718
Nepal,NPL,1959,38.413
Norway,NOR,1959,73.5503
Netherlands,NLD,1959,73.1863
Niue,NIU,1959,58.8385
Nicaragua,NIC,1959,46.0588
Nigeria,NGA,1959,37.0278
Niger,NER,1959,36.1369
New Caledonia,NCL,1959,51.5849
Namibia,NAM,1959,47.7912
Mayotte,MYT,1959,53.3454
Malaysia,MYS,1959,56.3127
Malawi,MWI,1959,34.7611
Mauritius,MUS,1959,57.4036
Martinique,MTQ,1959,61.5057
Montserrat,MSR,1959,57.5862
Mauritania,MRT,1959,42.8935
Mozambique,MOZ,1959,40.8746
Northern Mariana Islands,MNP,1959,61.0456
Mongolia,MNG,1959,43.684
Montenegro,MNE,1959,64.7149
Myanmar,MMR,1959,43.4139
Malta,MLT,1959,68.3727
Mali,MLI,1959,30.3357
North Macedonia,MKD,1959,59.5416
Marshall Islands,MHL,1959,53.97
Mexico,MEX,1959,52.6611
Maldives,MDV,1959,37.8863
Madagascar,MDG,1959,42.9518
Moldova,MDA,1959,59.0163
Monaco,MCO,1959,71.3547
Morocco,MAR,1959,42.6783
Saint Martin (French part),MAF,1959,67.3677
Macao,MAC,1959,63.6831
Latvia,LVA,1959,69.5231
Luxembourg,LUX,1959,68.3726
Lithuania,LTU,1959,69.404
Lesotho,LSO,1959,49.9217
Sri Lanka,LKA,1959,59.9707
Liechtenstein,LIE,1959,70.6007
Saint Lucia,LCA,1959,57.3223
Libya,LBY,1959,39.2657
Liberia,LBR,1959,38.0562
Lebanon,LBN,1959,63.5767
Laos,LAO,1959,40.7462
Kuwait,KWT,1959,57.8925
South Korea,KOR,1959,52.9353
Saint Kitts and Nevis,KNA,1959,56.5548
Kiribati,KIR,1959,47.5039
Cambodia,KHM,1959,41.6521
Kyrgyzstan,KGZ,1959,54.7751
Kenya,KEN,1959,47.519
Kazakhstan,KAZ,1959,57.724
Japan,JPN,1959,67.4564
Jordan,JOR,1959,51.6118
Jersey,JEY,1959,70.5137
Jamaica,JAM,1959,63.2483
Italy,ITA,1959,69.3067
Israel,ISR,1959,68.9186
Iceland,ISL,1959,72.624
Iraq,IRQ,1959,49.7195
Iran,IRN,1959,42.7614
Ireland,IRL,1959,69.4236
India,IND,1959,45.2602
Isle of Man,IMN,1959,64.7459
Indonesia,IDN,1959,46.1998
Hungary,HUN,1959,67.3261
Haiti,HTI,1959,43.0225
Croatia,HRV,1959,65.5485
Honduras,HND,1959,46.3792
Hong Kong,HKG,1959,65.3924
Guyana,GUY,1959,57.0058
Guam,GUM,1959,62.5664
French Guiana,GUF,1959,54.7426
Guatemala,GTM,1959,44.3313
Greenland,GRL,1959,57.2494
Grenada,GRD,1959,62.4154
Greece,GRC,1959,69.5782
Equatorial Guinea,GNQ,1959,42.4747
Guinea-Bissau,GNB,1959,37.3443
Gambia,GMB,1959,34.0854
Guadeloupe,GLP,1959,60.2696
Guinea,GIN,1959,36.4682
Gibraltar,GIB,1959,70.1092
Ghana,GHA,1959,46.7095
Guernsey,GGY,1959,73.9296
Georgia,GEO,1959,60.9936
United Kingdom,GBR,1959,70.8276
Gabon,GAB,1959,45.756
Micronesia (country),FSM,1959,53.5748
Faroe Islands,FRO,1959,71.2998
France,FRA,1959,70.1683
Falkland Islands,FLK,1959,53.1904
Fiji,FJI,1959,58.1586
Finland,FIN,1959,68.7949
Ethiopia,ETH,1959,39.1684
Estonia,EST,1959,68.6733
Spain,ESP,1959,68.6908
Western Sahara,ESH,1959,38.3213
Eritrea,ERI,1959,36.9691
Egypt,EGY,1959,43.682
Ecuador,ECU,1959,52.736
Algeria,DZA,1959,40.8828
Dominican Republic,DOM,1959,50.9525
Denmark,DNK,1959,72.2253
Dominica,DMA,1959,59.1203
Djibouti,DJI,1959,43.0788
Germany,DEU,1959,69.3345
Czechia,CZE,1959,69.8941
Cyprus,CYP,1959,62.3103
Cayman Islands,CYM,1959,58.238
Curacao,CUW,1959,65.0801
Cuba,CUB,1959,62.8294
Costa Rica,CRI,1959,62.9054
Cape Verde,CPV,1959,48.1539
Comoros,COM,1959,40.4717
Colombia,COL,1959,55.8631
Cook Islands,COK,1959,51.3464
Congo,COG,1959,46.7845
Democratic Republic of Congo,COD,1959,40.6155
Cameroon,CMR,1959,39.8041
Cote d'Ivoire,CIV,1959,36.5469
China,CHN,1959,40.1699
Chile,CHL,1959,56.6425
Switzerland,CHE,1959,71.4531
Canada,CAN,1959,70.6124
Central African Republic,CAF,1959,39.102
Botswana,BWA,1959,50.6686
Bhutan,BTN,1959,36.1217
Brunei,BRN,1959,58.0201
Barbados,BRB,1959,63.3071
Brazil,BRA,1959,52.7043
Bolivia,BOL,1959,43.0097
Bermuda,BMU,1959,65.692
Belize,BLZ,1959,56.5842
Belarus,BLR,1959,67.987
Saint Barthelemy,BLM,1959,59.8912
Bosnia and Herzegovina,BIH,1959,57.605
Bahamas,BHS,1959,62.0846
Bahrain,BHR,1959,48.9511
Bulgaria,BGR,1959,66.6294
Bangladesh,BGD,1959,43.7158
Burkina Faso,BFA,1959,35.7159
Bonaire Sint Eustatius and Saba,BES,1959,68.3297
Benin,BEN,1959,38.3887
Belgium,BEL,1959,70.3138
Burundi,BDI,1959,43.0676
Azerbaijan,AZE,1959,50.2585
Austria,AUT,1959,68.3921
Australia,AUS,1959,70.445
Antigua and Barbuda,ATG,1959,62.129
American Samoa,ASM,1959,64.3203
Armenia,ARM,1959,58.6909
Argentina,ARG,1959,64.0997
United Arab Emirates,ARE,1959,49.7012
Andorra,AND,1959,71.6151
Albania,ALB,1959,55.13
Anguilla,AIA,1959,59.8471
Angola,AGO,1959,37.6939
Afghanistan,AFG,1959,32.3365
Aruba,ABW,1959,63.6106
Zimbabwe,ZWE,1960,53.4922
Zambia,ZMB,1960,50.6483
South Africa,ZAF,1960,52.5751
Yemen,YEM,1960,33.4615
Samoa,WSM,1960,55.1526
Wallis and Futuna,WLF,1960,47.2859
Vanuatu,VUT,1960,49.8407
Vietnam,VNM,1960,58.0462
United States Virgin Islands,VIR,1960,62.6517
British Virgin Islands,VGB,1960,62.7089
Venezuela,VEN,1960,58.3759
Saint Vincent and the Grenadines,VCT,1960,58.5665
Vatican,VAT,1960,69.1891
Uzbekistan,UZB,1960,56.5391
United States,USA,1960,69.8293
Uruguay,URY,1960,67.683
Ukraine,UKR,1960,69.3876
Uganda,UGA,1960,45.6325
Tanzania,TZA,1960,42.5959
Taiwan,TWN,1960,62.5432
Tuvalu,TUV,1960,48.2611
Turkey,TUR,1960,50.799
Tunisia,TUN,1960,44.0491
Trinidad and Tobago,TTO,1960,62.5048
Tonga,TON,1960,58.3149
East Timor,TLS,1960,32.4018
Turkmenistan,TKM,1960,52.1492
Tokelau,TKL,1960,58.5976
Tajikistan,TJK,1960,52.5349
Thailand,THA,1960,50.6085
Togo,TGO,1960,43.5357
Chad,TCD,1960,39.2157
Turks and Caicos Islands,TCA,1960,56.2925
Syria,SYR,1960,52.7232
Seychelles,SYC,1960,60.4932
Sint Maarten (Dutch part),SXM,1960,66.3507
Eswatini,SWZ,1960,46.3885
Sweden,SWE,1960,73.0365
Slovenia,SVN,1960,68.5344
Slovakia,SVK,1960,70.3364
Suriname,SUR,1960,56.5953
Sao Tome and Principe,STP,1960,43.5639
South Sudan,SSD,1960,28.0538
Serbia,SRB,1960,65.7051
Saint Pierre and Miquelon,SPM,1960,66.2562
Somalia,SOM,1960,43.5433
San Marino,SMR,1960,73.1971
El Salvador,SLV,1960,48.2923
Sierra Leone,SLE,1960,33.0904
Solomon Islands,SLB,1960,47.6833
Saint Helena,SHN,1960,67.7333
Singapore,SGP,1960,65.2968
Senegal,SEN,1960,39.6678
Sudan,SDN,1960,49.566
Saudi Arabia,SAU,1960,45.31
Rwanda,RWA,1960,47.0218
Russia,RUS,1960,68.314
Romania,ROU,1960,65.6057
Reunion,REU,1960,57.6616
Qatar,QAT,1960,57.7732
French Polynesia,PYF,1960,59.445
Palestine,PSE,1960,49.2979
Paraguay,PRY,1960,60.1971
Portugal,PRT,1960,64.148
North Korea,PRK,1960,55.8141
Puerto Rico,PRI,1960,68.6272
Poland,POL,1960,67.0803
Papua New Guinea,PNG,1960,45.8047
Palau,PLW,1960,54.8534
Philippines,PHL,1960,59.1754
Peru,PER,1960,50.5966
Panama,PAN,1960,60.2783
Pakistan,PAK,1960,44.1013
World,OWID_WRL,1960,47.8198
Kosovo,OWID_KOS,1960,48.7022
Oman,OMN,1960,35.4292
New Zealand,NZL,1960,71.2235
Nauru,NRU,1960,57.9237
Nepal,NPL,1960,38.6518
Norway,NOR,1960,73.5639
Netherlands,NLD,1960,73.3538
Niue,NIU,1960,59.3838
Nicaragua,NIC,1960,46.3994
Nigeria,NGA,1960,37.2067
Niger,NER,1960,36.1933
New Caledonia,NCL,1960,52.3411
Namibia,NAM,1960,48.5295
Mayotte,MYT,1960,54.363
Malaysia,MYS,1960,57.1681
Malawi,MWI,1960,34.9862
Mauritius,MUS,1960,58.404
Martinique,MTQ,1960,61.6061
Montserrat,MSR,1960,58.6373
Mauritania,MRT,1960,43.6109
Mozambique,MOZ,1960,41.1966
Northern Mariana Islands,MNP,1960,61.39
Mongolia,MNG,1960,44.5422
Montenegro,MNE,1960,65.6777
Myanmar,MMR,1960,44.0861
Malta,MLT,1960,68.4415
Mali,MLI,1960,30.4589
North Macedonia,MKD,1960,60.5044
Marshall Islands,MHL,1960,54.3586
Mexico,MEX,1960,53.5732
Maldives,MDV,1960,38.2441
Madagascar,MDG,1960,43.3485
Moldova,MDA,1960,59.44
Monaco,MCO,1960,71.8614
Morocco,MAR,1960,41.7302
Saint Martin (French part),MAF,1960,67.6485
Macao,MAC,1960,63.9355
Latvia,LVA,1960,70.3316
Luxembourg,LUX,1960,68.7831
Lithuania,LTU,1960,70.289
Lesotho,LSO,1960,50.171
Sri Lanka,LKA,1960,60.6022
Liechtenstein,LIE,1960,70.8957
Saint Lucia,LCA,1960,57.865
Libya,LBY,1960,40.7522
Liberia,LBR,1960,38.073
Lebanon,LBN,1960,63.927
Laos,LAO,1960,41.0364
Kuwait,KWT,1960,58.9212
South Korea,KOR,1960,53.7567
Saint Kitts and Nevis,KNA,1960,56.8404
Kiribati,KIR,1960,47.9579
Cambodia,KHM,1960,42.1339
Kyrgyzstan,KGZ,1960,55.0918
Kenya,KEN,1960,48.4766
Kazakhstan,KAZ,1960,57.9455
Japan,JPN,1960,67.718
Jordan,JOR,1960,52.678
Jersey,JEY,1960,70.4896
Jamaica,JAM,1960,63.8275
Italy,ITA,1960,69.2074
Israel,ISR,1960,69.7535
Iceland,ISL,1960,74.0493
Iraq,IRQ,1960,51.4616
Iran,IRN,1960,43.2965
Ireland,IRL,1960,70.1705
India,IND,1960,45.6104
Isle of Man,IMN,1960,64.5569
Indonesia,IDN,1960,46.8349
Hungary,HUN,1960,68.0871
Haiti,HTI,1960,43.44
Croatia,HRV,1960,65.9462
Honduras,HND,1960,47.1491
Hong Kong,HKG,1960,66.1466
Guyana,GUY,1960,57.5097
Guam,GUM,1960,62.8818
French Guiana,GUF,1960,55.8157
Guatemala,GTM,1960,45.7598
Greenland,GRL,1960,58.5461
Grenada,GRD,1960,63.1436
Greece,GRC,1960,70.5236
Equatorial Guinea,GNQ,1960,42.7416
Guinea-Bissau,GNB,1960,37.5544
Gambia,GMB,1960,34.5741
Guadeloupe,GLP,1960,61.058
Guinea,GIN,1960,36.6231
Gibraltar,GIB,1960,70.2091
Ghana,GHA,1960,46.9416
Guernsey,GGY,1960,75.1942
Georgia,GEO,1960,61.3472
United Kingdom,GBR,1960,71.0251
Gabon,GAB,1960,46.4427
Micronesia (country),FSM,1960,54.1947
Faroe Islands,FRO,1960,72.0184
France,FRA,1960,70.3675
Falkland Islands,FLK,1960,53.539
Fiji,FJI,1960,58.6024
Finland,FIN,1960,68.9929
Ethiopia,ETH,1960,39.6153
Estonia,EST,1960,69.3354
Spain,ESP,1960,69.2066
Western Sahara,ESH,1960,38.6983
Eritrea,ERI,1960,37.4429
Egypt,EGY,1960,44.4361
Ecuador,ECU,1960,53.3961
Algeria,DZA,1960,40.8388
Dominican Republic,DOM,1960,51.7048
Denmark,DNK,1960,72.196
Dominica,DMA,1960,60.0757
Djibouti,DJI,1960,43.4212
Germany,DEU,1960,69.2509
Czechia,CZE,1960,70.4521
Cyprus,CYP,1960,63.3201
Cayman Islands,CYM,1960,58.7824
Curacao,CUW,1960,65.4064
Cuba,CUB,1960,63.3157
Costa Rica,CRI,1960,63.4634
Cape Verde,CPV,1960,48.7127
Comoros,COM,1960,40.7774
Colombia,COL,1960,56.6086
Cook Islands,COK,1960,52.727
Congo,COG,1960,47.5949
Democratic Republic of Congo,COD,1960,40.7518
Cameroon,CMR,1960,34.6667
Cote d'Ivoire,CIV,1960,37.2441
China,CHN,1960,33.419
Chile,CHL,1960,57.2163
Switzerland,CHE,1960,71.4137
Canada,CAN,1960,70.9728
Central African Republic,CAF,1960,39.5724
Botswana,BWA,1960,51.2198
Bhutan,BTN,1960,36.3674
Brunei,BRN,1960,58.7208
Barbados,BRB,1960,64.1488
Brazil,BRA,1960,53.1624
Bolivia,BOL,1960,43.3382
Bermuda,BMU,1960,66.4822
Belize,BLZ,1960,57.3886
Belarus,BLR,1960,69.3223
Saint Barthelemy,BLM,1960,60.1187
Bosnia and Herzegovina,BIH,1960,58.5297
Bahamas,BHS,1960,62.4539
Bahrain,BHR,1960,50.634
Bulgaria,BGR,1960,69.1772
Bangladesh,BGD,1960,43.9795
Burkina Faso,BFA,1960,36.0736
Bonaire Sint Eustatius and Saba,BES,1960,68.5159
Benin,BEN,1960,38.7746
Belgium,BEL,1960,69.6237
Burundi,BDI,1960,43.262
Azerbaijan,AZE,1960,50.8616
Austria,AUT,1960,68.7468
Australia,AUS,1960,70.8652
Antigua and Barbuda,ATG,1960,62.6351
American Samoa,ASM,1960,65.0534
Armenia,ARM,1960,59.1303
Argentina,ARG,1960,64.2423
United Arab Emirates,ARE,1960,50.6505
Andorra,AND,1960,72.0941
Albania,ALB,1960,56.4132
Anguilla,AIA,1960,58.8326
Angola,AGO,1960,37.933
Afghanistan,AFG,1960,32.7987
Aruba,ABW,1960,64.0488
Zimbabwe,ZWE,1961,53.9663
Zambia,ZMB,1961,51.0412
South Africa,ZAF,1961,53.0669
Yemen,YEM,1961,34.0579
Samoa,WSM,1961,55.738
Wallis and Futuna,WLF,1961,47.7118
Vanuatu,VUT,1961,50.3839
Vietnam,VNM,1961,58.4612
United States Virgin Islands,VIR,1961,63.2255
British Virgin Islands,VGB,1961,63.2738
Venezuela,VEN,1961,59.1149
Saint Vincent and the Grenadines,VCT,1961,59.2719
Vatican,VAT,1961,69.8022
Uzbekistan,UZB,1961,56.8737
United States,USA,1961,70.2536
Uruguay,URY,1961,67.8104
Ukraine,UKR,1961,70.0438
Uganda,UGA,1961,46.2707
Tanzania,TZA,1961,42.8413
Taiwan,TWN,1961,62.9844
Tuvalu,TUV,1961,49.0201
Turkey,TUR,1961,51.5584
Tunisia,TUN,1961,44.2568
Trinidad and Tobago,TTO,1961,62.9652
Tonga,TON,1961,58.7574
East Timor,TLS,1961,32.8009
Turkmenistan,TKM,1961,52.5097
Tokelau,TKL,1961,58.9954
Tajikistan,TJK,1961,52.9445
Thailand,THA,1961,51.065
Togo,TGO,1961,43.7455
Chad,TCD,1961,39.4211
Turks and Caicos Islands,TCA,1961,57.0865
Syria,SYR,1961,53.6521
Seychelles,SYC,1961,60.5823
Sint Maarten (Dutch part),SXM,1961,66.6781
Eswatini,SWZ,1961,46.7499
Sweden,SWE,1961,73.4885
Slovenia,SVN,1961,68.8851
Slovakia,SVK,1961,70.7894
Suriname,SUR,1961,57.29
Sao Tome and Principe,STP,1961,45.1927
South Sudan,SSD,1961,28.2783
Serbia,SRB,1961,66.3032
Saint Pierre and Miquelon,SPM,1961,66.4469
Somalia,SOM,1961,43.6667
San Marino,SMR,1961,73.3749
El Salvador,SLV,1961,48.6332
Sierra Leone,SLE,1961,33.6328
Solomon Islands,SLB,1961,48.3357
Saint Helena,SHN,1961,67.7396
Singapore,SGP,1961,65.6863
Senegal,SEN,1961,39.7154
Sudan,SDN,1961,49.9636
Saudi Arabia,SAU,1961,45.8805
Rwanda,RWA,1961,47.4581
Russia,RUS,1961,68.5626
Romania,ROU,1961,66.4153
Reunion,REU,1961,58.7577
Qatar,QAT,1961,58.5019
French Polynesia,PYF,1961,59.8504
Palestine,PSE,1961,49.8177
Paraguay,PRY,1961,60.5166
Portugal,PRT,1961,62.8049
North Korea,PRK,1961,56.4079
Puerto Rico,PRI,1961,68.5277
Poland,POL,1961,67.7976
Papua New Guinea,PNG,1961,46.4247
Palau,PLW,1961,55.0916
Philippines,PHL,1961,59.4689
Peru,PER,1961,51.1919
Panama,PAN,1961,60.9138
Pakistan,PAK,1961,44.9558
World,OWID_WRL,1961,50.3459
Kosovo,OWID_KOS,1961,49.883
Oman,OMN,1961,36.386
New Zealand,NZL,1961,70.9345
Nauru,NRU,1961,58.0045
Nepal,NPL,1961,38.9662
Norway,NOR,1961,73.5644
Netherlands,NLD,1961,73.5503
Niue,NIU,1961,59.9508
Nicaragua,NIC,1961,47.2893
Nigeria,NGA,1961,37.4271
Niger,NER,1961,36.2869
New Caledonia,NCL,1961,53.0683
Namibia,NAM,1961,49.242
Mayotte,MYT,1961,55.3528
Malaysia,MYS,1961,58.015
Malawi,MWI,1961,35.2295
Mauritius,MUS,1961,59.543
Martinique,MTQ,1961,62.8923
Montserrat,MSR,1961,59.4797
Mauritania,MRT,1961,44.3067
Mozambique,MOZ,1961,41.5003
Northern Mariana Islands,MNP,1961,61.6707
Mongolia,MNG,1961,45.4075
Montenegro,MNE,1961,66.1027
Myanmar,MMR,1961,44.6035
Malta,MLT,1961,68.4193
Mali,MLI,1961,30.6366
North Macedonia,MKD,1961,61.7922
Marshall Islands,MHL,1961,54.7252
Mexico,MEX,1961,54.4218
Maldives,MDV,1961,38.6455
Madagascar,MDG,1961,43.79
Moldova,MDA,1961,59.8564
Monaco,MCO,1961,72.1773
Morocco,MAR,1961,43.6945
Saint Martin (French part),MAF,1961,67.9121
Macao,MAC,1961,64.4799
Latvia,LVA,1961,70.5397
Luxembourg,LUX,1961,69.1498
Lithuania,LTU,1961,70.4642
Lesotho,LSO,1961,50.2745
Sri Lanka,LKA,1961,61.1582
Liechtenstein,LIE,1961,70.9701
Saint Lucia,LCA,1961,59.095
Libya,LBY,1961,42.3619
Liberia,LBR,1961,38.1039
Lebanon,LBN,1961,64.267
Laos,LAO,1961,41.3439
Kuwait,KWT,1961,59.9525
South Korea,KOR,1961,54.444
Saint Kitts and Nevis,KNA,1961,57.3379
Kiribati,KIR,1961,48.4685
Cambodia,KHM,1961,42.5882
Kyrgyzstan,KGZ,1961,55.4099
Kenya,KEN,1961,49.3304
Kazakhstan,KAZ,1961,58.1687
Japan,JPN,1961,68.3705
Jordan,JOR,1961,53.68
Jersey,JEY,1961,70.5696
Jamaica,JAM,1961,64.257
Italy,ITA,1961,69.8205
Israel,ISR,1961,69.8062
Iceland,ISL,1961,73.3901
Iraq,IRQ,1961,52.3388
Iran,IRN,1961,43.9003
Ireland,IRL,1961,69.639
India,IND,1961,45.8244
Isle of Man,IMN,1961,64.425
Indonesia,IDN,1961,47.3853
Hungary,HUN,1961,69.0169
Haiti,HTI,1961,43.8248
Croatia,HRV,1961,66.549
Honduras,HND,1961,47.71
Hong Kong,HKG,1961,66.8659
Guyana,GUY,1961,57.9119
Guam,GUM,1961,63.2259
French Guiana,GUF,1961,56.8919
Guatemala,GTM,1961,46.1201
Greenland,GRL,1961,59.3855
Grenada,GRD,1961,63.5528
Greece,GRC,1961,70.3855
Equatorial Guinea,GNQ,1961,43.008
Guinea-Bissau,GNB,1961,37.7882
Gambia,GMB,1961,35.0632
Guadeloupe,GLP,1961,61.5704
Guinea,GIN,1961,36.8157
Gibraltar,GIB,1961,70.1648
Ghana,GHA,1961,47.1275
Guernsey,GGY,1961,72.883
Georgia,GEO,1961,61.7201
United Kingdom,GBR,1961,70.7895
Gabon,GAB,1961,47.1152
Micronesia (country),FSM,1961,54.736
Faroe Islands,FRO,1961,72.6162
France,FRA,1961,70.9582
Falkland Islands,FLK,1961,53.7998
Fiji,FJI,1961,59.1019
Finland,FIN,1961,69.0109
Ethiopia,ETH,1961,40.1978
Estonia,EST,1961,69.641
Spain,ESP,1961,69.5682
Western Sahara,ESH,1961,39.0745
Eritrea,ERI,1961,37.912
Egypt,EGY,1961,45.1456
Ecuador,ECU,1961,54.052
Algeria,DZA,1961,40.7916
Dominican Republic,DOM,1961,52.4472
Denmark,DNK,1961,72.4529
Dominica,DMA,1961,61.0224
Djibouti,DJI,1961,43.7808
Germany,DEU,1961,69.837
Czechia,CZE,1961,70.6216
Cyprus,CYP,1961,64.0758
Cayman Islands,CYM,1961,59.4265
Curacao,CUW,1961,65.745
Cuba,CUB,1961,63.7433
Costa Rica,CRI,1961,63.8599
Cape Verde,CPV,1961,49.4185
Comoros,COM,1961,41.1574
Colombia,COL,1961,57.2025
Cook Islands,COK,1961,54.0835
Congo,COG,1961,48.351
Democratic Republic of Congo,COD,1961,40.1611
Cameroon,CMR,1961,35.1862
Cote d'Ivoire,CIV,1961,37.9232
China,CHN,1961,40.1583
Chile,CHL,1961,57.3091
Switzerland,CHE,1961,71.7428
Canada,CAN,1961,71.2153
Central African Republic,CAF,1961,40.0563
Botswana,BWA,1961,51.7811
Bhutan,BTN,1961,36.6537
Brunei,BRN,1961,59.3866
Barbados,BRB,1961,65.0326
Brazil,BRA,1961,53.5944
Bolivia,BOL,1961,43.6283
Bermuda,BMU,1961,67.5282
Belize,BLZ,1961,52.9437
Belarus,BLR,1961,70.0217
Saint Barthelemy,BLM,1961,60.5622
Bosnia and Herzegovina,BIH,1961,59.2846
Bahamas,BHS,1961,62.8134
Bahrain,BHR,1961,52.2777
Bulgaria,BGR,1961,70.2257
Bangladesh,BGD,1961,44.8874
Burkina Faso,BFA,1961,36.3612
Bonaire Sint Eustatius and Saba,BES,1961,67.9987
Benin,BEN,1961,39.2326
Belgium,BEL,1961,70.498
Burundi,BDI,1961,43.3642
Azerbaijan,AZE,1961,51.4351
Austria,AUT,1961,69.7129
Australia,AUS,1961,71.1348
Antigua and Barbuda,ATG,1961,63.3352
American Samoa,ASM,1961,65.6476
Armenia,ARM,1961,59.5666
Argentina,ARG,1961,64.6314
United Arab Emirates,ARE,1961,51.5963
Andorra,AND,1961,72.5725
Albania,ALB,1961,57.488
Anguilla,AIA,1961,60.9241
Angola,AGO,1961,36.9017
Afghanistan,AFG,1961,33.291
Aruba,ABW,1961,64.2147
Zimbabwe,ZWE,1962,54.4535
Zambia,ZMB,1962,51.3307
South Africa,ZAF,1962,53.5657
Yemen,YEM,1962,33.6691
Samoa,WSM,1962,56.3155
Wallis and Futuna,WLF,1962,48.1696
Vanuatu,VUT,1962,50.9312
Vietnam,VNM,1962,58.2042
United States Virgin Islands,VIR,1962,62.7765
British Virgin Islands,VGB,1962,63.8276
Venezuela,VEN,1962,59.6675
Saint Vincent and the Grenadines,VCT,1962,59.9243
Vatican,VAT,1962,69.2227
Uzbekistan,UZB,1962,57.2177
United States,USA,1962,70.1162
Uruguay,URY,1962,67.9114
Ukraine,UKR,1962,70.4009
Uganda,UGA,1962,46.8207
Tanzania,TZA,1962,43.2146
Taiwan,TWN,1962,63.7948
Tuvalu,TUV,1962,49.7787
Turkey,TUR,1962,52.347
Tunisia,TUN,1962,45.5617
Trinidad and Tobago,TTO,1962,63.4294
Tonga,TON,1962,59.2976
East Timor,TLS,1962,33.221
Turkmenistan,TKM,1962,52.8678
Tokelau,TKL,1962,59.3692
Tajikistan,TJK,1962,53.3743
Thailand,THA,1962,51.4443
Togo,TGO,1962,44.0012
Chad,TCD,1962,39.6075
Turks and Caicos Islands,TCA,1962,57.7417
Syria,SYR,1962,54.5685
Seychelles,SYC,1962,60.6699
Sint Maarten (Dutch part),SXM,1962,67.0538
Eswatini,SWZ,1962,47.1453
Sweden,SWE,1962,73.3506
Slovenia,SVN,1962,68.851
Slovakia,SVK,1962,70.3259
Suriname,SUR,1962,58.0229
Sao Tome and Principe,STP,1962,46.8434
South Sudan,SSD,1962,28.5055
Serbia,SRB,1962,67.0446
Saint Pierre and Miquelon,SPM,1962,66.6512
Somalia,SOM,1962,43.9724
San Marino,SMR,1962,73.5309
El Salvador,SLV,1962,49.0013
Sierra Leone,SLE,1962,34.155
Solomon Islands,SLB,1962,49.0369
Saint Helena,SHN,1962,67.8584
Singapore,SGP,1962,66.0904
Senegal,SEN,1962,39.7376
Sudan,SDN,1962,50.4192
Saudi Arabia,SAU,1962,46.4695
Rwanda,RWA,1962,47.802
Russia,RUS,1962,68.4792
Romania,ROU,1962,67.2084
Reunion,REU,1962,59.3943
Qatar,QAT,1962,59.2259
French Polynesia,PYF,1962,60.2014
Palestine,PSE,1962,50.374
Paraguay,PRY,1962,60.8156
Portugal,PRT,1962,64.3158
North Korea,PRK,1962,56.9976
Puerto Rico,PRI,1962,68.8632
Poland,POL,1962,68.0397
Papua New Guinea,PNG,1962,46.7061
Palau,PLW,1962,55.3782
Philippines,PHL,1962,59.7555
Peru,PER,1962,51.5323
Panama,PAN,1962,61.4278
Pakistan,PAK,1962,45.85
World,OWID_WRL,1962,53.2416
Kosovo,OWID_KOS,1962,48.3782
Oman,OMN,1962,37.4129
New Zealand,NZL,1962,71.1997
Nauru,NRU,1962,58.0234
Nepal,NPL,1962,39.3328
Norway,NOR,1962,73.4591
Netherlands,NLD,1962,73.2232
Niue,NIU,1962,60.5112
Nicaragua,NIC,1962,47.9808
Nigeria,NGA,1962,37.6065
Niger,NER,1962,36.3185
New Caledonia,NCL,1962,53.795
Namibia,NAM,1962,49.9724
Mayotte,MYT,1962,56.3288
Malaysia,MYS,1962,58.8553
Malawi,MWI,1962,35.4491
Mauritius,MUS,1962,60.4612
Martinique,MTQ,1962,62.2727
Montserrat,MSR,1962,60.2893
Mauritania,MRT,1962,45.0468
Mozambique,MOZ,1962,41.7607
Northern Mariana Islands,MNP,1962,61.972
Mongolia,MNG,1962,46.2682
Montenegro,MNE,1962,66.3954
Myanmar,MMR,1962,45.2637
Malta,MLT,1962,69.1717
Mali,MLI,1962,30.8327
North Macedonia,MKD,1962,59.2989
Marshall Islands,MHL,1962,55.2138
Mexico,MEX,1962,55.0573
Maldives,MDV,1962,39.0899
Madagascar,MDG,1962,44.1855
Moldova,MDA,1962,60.2537
Monaco,MCO,1962,72.4374
Morocco,MAR,1962,44.2263
Saint Martin (French part),MAF,1962,68.1942
Macao,MAC,1962,65.0926
Latvia,LVA,1962,69.8996
Luxembourg,LUX,1962,68.4002
Lithuania,LTU,1962,69.4382
Lesotho,LSO,1962,50.3072
Sri Lanka,LKA,1962,61.627
Liechtenstein,LIE,1962,70.8757
Saint Lucia,LCA,1962,59.8765
Libya,LBY,1962,44.0755
Liberia,LBR,1962,38.1673
Lebanon,LBN,1962,64.595
Laos,LAO,1962,42.2719
Kuwait,KWT,1962,60.9776
South Korea,KOR,1962,55.0328
Saint Kitts and Nevis,KNA,1962,57.8399
Kiribati,KIR,1962,49.0418
Cambodia,KHM,1962,43.0786
Kyrgyzstan,KGZ,1962,55.7299
Kenya,KEN,1962,50.104
Kazakhstan,KAZ,1962,58.3917
Japan,JPN,1962,68.6668
Jordan,JOR,1962,54.6331
Jersey,JEY,1962,70.8128
Jamaica,JAM,1962,64.6193
Italy,ITA,1962,69.2196
Israel,ISR,1962,69.3285
Iceland,ISL,1962,73.6111
Iraq,IRQ,1962,53.4819
Iran,IRN,1962,43.7687
Ireland,IRL,1962,69.9476
India,IND,1962,46.1335
Isle of Man,IMN,1962,64.3965
Indonesia,IDN,1962,48.1412
Hungary,HUN,1962,67.9409
Haiti,HTI,1962,44.1962
Croatia,HRV,1962,67.2665
Honduras,HND,1962,48.647
Hong Kong,HKG,1962,67.3115
Guyana,GUY,1962,58.3031
Guam,GUM,1962,63.3486
French Guiana,GUF,1962,57.9202
Guatemala,GTM,1962,46.4917
Greenland,GRL,1962,59.9195
Grenada,GRD,1962,63.752
Greece,GRC,1962,70.3143
Equatorial Guinea,GNQ,1962,43.2749
Guinea-Bissau,GNB,1962,38.0318
Gambia,GMB,1962,35.5986
Guadeloupe,GLP,1962,62.263
Guinea,GIN,1962,36.9973
Gibraltar,GIB,1962,70.1735
Ghana,GHA,1962,47.3353
Guernsey,GGY,1962,73.5752
Georgia,GEO,1962,62.078
United Kingdom,GBR,1962,70.8576
Gabon,GAB,1962,47.7767
Micronesia (country),FSM,1962,55.3929
Faroe Islands,FRO,1962,73.067
France,FRA,1962,70.4704
Falkland Islands,FLK,1962,54.0428
Fiji,FJI,1962,59.6535
Finland,FIN,1962,68.7416
Ethiopia,ETH,1962,40.5305
Estonia,EST,1962,69.8447
Spain,ESP,1962,69.6292
Western Sahara,ESH,1962,39.4603
Eritrea,ERI,1962,38.3461
Egypt,EGY,1962,45.8439
Ecuador,ECU,1962,54.6815
Algeria,DZA,1962,39.5266
Dominican Republic,DOM,1962,53.1987
Denmark,DNK,1962,72.3515
Dominica,DMA,1962,61.8936
Djibouti,DJI,1962,44.0918
Germany,DEU,1962,69.9991
Czechia,CZE,1962,69.8909
Cyprus,CYP,1962,64.7202
Cayman Islands,CYM,1962,60.0896
Curacao,CUW,1962,66.0269
Cuba,CUB,1962,64.3743
Costa Rica,CRI,1962,64.2317
Cape Verde,CPV,1962,50.2386
Comoros,COM,1962,41.5339
Colombia,COL,1962,57.7368
Cook Islands,COK,1962,55.4455
Congo,COG,1962,49.0381
Democratic Republic of Congo,COD,1962,40.3817
Cameroon,CMR,1962,42.5986
Cote d'Ivoire,CIV,1962,38.6204
China,CHN,1962,50.9594
Chile,CHL,1962,57.8108
Switzerland,CHE,1962,71.3027
Canada,CAN,1962,71.2363
Central African Republic,CAF,1962,40.5622
Botswana,BWA,1962,52.3127
Bhutan,BTN,1962,36.9916
Brunei,BRN,1962,58.8244
Barbados,BRB,1962,65.7154
Brazil,BRA,1962,54.0165
Bolivia,BOL,1962,44.0025
Bermuda,BMU,1962,67.8839
Belize,BLZ,1962,58.7407
Belarus,BLR,1962,70.4617
Saint Barthelemy,BLM,1962,61.0169
Bosnia and Herzegovina,BIH,1962,60.1223
Bahamas,BHS,1962,63.1868
Bahrain,BHR,1962,53.8932
Bulgaria,BGR,1962,69.5347
Bangladesh,BGD,1962,45.7651
Burkina Faso,BFA,1962,36.7531
Bonaire Sint Eustatius and Saba,BES,1962,68.9267
Benin,BEN,1962,39.6428
Belgium,BEL,1962,70.2272
Burundi,BDI,1962,43.4919
Azerbaijan,AZE,1962,52.0533
Austria,AUT,1962,69.4991
Australia,AUS,1962,70.9059
Antigua and Barbuda,ATG,1962,63.9955
American Samoa,ASM,1962,66.0077
Armenia,ARM,1962,59.9953
Argentina,ARG,1962,64.6184
United Arab Emirates,ARE,1962,52.5459
Andorra,AND,1962,72.9929
Albania,ALB,1962,58.4944
Anguilla,AIA,1962,61.4229
Angola,AGO,1962,37.1683
Afghanistan,AFG,1962,33.7565
Aruba,ABW,1962,64.602
Zimbabwe,ZWE,1963,54.9416
Zambia,ZMB,1963,51.6046
South Africa,ZAF,1963,53.8947
Yemen,YEM,1963,33.4309
Samoa,WSM,1963,56.8606
Wallis and Futuna,WLF,1963,48.6392
Vanuatu,VUT,1963,51.4847
Vietnam,VNM,1963,56.8966
United States Virgin Islands,VIR,1963,61.5222
British Virgin Islands,VGB,1963,64.3129
Venezuela,VEN,1963,60.5018
Saint Vincent and the Grenadines,VCT,1963,60.5212
Vatican,VAT,1963,69.3031
Uzbekistan,UZB,1963,57.5636
United States,USA,1963,69.9428
Uruguay,URY,1963,68.0226
Ukraine,UKR,1963,70.6835
Uganda,UGA,1963,47.3781
Tanzania,TZA,1963,43.6157
Taiwan,TWN,1963,64.472
Tuvalu,TUV,1963,50.5803
Turkey,TUR,1963,53.1195
Tunisia,TUN,1963,46.412
Trinidad and Tobago,TTO,1963,63.6326
Tonga,TON,1963,59.7702
East Timor,TLS,1963,33.6654
Turkmenistan,TKM,1963,53.2281
Tokelau,TKL,1963,59.7584
Tajikistan,TJK,1963,53.7915
Thailand,THA,1963,51.988
Togo,TGO,1963,44.274
Chad,TCD,1963,39.8927
Turks and Caicos Islands,TCA,1963,58.4265
Syria,SYR,1963,55.3935
Seychelles,SYC,1963,60.9088
Sint Maarten (Dutch part),SXM,1963,67.4668
Eswatini,SWZ,1963,47.4715
Sweden,SWE,1963,73.5328
Slovenia,SVN,1963,68.6072
Slovakia,SVK,1963,70.6883
Suriname,SUR,1963,58.4958
Sao Tome and Principe,STP,1963,48.3996
South Sudan,SSD,1963,28.249
Serbia,SRB,1963,67.3511
Saint Pierre and Miquelon,SPM,1963,66.7782
Somalia,SOM,1963,44.1944
San Marino,SMR,1963,73.5859
El Salvador,SLV,1963,49.3803
Sierra Leone,SLE,1963,34.7047
Solomon Islands,SLB,1963,49.815
Saint Helena,SHN,1963,67.9395
Singapore,SGP,1963,66.4883
Senegal,SEN,1963,39.7446
Sudan,SDN,1963,50.8164
Saudi Arabia,SAU,1963,47.0858
Rwanda,RWA,1963,43.998
Russia,RUS,1963,69.0564
Romania,ROU,1963,67.8101
Reunion,REU,1963,59.8361
Qatar,QAT,1963,59.9596
French Polynesia,PYF,1963,60.5135
Palestine,PSE,1963,50.9598
Paraguay,PRY,1963,61.1009
Portugal,PRT,1963,64.9267
North Korea,PRK,1963,57.5785
Puerto Rico,PRI,1963,68.7265
Poland,POL,1963,68.3219
Papua New Guinea,PNG,1963,47.6741
Palau,PLW,1963,55.5667
Philippines,PHL,1963,60.0183
Peru,PER,1963,52.5971
Panama,PAN,1963,61.8137
Pakistan,PAK,1963,46.7605
World,OWID_WRL,1963,53.7161
Kosovo,OWID_KOS,1963,50.0979
Oman,OMN,1963,38.4977
New Zealand,NZL,1963,71.2666
Nauru,NRU,1963,58.0993
Nepal,NPL,1963,39.6078
Norway,NOR,1963,73.0967
Netherlands,NLD,1963,73.3506
Niue,NIU,1963,61.0255
Nicaragua,NIC,1963,48.7522
Nigeria,NGA,1963,37.8062
Niger,NER,1963,36.4367
New Caledonia,NCL,1963,54.5314
Namibia,NAM,1963,50.641
Mayotte,MYT,1963,57.2637
Malaysia,MYS,1963,59.6674
Malawi,MWI,1963,35.6426
Mauritius,MUS,1963,61.1478
Martinique,MTQ,1963,62.6348
Montserrat,MSR,1963,61.0069
Mauritania,MRT,1963,45.7937
Mozambique,MOZ,1963,41.9578
Northern Mariana Islands,MNP,1963,62.3078
Mongolia,MNG,1963,47.1347
Montenegro,MNE,1963,66.7834
Myanmar,MMR,1963,45.9512
Malta,MLT,1963,69.249
Mali,MLI,1963,31.0203
North Macedonia,MKD,1963,61.3912
Marshall Islands,MHL,1963,55.7391
Mexico,MEX,1963,55.501
Maldives,MDV,1963,39.5935
Madagascar,MDG,1963,44.6257
Moldova,MDA,1963,60.6159
Monaco,MCO,1963,72.4764
Morocco,MAR,1963,44.7682
Saint Martin (French part),MAF,1963,68.4867
Macao,MAC,1963,65.6513
Latvia,LVA,1963,70.3372
Luxembourg,LUX,1963,68.6693
Lithuania,LTU,1963,70.5679
Lesotho,LSO,1963,50.2597
Sri Lanka,LKA,1963,62.0307
Liechtenstein,LIE,1963,70.9323
Saint Lucia,LCA,1963,60.5379
Libya,LBY,1963,45.5845
Liberia,LBR,1963,38.3091
Lebanon,LBN,1963,64.8787
Laos,LAO,1963,41.5441
Kuwait,KWT,1963,61.986
South Korea,KOR,1963,54.9881
Saint Kitts and Nevis,KNA,1963,58.4296
Kiribati,KIR,1963,49.6881
Cambodia,KHM,1963,43.6125
Kyrgyzstan,KGZ,1963,56.0337
Kenya,KEN,1963,50.758
Kazakhstan,KAZ,1963,58.6125
Japan,JPN,1963,69.7463
Jordan,JOR,1963,55.4889
Jersey,JEY,1963,70.9569
Jamaica,JAM,1963,64.9986
Italy,ITA,1963,69.3165
Israel,ISR,1963,69.6206
Iceland,ISL,1963,72.9425
Iraq,IRQ,1963,54.3604
Iran,IRN,1963,45.1051
Ireland,IRL,1963,70.1898
India,IND,1963,46.4581
Isle of Man,IMN,1963,64.4577
Indonesia,IDN,1963,48.7415
Hungary,HUN,1963,68.9436
Haiti,HTI,1963,42.724
Croatia,HRV,1963,67.6194
Honduras,HND,1963,49.3847
Hong Kong,HKG,1963,68.0216
Guyana,GUY,1963,58.644
Guam,GUM,1963,63.8326
French Guiana,GUF,1963,58.8599
Guatemala,GTM,1963,46.6218
Greenland,GRL,1963,60.2809
Grenada,GRD,1963,63.7829
Greece,GRC,1963,70.6473
Equatorial Guinea,GNQ,1963,43.5396
Guinea-Bissau,GNB,1963,35.6436
Gambia,GMB,1963,36.0864
Guadeloupe,GLP,1963,62.6842
Guinea,GIN,1963,37.1964
Gibraltar,GIB,1963,70.2493
Ghana,GHA,1963,47.4758
Guernsey,GGY,1963,73.8335
Georgia,GEO,1963,62.4572
United Kingdom,GBR,1963,70.7609
Gabon,GAB,1963,48.4248
Micronesia (country),FSM,1963,56.0039
Faroe Islands,FRO,1963,73.4316
France,FRA,1963,70.3204
Falkland Islands,FLK,1963,54.1847
Fiji,FJI,1963,60.1554
Finland,FIN,1963,69.1788
Ethiopia,ETH,1963,40.9667
Estonia,EST,1963,69.885
Spain,ESP,1963,69.7665
Western Sahara,ESH,1963,39.8399
Eritrea,ERI,1963,38.8333
Egypt,EGY,1963,46.4929
Ecuador,ECU,1963,55.3222
Algeria,DZA,1963,43.1431
Dominican Republic,DOM,1963,53.7536
Denmark,DNK,1963,72.419
Dominica,DMA,1963,62.6123
Djibouti,DJI,1963,44.4421
Germany,DEU,1963,70.1167
Czechia,CZE,1963,70.3905
Cyprus,CYP,1963,61.7791
Cayman Islands,CYM,1963,60.7796
Curacao,CUW,1963,66.3116
Cuba,CUB,1963,64.3467
Costa Rica,CRI,1963,64.3258
Cape Verde,CPV,1963,51.1447
Comoros,COM,1963,41.9093
Colombia,COL,1963,58.2961
Cook Islands,COK,1963,56.5935
Congo,COG,1963,49.7286
Democratic Republic of Congo,COD,1963,40.6039
Cameroon,CMR,1963,43.0744
Cote d'Ivoire,CIV,1963,39.3153
China,CHN,1963,51.6698
Chile,CHL,1963,58.3487
Switzerland,CHE,1963,71.2924
Canada,CAN,1963,71.266
Central African Republic,CAF,1963,41.0897
Botswana,BWA,1963,52.8482
Bhutan,BTN,1963,37.37
Brunei,BRN,1963,60.6251
Barbados,BRB,1963,66.2045
Brazil,BRA,1963,54.4516
Bolivia,BOL,1963,44.3348
Bermuda,BMU,1963,67.6894
Belize,BLZ,1963,59.3162
Belarus,BLR,1963,70.7977
Saint Barthelemy,BLM,1963,61.0555
Bosnia and Herzegovina,BIH,1963,60.5107
Bahamas,BHS,1963,63.532
Bahrain,BHR,1963,55.4493
Bulgaria,BGR,1963,70.339
Bangladesh,BGD,1963,45.7217
Burkina Faso,BFA,1963,37.0928
Bonaire Sint Eustatius and Saba,BES,1963,70.8127
Benin,BEN,1963,40.0813
Belgium,BEL,1963,70.0424
Burundi,BDI,1963,43.5585
Azerbaijan,AZE,1963,52.6964
Austria,AUT,1963,69.6529
Australia,AUS,1963,70.9606
Antigua and Barbuda,ATG,1963,64.6969
American Samoa,ASM,1963,66.1611
Armenia,ARM,1963,60.4123
Argentina,ARG,1963,64.8554
United Arab Emirates,ARE,1963,53.5092
Andorra,AND,1963,73.2981
Albania,ALB,1963,59.4792
Anguilla,AIA,1963,61.9086
Angola,AGO,1963,37.4192
Afghanistan,AFG,1963,34.2008
Aruba,ABW,1963,64.9444
Zimbabwe,ZWE,1964,55.4311
Zambia,ZMB,1964,51.1705
South Africa,ZAF,1964,54.2147
Yemen,YEM,1964,34.9073
Samoa,WSM,1964,54.0434
Wallis and Futuna,WLF,1964,49.1137
Vanuatu,VUT,1964,51.9689
Vietnam,VNM,1964,57.4733
United States Virgin Islands,VIR,1964,64.2198
British Virgin Islands,VGB,1964,64.7568
Venezuela,VEN,1964,61.1677
Saint Vincent and the Grenadines,VCT,1964,61.0708
Vatican,VAT,1964,70.2688
Uzbekistan,UZB,1964,57.9221
United States,USA,1964,70.1993
Uruguay,URY,1964,68.1115
Ukraine,UKR,1964,70.9716
Uganda,UGA,1964,47.8464
Tanzania,TZA,1964,44.075
Taiwan,TWN,1964,64.8758
Tuvalu,TUV,1964,51.3359
Turkey,TUR,1964,53.5996
Tunisia,TUN,1964,47.2716
Trinidad and Tobago,TTO,1964,63.978
Tonga,TON,1964,60.2507
East Timor,TLS,1964,34.1473
Turkmenistan,TKM,1964,53.5947
Tokelau,TKL,1964,60.1459
Tajikistan,TJK,1964,54.2244
Thailand,THA,1964,52.5386
Togo,TGO,1964,44.6004
Chad,TCD,1964,40.1203
Turks and Caicos Islands,TCA,1964,59.1188
Syria,SYR,1964,56.1701
Seychelles,SYC,1964,61.153
Sint Maarten (Dutch part),SXM,1964,67.7816
Eswatini,SWZ,1964,47.922
Sweden,SWE,1964,73.7054
Slovenia,SVN,1964,68.4869
Slovakia,SVK,1964,71.0767
Suriname,SUR,1964,58.9081
Sao Tome and Principe,STP,1964,49.7395
South Sudan,SSD,1964,32.4581
Serbia,SRB,1964,67.9978
Saint Pierre and Miquelon,SPM,1964,66.8457
Somalia,SOM,1964,44.3928
San Marino,SMR,1964,73.6578
El Salvador,SLV,1964,49.7498
Sierra Leone,SLE,1964,35.2976
Solomon Islands,SLB,1964,50.5827
Saint Helena,SHN,1964,68.0474
Singapore,SGP,1964,66.7124
Senegal,SEN,1964,39.7554
Sudan,SDN,1964,50.8792
Saudi Arabia,SAU,1964,47.7321
Rwanda,RWA,1964,48.1314
Russia,RUS,1964,69.497
Romania,ROU,1964,68.3509
Reunion,REU,1964,60.3128
Qatar,QAT,1964,60.7003
French Polynesia,PYF,1964,60.7972
Palestine,PSE,1964,51.5523
Paraguay,PRY,1964,61.3685
Portugal,PRT,1964,65.1252
North Korea,PRK,1964,58.1701
Puerto Rico,PRI,1964,68.2417
Poland,POL,1964,68.9427
Papua New Guinea,PNG,1964,48.2946
Palau,PLW,1964,55.7947
Philippines,PHL,1964,60.1298
Peru,PER,1964,53.3021
Panama,PAN,1964,62.1006
Pakistan,PAK,1964,47.831
World,OWID_WRL,1964,54.2603
Kosovo,OWID_KOS,1964,51.1188
Oman,OMN,1964,39.6282
New Zealand,NZL,1964,71.2952
Nauru,NRU,1964,58.1671
Nepal,NPL,1964,40.2289
Norway,NOR,1964,73.6079
Netherlands,NLD,1964,73.7356
Niue,NIU,1964,61.5326
Nicaragua,NIC,1964,49.5863
Nigeria,NGA,1964,37.9802
Niger,NER,1964,36.4641
New Caledonia,NCL,1964,55.2871
Namibia,NAM,1964,51.3487
Mayotte,MYT,1964,58.2647
Malaysia,MYS,1964,60.4476
Malawi,MWI,1964,35.6806
Mauritius,MUS,1964,61.5215
Martinique,MTQ,1964,63.1557
Montserrat,MSR,1964,61.6708
Mauritania,MRT,1964,46.5808
Mozambique,MOZ,1964,41.6563
Northern Mariana Islands,MNP,1964,62.5917
Mongolia,MNG,1964,47.9484
Montenegro,MNE,1964,67.3866
Myanmar,MMR,1964,46.6527
Malta,MLT,1964,69.3405
Mali,MLI,1964,31.2314
North Macedonia,MKD,1964,61.5375
Marshall Islands,MHL,1964,56.2649
Mexico,MEX,1964,55.9164
Maldives,MDV,1964,40.1519
Madagascar,MDG,1964,45.0367
Moldova,MDA,1964,60.9621
Monaco,MCO,1964,72.7064
Morocco,MAR,1964,45.3459
Saint Martin (French part),MAF,1964,68.7569
Macao,MAC,1964,66.0336
Latvia,LVA,1964,71.532
Luxembourg,LUX,1964,68.8282
Lithuania,LTU,1964,71.9352
Lesotho,LSO,1964,50.3068
Sri Lanka,LKA,1964,62.376
Liechtenstein,LIE,1964,71.0747
Saint Lucia,LCA,1964,61.3393
Libya,LBY,1964,47.6522
Liberia,LBR,1964,38.4511
Lebanon,LBN,1964,65.1027
Laos,LAO,1964,41.8593
Kuwait,KWT,1964,62.9737
South Korea,KOR,1964,55.3355
Saint Kitts and Nevis,KNA,1964,59.0399
Kiribati,KIR,1964,50.3556
Cambodia,KHM,1964,44.044
Kyrgyzstan,KGZ,1964,56.3327
Kenya,KEN,1964,51.3229
Kazakhstan,KAZ,1964,58.8302
Japan,JPN,1964,70.1973
Jordan,JOR,1964,56.4562
Jersey,JEY,1964,71.085
Jamaica,JAM,1964,65.3466
Italy,ITA,1964,70.3842
Israel,ISR,1964,69.6079
Iceland,ISL,1964,73.5252
Iraq,IRQ,1964,55.2447
Iran,IRN,1964,45.7351
Ireland,IRL,1964,70.447
India,IND,1964,46.7418
Isle of Man,IMN,1964,64.6657
Indonesia,IDN,1964,49.4397
Hungary,HUN,1964,69.4676
Haiti,HTI,1964,44.9281
Croatia,HRV,1964,68.044
Honduras,HND,1964,50.1975
Hong Kong,HKG,1964,68.5759
Guyana,GUY,1964,58.958
Guam,GUM,1964,64.1037
French Guiana,GUF,1964,59.7396
Guatemala,GTM,1964,47.0552
Greenland,GRL,1964,60.6938
Grenada,GRD,1964,64.1986
Greece,GRC,1964,70.5313
Equatorial Guinea,GNQ,1964,43.8049
Guinea-Bissau,GNB,1964,35.807
Gambia,GMB,1964,36.579
Guadeloupe,GLP,1964,62.6415
Guinea,GIN,1964,37.415
Gibraltar,GIB,1964,70.4382
Ghana,GHA,1964,47.6371
Guernsey,GGY,1964,73.1165
Georgia,GEO,1964,62.818
United Kingdom,GBR,1964,71.5407
Gabon,GAB,1964,48.9938
Micronesia (country),FSM,1964,56.655
Faroe Islands,FRO,1964,73.7209
France,FRA,1964,71.2802
Falkland Islands,FLK,1964,54.3337
Fiji,FJI,1964,60.714
Finland,FIN,1964,69.379
Ethiopia,ETH,1964,41.2605
Estonia,EST,1964,70.6483
Spain,ESP,1964,70.4937
Western Sahara,ESH,1964,40.2135
Eritrea,ERI,1964,39.1841
Egypt,EGY,1964,47.0755
Ecuador,ECU,1964,55.9501
Algeria,DZA,1964,42.9867
Dominican Republic,DOM,1964,54.6529
Denmark,DNK,1964,72.5077
Dominica,DMA,1964,63.2778
Djibouti,DJI,1964,44.812
Germany,DEU,1964,70.6493
Czechia,CZE,1964,70.5891
Cyprus,CYP,1964,62.2404
Cayman Islands,CYM,1964,61.4364
Curacao,CUW,1964,66.5904
Cuba,CUB,1964,65.2636
Costa Rica,CRI,1964,64.4931
Cape Verde,CPV,1964,52.0888
Comoros,COM,1964,42.3277
Colombia,COL,1964,58.7695
Cook Islands,COK,1964,57.774
Congo,COG,1964,50.3626
Democratic Republic of Congo,COD,1964,40.0993
Cameroon,CMR,1964,43.5963
Cote d'Ivoire,CIV,1964,39.9656
China,CHN,1964,52.3425
Chile,CHL,1964,58.8118
Switzerland,CHE,1964,72.1791
Canada,CAN,1964,71.6382
Central African Republic,CAF,1964,41.6398
Botswana,BWA,1964,53.3582
Bhutan,BTN,1964,37.7961
Brunei,BRN,1964,61.2665
Barbados,BRB,1964,66.6783
Brazil,BRA,1964,54.8483
Bolivia,BOL,1964,44.6739
Bermuda,BMU,1964,67.5
Belize,BLZ,1964,59.8402
Belarus,BLR,1964,71.3025
Saint Barthelemy,BLM,1964,61.5373
Bosnia and Herzegovina,BIH,1964,61.5115
Bahamas,BHS,1964,63.8965
Bahrain,BHR,1964,56.9463
Bulgaria,BGR,1964,71.1367
Bangladesh,BGD,1964,46.7522
Burkina Faso,BFA,1964,37.3986
Bonaire Sint Eustatius and Saba,BES,1964,70.9233
Benin,BEN,1964,40.5025
Belgium,BEL,1964,70.7055
Burundi,BDI,1964,43.601
Azerbaijan,AZE,1964,53.292
Austria,AUT,1964,70.1194
Australia,AUS,1964,70.5715
Antigua and Barbuda,ATG,1964,65.4281
American Samoa,ASM,1964,66.1349
Armenia,ARM,1964,60.8132
Argentina,ARG,1964,64.8161
United Arab Emirates,ARE,1964,54.495
Andorra,AND,1964,73.6241
Albania,ALB,1964,60.4035
Anguilla,AIA,1964,62.3898
Angola,AGO,1964,37.7041
Afghanistan,AFG,1964,34.6726
Aruba,ABW,1964,65.3026
Zimbabwe,ZWE,1965,55.9054
Zambia,ZMB,1965,52.0793
South Africa,ZAF,1965,54.4272
Yemen,YEM,1965,35.5922
Samoa,WSM,1965,57.8862
Wallis and Futuna,WLF,1965,49.5982
Vanuatu,VUT,1965,52.5269
Vietnam,VNM,1965,56.9667
United States Virgin Islands,VIR,1965,64.7696
British Virgin Islands,VGB,1965,65.1493
Venezuela,VEN,1965,61.9088
Saint Vincent and the Grenadines,VCT,1965,61.6096
Vatican,VAT,1965,70.135
Uzbekistan,UZB,1965,58.2766
United States,USA,1965,70.2495
Uruguay,URY,1965,68.2003
Ukraine,UKR,1965,71.1431
Uganda,UGA,1965,48.3027
Tanzania,TZA,1965,44.542
Taiwan,TWN,1965,65.7341
Tuvalu,TUV,1965,52.0863
Turkey,TUR,1965,54.1048
Tunisia,TUN,1965,48.2041
Trinidad and Tobago,TTO,1965,64.1952
Tonga,TON,1965,60.7198
East Timor,TLS,1965,34.6532
Turkmenistan,TKM,1965,53.9855
Tokelau,TKL,1965,60.4875
Tajikistan,TJK,1965,54.6547
Thailand,THA,1965,53.131
Togo,TGO,1965,44.9168
Chad,TCD,1965,40.05
Turks and Caicos Islands,TCA,1965,59.8059
Syria,SYR,1965,56.901
Seychelles,SYC,1965,61.4442
Sint Maarten (Dutch part),SXM,1965,68.0477
Eswatini,SWZ,1965,48.4314
Sweden,SWE,1965,73.8726
Slovenia,SVN,1965,68.7006
Slovakia,SVK,1965,70.2836
Suriname,SUR,1965,59.1368
Sao Tome and Principe,STP,1965,51.0721
South Sudan,SSD,1965,28.7806
Serbia,SRB,1965,68.7171
Saint Pierre and Miquelon,SPM,1965,66.8649
Somalia,SOM,1965,44.6306
San Marino,SMR,1965,73.7227
El Salvador,SLV,1965,50.2076
Sierra Leone,SLE,1965,35.93
Solomon Islands,SLB,1965,51.4063
Saint Helena,SHN,1965,68.2445
Singapore,SGP,1965,66.9432
Senegal,SEN,1965,39.7614
Sudan,SDN,1965,51.0311
Saudi Arabia,SAU,1965,48.4359
Rwanda,RWA,1965,48.2031
Russia,RUS,1965,69.2843
Romania,ROU,1965,68.3864
Reunion,REU,1965,60.9744
Qatar,QAT,1965,61.4411
French Polynesia,PYF,1965,61.0689
Palestine,PSE,1965,52.1737
Paraguay,PRY,1965,61.6063
Portugal,PRT,1965,66.0946
North Korea,PRK,1965,58.7854
Puerto Rico,PRI,1965,69.2892
Poland,POL,1965,69.3849
Papua New Guinea,PNG,1965,48.9267
Palau,PLW,1965,55.9383
Philippines,PHL,1965,60.4098
Peru,PER,1965,53.8712
Panama,PAN,1965,62.3375
Pakistan,PAK,1965,48.4954
World,OWID_WRL,1965,53.9975
Kosovo,OWID_KOS,1965,52.0028
Oman,OMN,1965,40.7905
New Zealand,NZL,1965,71.2151
Nauru,NRU,1965,58.2547
Nepal,NPL,1965,40.6884
Norway,NOR,1965,73.726
Netherlands,NLD,1965,73.6055
Niue,NIU,1965,62.0672
Nicaragua,NIC,1965,50.6467
Nigeria,NGA,1965,38.2208
Niger,NER,1965,36.4038
New Caledonia,NCL,1965,56.0663
Namibia,NAM,1965,51.9973
Mayotte,MYT,1965,59.2107
Malaysia,MYS,1965,61.1444
Malawi,MWI,1965,35.7401
Mauritius,MUS,1965,62.0689
Martinique,MTQ,1965,64.1553
Montserrat,MSR,1965,62.2702
Mauritania,MRT,1965,47.3596
Mozambique,MOZ,1965,41.7922
Northern Mariana Islands,MNP,1965,62.9575
Mongolia,MNG,1965,48.7164
Montenegro,MNE,1965,68.08
Myanmar,MMR,1965,47.4049
Malta,MLT,1965,69.4531
Mali,MLI,1965,31.5285
North Macedonia,MKD,1965,62.6086
Marshall Islands,MHL,1965,56.7788
Mexico,MEX,1965,56.6876
Maldives,MDV,1965,40.7586
Madagascar,MDG,1965,45.4474
Moldova,MDA,1965,61.2752
Monaco,MCO,1965,72.8663
Morocco,MAR,1965,45.9223
Saint Martin (French part),MAF,1965,69.0344
Macao,MAC,1965,66.3144
Latvia,LVA,1965,71.2237
Luxembourg,LUX,1965,69.2087
Lithuania,LTU,1965,71.6943
Lesotho,LSO,1965,50.3259
Sri Lanka,LKA,1965,62.7926
Liechtenstein,LIE,1965,71.2406
Saint Lucia,LCA,1965,61.9243
Libya,LBY,1965,49.2776
Liberia,LBR,1965,38.693
Lebanon,LBN,1965,65.3168
Laos,LAO,1965,42.2222
Kuwait,KWT,1965,63.9393
South Korea,KOR,1965,55.7837
Saint Kitts and Nevis,KNA,1965,59.5953
Kiribati,KIR,1965,51.0282
Cambodia,KHM,1965,44.4969
Kyrgyzstan,KGZ,1965,56.6421
Kenya,KEN,1965,51.8865
Kazakhstan,KAZ,1965,59.0423
Japan,JPN,1965,70.257
Jordan,JOR,1965,57.3168
Jersey,JEY,1965,71.2469
Jamaica,JAM,1965,65.6633
Italy,ITA,1965,70.2601
Israel,ISR,1965,70.5022
Iceland,ISL,1965,73.7964
Iraq,IRQ,1965,56.3872
Iran,IRN,1965,46.3723
Ireland,IRL,1965,70.6439
India,IND,1965,45.5579
Isle of Man,IMN,1965,64.9225
Indonesia,IDN,1965,42.7619
Hungary,HUN,1965,69.1487
Haiti,HTI,1965,45.3714
Croatia,HRV,1965,68.4751
Honduras,HND,1965,50.8627
Hong Kong,HKG,1965,68.8855
Guyana,GUY,1965,59.1372
Guam,GUM,1965,64.367
French Guiana,GUF,1965,60.5477
Guatemala,GTM,1965,47.1855
Greenland,GRL,1965,61.2235
Grenada,GRD,1965,64.7804
Greece,GRC,1965,71.4608
Equatorial Guinea,GNQ,1965,44.0694
Guinea-Bissau,GNB,1965,35.9199
Gambia,GMB,1965,37.1196
Guadeloupe,GLP,1965,63.1674
Guinea,GIN,1965,37.6534
Gibraltar,GIB,1965,70.755
Ghana,GHA,1965,47.6889
Guernsey,GGY,1965,72.1575
Georgia,GEO,1965,63.0967
United Kingdom,GBR,1965,71.5157
Gabon,GAB,1965,49.7096
Micronesia (country),FSM,1965,57.1988
Faroe Islands,FRO,1965,73.961
France,FRA,1965,71.1067
Falkland Islands,FLK,1965,54.5297
Fiji,FJI,1965,61.4126
Finland,FIN,1965,69.1268
Ethiopia,ETH,1965,41.413
Estonia,EST,1965,70.715
Spain,ESP,1965,70.9
Western Sahara,ESH,1965,40.5828
Eritrea,ERI,1965,39.5761
Egypt,EGY,1965,47.5767
Ecuador,ECU,1965,56.5243
Algeria,DZA,1965,42.8455
Dominican Republic,DOM,1965,52.8424
Denmark,DNK,1965,72.3884
Dominica,DMA,1965,63.9132
Djibouti,DJI,1965,45.2344
Germany,DEU,1965,70.6251
Czechia,CZE,1965,70.2584
Cyprus,CYP,1965,66.1243
Cayman Islands,CYM,1965,62.1863
Curacao,CUW,1965,66.8618
Cuba,CUB,1965,65.6364
Costa Rica,CRI,1965,64.76
Cape Verde,CPV,1965,53.0404
Comoros,COM,1965,42.6756
Colombia,COL,1965,59.2469
Cook Islands,COK,1965,58.8391
Congo,COG,1965,50.9964
Democratic Republic of Congo,COD,1965,40.7669
Cameroon,CMR,1965,44.1753
Cote d'Ivoire,CIV,1965,40.6428
China,CHN,1965,53.0009
Chile,CHL,1965,59.4726
Switzerland,CHE,1965,72.318
Canada,CAN,1965,71.7479
Central African Republic,CAF,1965,42.2069
Botswana,BWA,1965,53.8534
Bhutan,BTN,1965,38.2633
Brunei,BRN,1965,61.7211
Barbados,BRB,1965,67.2358
Brazil,BRA,1965,55.2429
Bolivia,BOL,1965,45.09
Bermuda,BMU,1965,67.5816
Belize,BLZ,1965,60.3559
Belarus,BLR,1965,71.6312
Saint Barthelemy,BLM,1965,61.9873
Bosnia and Herzegovina,BIH,1965,62.213
Bahamas,BHS,1965,64.2723
Bahrain,BHR,1965,58.3791
Bulgaria,BGR,1965,71.3063
Bangladesh,BGD,1965,46.0464
Burkina Faso,BFA,1965,37.758
Bonaire Sint Eustatius and Saba,BES,1965,69.207
Benin,BEN,1965,40.971
Belgium,BEL,1965,70.5551
Burundi,BDI,1965,41.8441
Azerbaijan,AZE,1965,53.884
Austria,AUT,1965,69.9316
Australia,AUS,1965,70.8021
Antigua and Barbuda,ATG,1965,66.1711
American Samoa,ASM,1965,65.9962
Armenia,ARM,1965,61.1945
Argentina,ARG,1965,65.0531
United Arab Emirates,ARE,1965,55.5118
Andorra,AND,1965,73.8557
Albania,ALB,1965,61.2735
Anguilla,AIA,1965,62.8846
Angola,AGO,1965,37.9682
Afghanistan,AFG,1965,35.1245
Aruba,ABW,1965,65.6151
Zimbabwe,ZWE,1966,56.3595
Zambia,ZMB,1966,52.2897
South Africa,ZAF,1966,54.7315
Yemen,YEM,1966,36.264
Samoa,WSM,1966,58.2249
Wallis and Futuna,WLF,1966,50.0525
Vanuatu,VUT,1966,53.0903
Vietnam,VNM,1966,56.9137
United States Virgin Islands,VIR,1966,63.7289
British Virgin Islands,VGB,1966,65.4964
Venezuela,VEN,1966,62.8941
Saint Vincent and the Grenadines,VCT,1966,62.1015
Vatican,VAT,1966,70.8835
Uzbekistan,UZB,1966,58.6326
United States,USA,1966,70.21
Uruguay,URY,1966,68.3017
Ukraine,UKR,1966,71.1629
Uganda,UGA,1966,48.4628
Tanzania,TZA,1966,44.9413
Taiwan,TWN,1966,66.0896
Tuvalu,TUV,1966,52.8092
Turkey,TUR,1966,54.5698
Tunisia,TUN,1966,49.158
Trinidad and Tobago,TTO,1966,64.3156
Tonga,TON,1966,61.2099
East Timor,TLS,1966,35.1737
Turkmenistan,TKM,1966,54.4026
Tokelau,TKL,1966,60.8914
Tajikistan,TJK,1966,55.0786
Thailand,THA,1966,53.7294
Togo,TGO,1966,45.2275
Chad,TCD,1966,40.0887
Turks and Caicos Islands,TCA,1966,60.4407
Syria,SYR,1966,57.5504
Seychelles,SYC,1966,61.6822
Sint Maarten (Dutch part),SXM,1966,68.5055
Eswatini,SWZ,1966,48.9905
Sweden,SWE,1966,74.101
Slovenia,SVN,1966,68.8814
Slovakia,SVK,1966,70.4187
Suriname,SUR,1966,59.2316
Sao Tome and Principe,STP,1966,52.309
South Sudan,SSD,1966,25.6329
Serbia,SRB,1966,69.4271
Saint Pierre and Miquelon,SPM,1966,66.8795
Somalia,SOM,1966,44.8431
San Marino,SMR,1966,73.8391
El Salvador,SLV,1966,50.6715
Sierra Leone,SLE,1966,36.6399
Solomon Islands,SLB,1966,52.2562
Saint Helena,SHN,1966,68.4004
Singapore,SGP,1966,67.2369
Senegal,SEN,1966,39.8482
Sudan,SDN,1966,51.2529
Saudi Arabia,SAU,1966,49.1866
Rwanda,RWA,1966,48.0836
Russia,RUS,1966,69.3588
Romania,ROU,1966,68.2341
Reunion,REU,1966,61.4345
Qatar,QAT,1966,62.1706
French Polynesia,PYF,1966,61.3529
Palestine,PSE,1966,52.8028
Paraguay,PRY,1966,61.8321
Portugal,PRT,1966,65.609
North Korea,PRK,1966,59.4235
Puerto Rico,PRI,1966,70.223
Poland,POL,1966,69.6559
Papua New Guinea,PNG,1966,49.5661
Palau,PLW,1966,56.2121
Philippines,PHL,1966,60.6228
Peru,PER,1966,54.4004
Panama,PAN,1966,62.6288
Pakistan,PAK,1966,49.7973
World,OWID_WRL,1966,54.5644
Kosovo,OWID_KOS,1966,52.4723
Oman,OMN,1966,41.975
New Zealand,NZL,1966,71.073
Nauru,NRU,1966,58.385
Nepal,NPL,1966,41.2395
Norway,NOR,1966,74.0066
Netherlands,NLD,1966,73.5541
Niue,NIU,1966,62.5645
Nicaragua,NIC,1966,51.5788
Nigeria,NGA,1966,38.3555
Niger,NER,1966,36.3305
New Caledonia,NCL,1966,56.8711
Namibia,NAM,1966,52.3012
Mayotte,MYT,1966,60.1517
Malaysia,MYS,1966,61.6788
Malawi,MWI,1966,35.8305
Mauritius,MUS,1966,62.1068
Martinique,MTQ,1966,64.4475
Montserrat,MSR,1966,62.8555
Mauritania,MRT,1966,48.1348
Mozambique,MOZ,1966,41.8351
Northern Mariana Islands,MNP,1966,63.3308
Mongolia,MNG,1966,49.3694
Montenegro,MNE,1966,68.6164
Myanmar,MMR,1966,48.1814
Malta,MLT,1966,69.7385
Mali,MLI,1966,31.792
North Macedonia,MKD,1966,63.5201
Marshall Islands,MHL,1966,57.2839
Mexico,MEX,1966,57.3552
Maldives,MDV,1966,41.4058
Madagascar,MDG,1966,45.9797
Moldova,MDA,1966,61.5522
Monaco,MCO,1966,73.03
Morocco,MAR,1966,46.4953
Saint Martin (French part),MAF,1966,69.4007
Macao,MAC,1966,66.7911
Latvia,LVA,1966,71.1798
Luxembourg,LUX,1966,68.9074
Lithuania,LTU,1966,71.8729
Lesotho,LSO,1966,50.3769
Sri Lanka,LKA,1966,63.1563
Liechtenstein,LIE,1966,71.6387
Saint Lucia,LCA,1966,62.5331
Libya,LBY,1966,50.9458
Liberia,LBR,1966,38.9545
Lebanon,LBN,1966,65.5038
Laos,LAO,1966,42.347
Kuwait,KWT,1966,64.8778
South Korea,KOR,1966,55.4226
Saint Kitts and Nevis,KNA,1966,60.0809
Kiribati,KIR,1966,51.7357
Cambodia,KHM,1966,44.9476
Kyrgyzstan,KGZ,1966,56.9603
Kenya,KEN,1966,52.3832
Kazakhstan,KAZ,1966,59.2467
Japan,JPN,1966,71.0552
Jordan,JOR,1966,57.7624
Jersey,JEY,1966,71.3223
Jamaica,JAM,1966,65.9279
Italy,ITA,1966,70.9989
Israel,ISR,1966,70.9411
Iceland,ISL,1966,73.1407
Iraq,IRQ,1966,57.3211
Iran,IRN,1966,47.0725
Ireland,IRL,1966,70.1568
India,IND,1966,45.8839
Isle of Man,IMN,1966,65.1803
Indonesia,IDN,1966,48.4063
Hungary,HUN,1966,69.8965
Haiti,HTI,1966,45.5651
Croatia,HRV,1966,68.9137
Honduras,HND,1966,51.588
Hong Kong,HKG,1966,69.2928
Guyana,GUY,1966,59.3292
Guam,GUM,1966,64.6386
French Guiana,GUF,1966,61.2722
Guatemala,GTM,1966,47.5114
Greenland,GRL,1966,61.6513
Grenada,GRD,1966,65.6488
Greece,GRC,1966,71.8588
Equatorial Guinea,GNQ,1966,44.3345
Guinea-Bissau,GNB,1966,36.0829
Gambia,GMB,1966,37.5585
Guadeloupe,GLP,1966,63.0663
Guinea,GIN,1966,37.9593
Gibraltar,GIB,1966,71.178
Ghana,GHA,1966,47.7082
Guernsey,GGY,1966,73.719
Georgia,GEO,1966,63.3969
United Kingdom,GBR,1966,71.4329
Gabon,GAB,1966,50.3217
Micronesia (country),FSM,1966,57.7501
Faroe Islands,FRO,1966,74.1634
France,FRA,1966,71.5138
Falkland Islands,FLK,1966,54.7158
Fiji,FJI,1966,61.5654
Finland,FIN,1966,69.6445
Ethiopia,ETH,1966,39.3431
Estonia,EST,1966,70.6646
Spain,ESP,1966,71.1603
Western Sahara,ESH,1966,40.9526
Eritrea,ERI,1966,37.6341
Egypt,EGY,1966,47.9884
Ecuador,ECU,1966,57.0189
Algeria,DZA,1966,42.7454
Dominican Republic,DOM,1966,55.965
Denmark,DNK,1966,72.4665
Dominica,DMA,1966,64.457
Djibouti,DJI,1966,45.6201
Germany,DEU,1966,70.7413
Czechia,CZE,1966,70.4543
Cyprus,CYP,1966,66.4894
Cayman Islands,CYM,1966,62.8412
Curacao,CUW,1966,67.1357
Cuba,CUB,1966,66.0738
Costa Rica,CRI,1966,65.0958
Cape Verde,CPV,1966,53.9218
Comoros,COM,1966,43.1525
Colombia,COL,1966,59.7126
Cook Islands,COK,1966,59.7458
Congo,COG,1966,51.5567
Democratic Republic of Congo,COD,1966,42.169
Cameroon,CMR,1966,44.8387
Cote d'Ivoire,CIV,1966,41.2971
China,CHN,1966,53.6624
Chile,CHL,1966,60.3733
Switzerland,CHE,1966,72.4497
Canada,CAN,1966,71.8676
Central African Republic,CAF,1966,42.7869
Botswana,BWA,1966,54.3599
Bhutan,BTN,1966,38.7893
Brunei,BRN,1966,62.4005
Barbados,BRB,1966,67.7099
Brazil,BRA,1966,55.6252
Bolivia,BOL,1966,45.4788
Bermuda,BMU,1966,67.718
Belize,BLZ,1966,60.8596
Belarus,BLR,1966,71.7979
Saint Barthelemy,BLM,1966,62.1196
Bosnia and Herzegovina,BIH,1966,63.1293
Bahamas,BHS,1966,64.5887
Bahrain,BHR,1966,59.7445
Bulgaria,BGR,1966,71.2179
Bangladesh,BGD,1966,47.6443
Burkina Faso,BFA,1966,38.0912
Bonaire Sint Eustatius and Saba,BES,1966,70.1079
Benin,BEN,1966,41.2742
Belgium,BEL,1966,70.6308
Burundi,BDI,1966,43.5285
Azerbaijan,AZE,1966,54.4849
Austria,AUT,1966,70.2228
Australia,AUS,1966,70.6776
Antigua and Barbuda,ATG,1966,66.9018
American Samoa,ASM,1966,58.2839
Armenia,ARM,1966,61.5536
Argentina,ARG,1966,65.3976
United Arab Emirates,ARE,1966,56.5717
Andorra,AND,1966,74.0199
Albania,ALB,1966,62.149
Anguilla,AIA,1966,63.3496
Angola,AGO,1966,38.2582
Afghanistan,AFG,1966,35.5831
Aruba,ABW,1966,66.1264
Zimbabwe,ZWE,1967,56.7664
Zambia,ZMB,1967,52.512
South Africa,ZAF,1967,54.9553
Yemen,YEM,1967,37.079
Samoa,WSM,1967,58.8781
Wallis and Futuna,WLF,1967,50.5677
Vanuatu,VUT,1967,53.6671
Vietnam,VNM,1967,56.7445
United States Virgin Islands,VIR,1967,64.4508
British Virgin Islands,VGB,1967,65.8571
Venezuela,VEN,1967,63.5502
Saint Vincent and the Grenadines,VCT,1967,62.5406
Vatican,VAT,1967,70.895
Uzbekistan,UZB,1967,58.9932
United States,USA,1967,70.5202
Uruguay,URY,1967,68.4071
Ukraine,UKR,1967,71.1145
Uganda,UGA,1967,49.0064
Tanzania,TZA,1967,45.1627
Taiwan,TWN,1967,66.6712
Tuvalu,TUV,1967,53.4806
Turkey,TUR,1967,55.1828
Tunisia,TUN,1967,50.1573
Trinidad and Tobago,TTO,1967,64.4712
Tonga,TON,1967,61.6918
East Timor,TLS,1967,35.7032
Turkmenistan,TKM,1967,54.8371
Tokelau,TKL,1967,61.27
Tajikistan,TJK,1967,55.4968
Thailand,THA,1967,54.3155
Togo,TGO,1967,45.6153
Chad,TCD,1967,40.393
Turks and Caicos Islands,TCA,1967,61.0389
Syria,SYR,1967,58.0449
Seychelles,SYC,1967,62.072
Sint Maarten (Dutch part),SXM,1967,69.0241
Eswatini,SWZ,1967,49.5262
Sweden,SWE,1967,74.1466
Slovenia,SVN,1967,68.9725
Slovakia,SVK,1967,70.9677
Suriname,SUR,1967,59.1716
Sao Tome and Principe,STP,1967,53.4489
South Sudan,SSD,1967,25.8584
Serbia,SRB,1967,70.0894
Saint Pierre and Miquelon,SPM,1967,66.9046
Somalia,SOM,1967,45.0511
San Marino,SMR,1967,73.9461
El Salvador,SLV,1967,50.8441
Sierra Leone,SLE,1967,37.2809
Solomon Islands,SLB,1967,53.0594
Saint Helena,SHN,1967,68.4286
Singapore,SGP,1967,67.3308
Senegal,SEN,1967,39.9925
Sudan,SDN,1967,51.4948
Saudi Arabia,SAU,1967,49.9941
Rwanda,RWA,1967,47.9873
Russia,RUS,1967,69.1841
Romania,ROU,1967,68.0765
Reunion,REU,1967,62.0885
Qatar,QAT,1967,62.884
French Polynesia,PYF,1967,61.6453
Palestine,PSE,1967,50.9362
Paraguay,PRY,1967,62.0247
Portugal,PRT,1967,66.4635
North Korea,PRK,1967,60.0865
Puerto Rico,PRI,1967,70.6987
Poland,POL,1967,69.902
Papua New Guinea,PNG,1967,50.2466
Palau,PLW,1967,56.5404
Philippines,PHL,1967,60.8036
Peru,PER,1967,54.8928
Panama,PAN,1967,62.8872
Pakistan,PAK,1967,50.7631
World,OWID_WRL,1967,55.0678
Kosovo,OWID_KOS,1967,53.0511
Oman,OMN,1967,43.1773
New Zealand,NZL,1967,71.4375
Nauru,NRU,1967,58.6203
Nepal,NPL,1967,41.7099
Norway,NOR,1967,74.0725
Netherlands,NLD,1967,73.8313
Niue,NIU,1967,63.0581
Nicaragua,NIC,1967,52.3483
Nigeria,NGA,1967,37.4966
Niger,NER,1967,36.243
New Caledonia,NCL,1967,57.6885
Namibia,NAM,1967,52.9329
Mayotte,MYT,1967,61.0465
Malaysia,MYS,1967,62.0442
Malawi,MWI,1967,35.9406
Mauritius,MUS,1967,61.7188
Martinique,MTQ,1967,65.1403
Montserrat,MSR,1967,63.4492
Mauritania,MRT,1967,48.8928
Mozambique,MOZ,1967,41.9525
Northern Mariana Islands,MNP,1967,63.7114
Mongolia,MNG,1967,50.1282
Montenegro,MNE,1967,69.2593
Myanmar,MMR,1967,48.8599
Malta,MLT,1967,69.7908
Mali,MLI,1967,32.1969
North Macedonia,MKD,1967,63.758
Marshall Islands,MHL,1967,57.7644
Mexico,MEX,1967,57.9592
Maldives,MDV,1967,42.1064
Madagascar,MDG,1967,46.4571
Moldova,MDA,1967,61.7807
Monaco,MCO,1967,73.0579
Morocco,MAR,1967,47.0993
Saint Martin (French part),MAF,1967,69.7755
Macao,MAC,1967,67.4044
Latvia,LVA,1967,70.8669
Luxembourg,LUX,1967,69.4744
Lithuania,LTU,1967,71.9572
Lesotho,LSO,1967,50.5129
Sri Lanka,LKA,1967,63.5559
Liechtenstein,LIE,1967,72.0218
Saint Lucia,LCA,1967,63.1609
Libya,LBY,1967,52.4615
Liberia,LBR,1967,39.2622
Lebanon,LBN,1967,65.6772
Laos,LAO,1967,42.8692
Kuwait,KWT,1967,65.7795
South Korea,KOR,1967,60.8709
Saint Kitts and Nevis,KNA,1967,60.4453
Kiribati,KIR,1967,52.4543
Cambodia,KHM,1967,45.1928
Kyrgyzstan,KGZ,1967,57.2967
Kenya,KEN,1967,52.7959
Kazakhstan,KAZ,1967,59.4458
Japan,JPN,1967,71.401
Jordan,JOR,1967,58.9698
Jersey,JEY,1967,71.2181
Jamaica,JAM,1967,66.0861
Italy,ITA,1967,71.0343
Israel,ISR,1967,70.8964
Iceland,ISL,1967,73.6911
Iraq,IRQ,1967,58.4221
Iran,IRN,1967,47.8033
Ireland,IRL,1967,71.2006
India,IND,1967,46.1835
Isle of Man,IMN,1967,65.4091
Indonesia,IDN,1967,51.3087
Hungary,HUN,1967,69.4627
Haiti,HTI,1967,46.1354
Croatia,HRV,1967,69.0432
Honduras,HND,1967,52.3313
Hong Kong,HKG,1967,69.931
Guyana,GUY,1967,59.5297
Guam,GUM,1967,64.9162
French Guiana,GUF,1967,61.8905
Guatemala,GTM,1967,47.7273
Greenland,GRL,1967,62.223
Grenada,GRD,1967,66.4597
Greece,GRC,1967,71.3891
Equatorial Guinea,GNQ,1967,44.5946
Guinea-Bissau,GNB,1967,36.3436
Gambia,GMB,1967,38.0633
Guadeloupe,GLP,1967,63.4114
Guinea,GIN,1967,38.2235
Gibraltar,GIB,1967,71.5404
Ghana,GHA,1967,47.7342
Guernsey,GGY,1967,73.4297
Georgia,GEO,1967,63.7721
United Kingdom,GBR,1967,72.0706
Gabon,GAB,1967,50.9284
Micronesia (country),FSM,1967,58.3049
Faroe Islands,FRO,1967,74.3505
France,FRA,1967,71.4983
Falkland Islands,FLK,1967,54.8473
Fiji,FJI,1967,61.442
Finland,FIN,1967,69.8168
Ethiopia,ETH,1967,41.9409
Estonia,EST,1967,70.9837
Spain,ESP,1967,71.3491
Western Sahara,ESH,1967,41.3468
Eritrea,ERI,1967,40.1507
Egypt,EGY,1967,48.1302
Ecuador,ECU,1967,57.4817
Algeria,DZA,1967,42.7307
Dominican Republic,DOM,1967,56.6458
Denmark,DNK,1967,72.9547
Dominica,DMA,1967,64.856
Djibouti,DJI,1967,46.1031
Germany,DEU,1967,70.9581
Czechia,CZE,1967,70.3494
Cyprus,CYP,1967,66.9057
Cayman Islands,CYM,1967,63.2046
Curacao,CUW,1967,67.4047
Cuba,CUB,1967,66.5145
Costa Rica,CRI,1967,65.5516
Cape Verde,CPV,1967,54.7159
Comoros,COM,1967,43.5928
Colombia,COL,1967,60.1495
Cook Islands,COK,1967,60.6478
Congo,COG,1967,51.9101
Democratic Republic of Congo,COD,1967,42.3389
Cameroon,CMR,1967,45.6024
Cote d'Ivoire,CIV,1967,41.9592
China,CHN,1967,54.4005
Chile,CHL,1967,61.0536
Switzerland,CHE,1967,72.7412
Canada,CAN,1967,72.0808
Central African Republic,CAF,1967,43.3793
Botswana,BWA,1967,54.8589
Bhutan,BTN,1967,39.3587
Brunei,BRN,1967,62.9092
Barbados,BRB,1967,67.9196
Brazil,BRA,1967,56.0157
Bolivia,BOL,1967,45.9044
Bermuda,BMU,1967,67.7924
Belize,BLZ,1967,61.4367
Belarus,BLR,1967,71.8661
Saint Barthelemy,BLM,1967,62.5325
Bosnia and Herzegovina,BIH,1967,63.7341
Bahamas,BHS,1967,65.0297
Bahrain,BHR,1967,61.0362
Bulgaria,BGR,1967,70.4117
Bangladesh,BGD,1967,48.0658
Burkina Faso,BFA,1967,38.432
Bonaire Sint Eustatius and Saba,BES,1967,71.3066
Benin,BEN,1967,41.7587
Belgium,BEL,1967,70.9133
Burundi,BDI,1967,43.3318
Azerbaijan,AZE,1967,55.0316
Austria,AUT,1967,70.1157
Australia,AUS,1967,71.0472
Antigua and Barbuda,ATG,1967,67.5864
American Samoa,ASM,1967,65.807
Armenia,ARM,1967,61.8894
Argentina,ARG,1967,65.4672
United Arab Emirates,ARE,1967,57.648
Andorra,AND,1967,74.1189
Albania,ALB,1967,62.976
Anguilla,AIA,1967,63.7414
Angola,AGO,1967,38.6156
Afghanistan,AFG,1967,36.042
Aruba,ABW,1967,66.3849
Zimbabwe,ZWE,1968,57.1449
Zambia,ZMB,1968,52.7186
South Africa,ZAF,1968,55.1915
Yemen,YEM,1968,37.9896
Samoa,WSM,1968,59.381
Wallis and Futuna,WLF,1968,51.1265
Vanuatu,VUT,1968,54.2305
Vietnam,VNM,1968,52.6683
United States Virgin Islands,VIR,1968,65.168
British Virgin Islands,VGB,1968,66.0225
Venezuela,VEN,1968,63.9084
Saint Vincent and the Grenadines,VCT,1968,63.0644
Vatican,VAT,1968,70.7025
Uzbekistan,UZB,1968,59.3547
United States,USA,1968,70.2004
Uruguay,URY,1968,68.5144
Ukraine,UKR,1968,70.9677
Uganda,UGA,1968,49.285
Tanzania,TZA,1968,45.6263
Taiwan,TWN,1968,66.802
Tuvalu,TUV,1968,54.0721
Turkey,TUR,1968,55.6389
Tunisia,TUN,1968,51.3416
Trinidad and Tobago,TTO,1968,64.6255
Tonga,TON,1968,62.1609
East Timor,TLS,1968,36.2408
Turkmenistan,TKM,1968,55.2738
Tokelau,TKL,1968,61.602
Tajikistan,TJK,1968,55.8901
Thailand,THA,1968,54.9772
Togo,TGO,1968,46.0224
Chad,TCD,1968,40.7015
Turks and Caicos Islands,TCA,1968,61.5862
Syria,SYR,1968,59.1177
Seychelles,SYC,1968,62.6438
Sint Maarten (Dutch part),SXM,1968,69.5514
Eswatini,SWZ,1968,50.0842
Sweden,SWE,1968,74.0005
Slovenia,SVN,1968,68.6083
Slovakia,SVK,1968,70.464
Suriname,SUR,1968,59.2916
Sao Tome and Principe,STP,1968,54.4912
South Sudan,SSD,1968,26.103
Serbia,SRB,1968,70.0761
Saint Pierre and Miquelon,SPM,1968,66.9883
Somalia,SOM,1968,45.2542
San Marino,SMR,1968,74.0622
El Salvador,SLV,1968,50.8368
Sierra Leone,SLE,1968,37.7605
Solomon Islands,SLB,1968,54.1419
Saint Helena,SHN,1968,68.4831
Singapore,SGP,1968,67.6627
Senegal,SEN,1968,40.1497
Sudan,SDN,1968,51.7623
Saudi Arabia,SAU,1968,50.8574
Rwanda,RWA,1968,47.7313
Russia,RUS,1968,69.0618
Romania,ROU,1968,67.9482
Reunion,REU,1968,62.3951
Qatar,QAT,1968,63.5768
French Polynesia,PYF,1968,61.9314
Palestine,PSE,1968,54.0872
Paraguay,PRY,1968,62.2079
Portugal,PRT,1968,66.8153
North Korea,PRK,1968,60.7566
Puerto Rico,PRI,1968,70.566
Poland,POL,1968,69.8421
Papua New Guinea,PNG,1968,50.8844
Palau,PLW,1968,56.8864
Philippines,PHL,1968,60.9166
Peru,PER,1968,55.3839
Panama,PAN,1968,63.2424
Pakistan,PAK,1968,51.6235
World,OWID_WRL,1968,55.6181
Kosovo,OWID_KOS,1968,53.6065
Oman,OMN,1968,44.3948
New Zealand,NZL,1968,71.088
Nauru,NRU,1968,58.6332
Nepal,NPL,1968,42.1728
Norway,NOR,1968,73.9448
Netherlands,NLD,1968,73.6374
Niue,NIU,1968,63.4971
Nicaragua,NIC,1968,52.8653
Nigeria,NGA,1968,38.6424
Niger,NER,1968,36.1276
New Caledonia,NCL,1968,58.5033
Namibia,NAM,1968,53.5531
Mayotte,MYT,1968,61.9051
Malaysia,MYS,1968,62.4434
Malawi,MWI,1968,36.085
Mauritius,MUS,1968,62.1004
Martinique,MTQ,1968,65.393
Montserrat,MSR,1968,64.0649
Mauritania,MRT,1968,49.5065
Mozambique,MOZ,1968,42.0999
Northern Mariana Islands,MNP,1968,64.0757
Mongolia,MNG,1968,50.7826
Montenegro,MNE,1968,69.8257
Myanmar,MMR,1968,49.3997
Malta,MLT,1968,69.905
Mali,MLI,1968,32.5682
North Macedonia,MKD,1968,64.574
Marshall Islands,MHL,1968,58.1916
Mexico,MEX,1968,58.2202
Maldives,MDV,1968,42.8515
Madagascar,MDG,1968,46.9324
Moldova,MDA,1968,61.9748
Monaco,MCO,1968,73.1696
Morocco,MAR,1968,47.6593
Saint Martin (French part),MAF,1968,70.1503
Macao,MAC,1968,68.0206
Latvia,LVA,1968,70.4815
Luxembourg,LUX,1968,69.994
Lithuania,LTU,1968,71.6307
Lesotho,LSO,1968,50.7907
Sri Lanka,LKA,1968,63.8694
Liechtenstein,LIE,1968,72.3471
Saint Lucia,LCA,1968,63.7494
Libya,LBY,1968,53.849
Liberia,LBR,1968,39.5884
Lebanon,LBN,1968,65.8019
Laos,LAO,1968,43.183
Kuwait,KWT,1968,66.6088
South Korea,KOR,1968,60.8684
Saint Kitts and Nevis,KNA,1968,60.7762
Kiribati,KIR,1968,53.1288
Cambodia,KHM,1968,45.5859
Kyrgyzstan,KGZ,1968,57.5981
Kenya,KEN,1968,53.302
Kazakhstan,KAZ,1968,59.6434
Japan,JPN,1968,71.6718
Jordan,JOR,1968,59.7674
Jersey,JEY,1968,71.1258
Jamaica,JAM,1968,66.3189
Italy,ITA,1968,70.8687
Israel,ISR,1968,70.7503
Iceland,ISL,1968,73.8982
Iraq,IRQ,1968,58.9694
Iran,IRN,1968,47.9464
Ireland,IRL,1968,70.8842
India,IND,1968,47.9249
Isle of Man,IMN,1968,65.5422
Indonesia,IDN,1968,51.8882
Hungary,HUN,1968,69.3445
Haiti,HTI,1968,46.5217
Croatia,HRV,1968,68.8924
Honduras,HND,1968,53.0415
Hong Kong,HKG,1968,70.6931
Guyana,GUY,1968,59.6896
Guam,GUM,1968,65.2005
French Guiana,GUF,1968,62.4141
Guatemala,GTM,1968,47.7575
Greenland,GRL,1968,62.66
Grenada,GRD,1968,66.9117
Greece,GRC,1968,71.4658
Equatorial Guinea,GNQ,1968,44.8521
Guinea-Bissau,GNB,1968,36.6716
Gambia,GMB,1968,38.5333
Guadeloupe,GLP,1968,63.6038
Guinea,GIN,1968,38.5006
Gibraltar,GIB,1968,71.7092
Ghana,GHA,1968,47.7583
Guernsey,GGY,1968,72.3917
Georgia,GEO,1968,64.1393
United Kingdom,GBR,1968,71.6842
Gabon,GAB,1968,51.5454
Micronesia (country),FSM,1968,58.8267
Faroe Islands,FRO,1968,74.5535
France,FRA,1968,71.4857
Falkland Islands,FLK,1968,55.0126
Fiji,FJI,1968,61.7187
Finland,FIN,1968,69.7828
Ethiopia,ETH,1968,42.0922
Estonia,EST,1968,70.6092
Spain,ESP,1968,71.6743
Western Sahara,ESH,1968,41.7574
Eritrea,ERI,1968,40.483
Egypt,EGY,1968,48.6021
Ecuador,ECU,1968,57.9458
Algeria,DZA,1968,42.806
Dominican Republic,DOM,1968,57.2723
Denmark,DNK,1968,73.1469
Dominica,DMA,1968,65.2771
Djibouti,DJI,1968,46.5523
Germany,DEU,1968,70.6078
Czechia,CZE,1968,69.9098
Cyprus,CYP,1968,67.251
Cayman Islands,CYM,1968,63.5971
Curacao,CUW,1968,67.6697
Cuba,CUB,1968,66.9439
Costa Rica,CRI,1968,65.7796
Cape Verde,CPV,1968,55.4261
Comoros,COM,1968,44.1008
Colombia,COL,1968,60.5723
Cook Islands,COK,1968,61.5431
Congo,COG,1968,52.6196
Democratic Republic of Congo,COD,1968,42.6673
Cameroon,CMR,1968,46.3888
Cote d'Ivoire,CIV,1968,42.6485
China,CHN,1968,55.1908
Chile,CHL,1968,61.6798
Switzerland,CHE,1968,72.7054
Canada,CAN,1968,72.2375
Central African Republic,CAF,1968,43.9795
Botswana,BWA,1968,55.3718
Bhutan,BTN,1968,39.9598
Brunei,BRN,1968,63.4702
Barbados,BRB,1968,68.1997
Brazil,BRA,1968,56.4704
Bolivia,BOL,1968,46.342
Bermuda,BMU,1968,67.8979
Belize,BLZ,1968,61.961
Belarus,BLR,1968,71.8652
Saint Barthelemy,BLM,1968,63.676
Bosnia and Herzegovina,BIH,1968,64.0061
Bahamas,BHS,1968,65.3994
Bahrain,BHR,1968,62.2534
Bulgaria,BGR,1968,71.2001
Bangladesh,BGD,1968,48.4003
Burkina Faso,BFA,1968,38.7602
Bonaire Sint Eustatius and Saba,BES,1968,69.8383
Benin,BEN,1968,42.1823
Belgium,BEL,1968,70.609
Burundi,BDI,1968,43.4048
Azerbaijan,AZE,1968,55.5625
Austria,AUT,1968,70.2678
Australia,AUS,1968,70.6807
Antigua and Barbuda,ATG,1968,68.2297
American Samoa,ASM,1968,65.8465
Armenia,ARM,1968,62.2021
Argentina,ARG,1968,65.234
United Arab Emirates,ARE,1968,58.7268
Andorra,AND,1968,74.2199
Albania,ALB,1968,63.7876
Anguilla,AIA,1968,64.1432
Angola,AGO,1968,38.9675
Afghanistan,AFG,1968,36.5101
Aruba,ABW,1968,66.7436
Zimbabwe,ZWE,1969,57.4813
Zambia,ZMB,1969,53.0441
South Africa,ZAF,1969,55.4399
Yemen,YEM,1969,39.6099
Samoa,WSM,1969,59.8812
Wallis and Futuna,WLF,1969,51.7088
Vanuatu,VUT,1969,54.7613
Vietnam,VNM,1969,54.7907
United States Virgin Islands,VIR,1969,65.8072
British Virgin Islands,VGB,1969,66.2445
Venezuela,VEN,1969,63.8402
Saint Vincent and the Grenadines,VCT,1969,63.5288
Vatican,VAT,1969,70.6645
Uzbekistan,UZB,1969,59.7152
United States,USA,1969,70.4763
Uruguay,URY,1969,68.5813
Ukraine,UKR,1969,70.8281
Uganda,UGA,1969,49.5048
Tanzania,TZA,1969,46.0434
Taiwan,TWN,1969,67.717
Tuvalu,TUV,1969,54.7296
Turkey,TUR,1969,56.1794
Tunisia,TUN,1969,52.2968
Trinidad and Tobago,TTO,1969,64.7534
Tonga,TON,1969,62.6963
East Timor,TLS,1969,36.8024
Turkmenistan,TKM,1969,55.6897
Tokelau,TKL,1969,61.9579
Tajikistan,TJK,1969,56.2621
Thailand,THA,1969,55.7047
Togo,TGO,1969,46.3543
Chad,TCD,1969,41.0187
Turks and Caicos Islands,TCA,1969,62.1349
Syria,SYR,1969,59.8441
Seychelles,SYC,1969,63.2663
Sint Maarten (Dutch part),SXM,1969,70.2076
Eswatini,SWZ,1969,50.6405
Sweden,SWE,1969,74.1135
Slovenia,SVN,1969,68.5912
Slovakia,SVK,1969,69.8044
Suriname,SUR,1969,59.3942
Sao Tome and Principe,STP,1969,55.3998
South Sudan,SSD,1969,25.3958
Serbia,SRB,1969,70.0259
Saint Pierre and Miquelon,SPM,1969,67.1951
Somalia,SOM,1969,45.4529
San Marino,SMR,1969,74.1715
El Salvador,SLV,1969,51.2788
Sierra Leone,SLE,1969,38.2297
Solomon Islands,SLB,1969,55.0992
Saint Helena,SHN,1969,68.6068
Singapore,SGP,1969,68.0756
Senegal,SEN,1969,40.3976
Sudan,SDN,1969,52.0403
Saudi Arabia,SAU,1969,51.7727
Rwanda,RWA,1969,47.4374
Russia,RUS,1969,68.6284
Romania,ROU,1969,67.236
Reunion,REU,1969,62.8516
Qatar,QAT,1969,64.2462
French Polynesia,PYF,1969,62.2135
Palestine,PSE,1969,54.7275
Paraguay,PRY,1969,62.3847
Portugal,PRT,1969,66.3943
North Korea,PRK,1969,61.4108
Puerto Rico,PRI,1969,70.5107
Poland,POL,1969,69.8397
Papua New Guinea,PNG,1969,51.5234
Palau,PLW,1969,57.2532
Philippines,PHL,1969,60.9813
Peru,PER,1969,55.8155
Panama,PAN,1969,63.6596
Pakistan,PAK,1969,52.3161
World,OWID_WRL,1969,55.9999
Kosovo,OWID_KOS,1969,53.3918
Oman,OMN,1969,45.6245
New Zealand,NZL,1969,71.475
Nauru,NRU,1969,58.408
Nepal,NPL,1969,42.7221
Norway,NOR,1969,73.6659
Netherlands,NLD,1969,73.5603
Niue,NIU,1969,63.9831
Nicaragua,NIC,1969,53.3505
Nigeria,NGA,1969,38.9458
Niger,NER,1969,36.0028
New Caledonia,NCL,1969,59.2997
Namibia,NAM,1969,54.1257
Mayotte,MYT,1969,62.711
Malaysia,MYS,1969,62.8683
Malawi,MWI,1969,36.3007
Mauritius,MUS,1969,62.7015
Martinique,MTQ,1969,65.4431
Montserrat,MSR,1969,64.6695
Mauritania,MRT,1969,50.0852
Mozambique,MOZ,1969,42.2667
Northern Mariana Islands,MNP,1969,64.4748
Mongolia,MNG,1969,51.4065
Montenegro,MNE,1969,70.1543
Myanmar,MMR,1969,50.0204
Malta,MLT,1969,70.0616
Mali,MLI,1969,32.871
North Macedonia,MKD,1969,63.9863
Marshall Islands,MHL,1969,58.5036
Mexico,MEX,1969,58.4128
Maldives,MDV,1969,43.654
Madagascar,MDG,1969,47.3223
Moldova,MDA,1969,62.1841
Monaco,MCO,1969,73.2493
Morocco,MAR,1969,48.1867
Saint Martin (French part),MAF,1969,70.559
Macao,MAC,1969,68.2678
Latvia,LVA,1969,70.2172
Luxembourg,LUX,1969,69.7169
Lithuania,LTU,1969,71.2263
Lesotho,LSO,1969,51.1171
Sri Lanka,LKA,1969,64.1379
Liechtenstein,LIE,1969,72.5542
Saint Lucia,LCA,1969,64.0262
Libya,LBY,1969,55.173
Liberia,LBR,1969,39.9911
Lebanon,LBN,1969,65.9177
Laos,LAO,1969,43.46
Kuwait,KWT,1969,67.3475
South Korea,KOR,1969,61.426
Saint Kitts and Nevis,KNA,1969,61.0789
Kiribati,KIR,1969,53.7627
Cambodia,KHM,1969,45.9354
Kyrgyzstan,KGZ,1969,57.9119
Kenya,KEN,1969,53.7336
Kazakhstan,KAZ,1969,59.8431
Japan,JPN,1969,71.9225
Jordan,JOR,1969,60.5035
Jersey,JEY,1969,71.1518
Jamaica,JAM,1969,66.5164
Italy,ITA,1969,70.8639
Israel,ISR,1969,71.0274
Iceland,ISL,1969,73.6572
Iraq,IRQ,1969,59.64
Iran,IRN,1969,49.3819
Ireland,IRL,1969,70.7991
India,IND,1969,48.2601
Isle of Man,IMN,1969,65.6257
Indonesia,IDN,1969,52.5877
Hungary,HUN,1969,69.3797
Haiti,HTI,1969,46.9025
Croatia,HRV,1969,68.9562
Honduras,HND,1969,53.7123
Hong Kong,HKG,1969,71.0288
Guyana,GUY,1969,59.8349
Guam,GUM,1969,65.4986
French Guiana,GUF,1969,62.8784
Guatemala,GTM,1969,47.5207
Greenland,GRL,1969,63.033
Grenada,GRD,1969,66.9747
Greece,GRC,1969,72.0603
Equatorial Guinea,GNQ,1969,31.0002
Guinea-Bissau,GNB,1969,36.9587
Gambia,GMB,1969,39.0043
Guadeloupe,GLP,1969,64.1964
Guinea,GIN,1969,38.8235
Gibraltar,GIB,1969,71.8119
Ghana,GHA,1969,47.8953
Guernsey,GGY,1969,72.3837
Georgia,GEO,1969,64.5088
United Kingdom,GBR,1969,71.6625
Gabon,GAB,1969,52.127
Micronesia (country),FSM,1969,59.3086
Faroe Islands,FRO,1969,74.7103
France,FRA,1969,71.2063
Falkland Islands,FLK,1969,55.2205
Fiji,FJI,1969,61.3974
Finland,FIN,1969,69.6478
Ethiopia,ETH,1969,42.1312
Estonia,EST,1969,70.2727
Spain,ESP,1969,71.1386
Western Sahara,ESH,1969,42.1944
Eritrea,ERI,1969,40.7919
Egypt,EGY,1969,48.6995
Ecuador,ECU,1969,58.2671
Algeria,DZA,1969,42.991
Dominican Republic,DOM,1969,57.886
Denmark,DNK,1969,73.2446
Dominica,DMA,1969,65.7036
Djibouti,DJI,1969,47.0668
Germany,DEU,1969,70.4581
Czechia,CZE,1969,69.4175
Cyprus,CYP,1969,67.5987
Cayman Islands,CYM,1969,63.9655
Curacao,CUW,1969,67.9286
Cuba,CUB,1969,67.3576
Costa Rica,CRI,1969,66.3628
Cape Verde,CPV,1969,56.0376
Comoros,COM,1969,44.6434
Colombia,COL,1969,61.031
Cook Islands,COK,1969,62.5341
Congo,COG,1969,53.1135
Democratic Republic of Congo,COD,1969,42.9594
Cameroon,CMR,1969,47.1912
Cote d'Ivoire,CIV,1969,43.3446
China,CHN,1969,55.9878
Chile,CHL,1969,62.341
Switzerland,CHE,1969,72.7176
Canada,CAN,1969,72.3957
Central African Republic,CAF,1969,44.5795
Botswana,BWA,1969,55.9032
Bhutan,BTN,1969,40.5665
Brunei,BRN,1969,63.9633
Barbados,BRB,1969,68.5038
Brazil,BRA,1969,56.8978
Bolivia,BOL,1969,46.7053
Bermuda,BMU,1969,68.0877
Belize,BLZ,1969,62.4966
Belarus,BLR,1969,71.7103
Saint Barthelemy,BLM,1969,64.5014
Bosnia and Herzegovina,BIH,1969,64.4478
Bahamas,BHS,1969,65.7731
Bahrain,BHR,1969,63.35
Bulgaria,BGR,1969,70.4684
Bangladesh,BGD,1969,48.6864
Burkina Faso,BFA,1969,39.0231
Bonaire Sint Eustatius and Saba,BES,1969,71.6392
Benin,BEN,1969,42.5912
Belgium,BEL,1969,70.6749
Burundi,BDI,1969,43.0002
Azerbaijan,AZE,1969,56.0802
Austria,AUT,1969,70.0414
Australia,AUS,1969,71.0719
Antigua and Barbuda,ATG,1969,68.8274
American Samoa,ASM,1969,66.0499
Armenia,ARM,1969,62.4917
Argentina,ARG,1969,65.0853
United Arab Emirates,ARE,1969,59.7636
Andorra,AND,1969,74.2962
Albania,ALB,1969,64.5384
Anguilla,AIA,1969,64.5294
Angola,AGO,1969,39.3293
Afghanistan,AFG,1969,36.979
Aruba,ABW,1969,67.0981
Zimbabwe,ZWE,1970,57.7608
Zambia,ZMB,1970,53.4039
South Africa,ZAF,1970,55.6808
Yemen,YEM,1970,40.5729
Samoa,WSM,1970,60.3881
Wallis and Futuna,WLF,1970,52.2997
Vanuatu,VUT,1970,55.3107
Vietnam,VNM,1970,54.93
United States Virgin Islands,VIR,1970,66.4292
British Virgin Islands,VGB,1970,66.4075
Venezuela,VEN,1970,64.8162
Saint Vincent and the Grenadines,VCT,1970,64.0289
Vatican,VAT,1970,71.4792
Uzbekistan,UZB,1970,60.0723
United States,USA,1970,70.7343
Uruguay,URY,1970,68.7336
Ukraine,UKR,1970,70.8438
Uganda,UGA,1970,49.621
Tanzania,TZA,1970,46.4947
Taiwan,TWN,1970,69.0362
Tuvalu,TUV,1970,55.3475
Turkey,TUR,1970,56.7016
Tunisia,TUN,1970,53.7917
Trinidad and Tobago,TTO,1970,64.8689
Tonga,TON,1970,63.1819
East Timor,TLS,1970,37.3617
Turkmenistan,TKM,1970,56.0455
Tokelau,TKL,1970,62.2986
Tajikistan,TJK,1970,56.5886
Thailand,THA,1970,56.4699
Togo,TGO,1970,46.7819
Chad,TCD,1970,41.3855
Turks and Caicos Islands,TCA,1970,62.6887
Syria,SYR,1970,60.6077
Seychelles,SYC,1970,63.9828
Sint Maarten (Dutch part),SXM,1970,70.8556
Eswatini,SWZ,1970,51.2079
Sweden,SWE,1970,74.6641
Slovenia,SVN,1970,69.0488
Slovakia,SVK,1970,69.7226
Suriname,SUR,1970,59.4939
Sao Tome and Principe,STP,1970,56.2673
South Sudan,SSD,1970,25.6322
Serbia,SRB,1970,69.7347
Saint Pierre and Miquelon,SPM,1970,67.5005
Somalia,SOM,1970,45.644
San Marino,SMR,1970,74.2691
El Salvador,SLV,1970,51.3643
Sierra Leone,SLE,1970,38.619
Solomon Islands,SLB,1970,56.0607
Saint Helena,SHN,1970,68.5975
Singapore,SGP,1970,68.4999
Senegal,SEN,1970,40.789
Sudan,SDN,1970,52.2939
Saudi Arabia,SAU,1970,52.7287
Rwanda,RWA,1970,47.1162
Russia,RUS,1970,68.7083
Romania,ROU,1970,67.9295
Reunion,REU,1970,63.2043
Qatar,QAT,1970,64.8893
French Polynesia,PYF,1970,62.495
Palestine,PSE,1970,55.3588
Paraguay,PRY,1970,62.5541
Portugal,PRT,1970,67.0549
North Korea,PRK,1970,62.0491
Puerto Rico,PRI,1970,70.3515
Poland,POL,1970,69.5572
Papua New Guinea,PNG,1970,52.1436
Palau,PLW,1970,57.6739
Philippines,PHL,1970,60.8273
Peru,PER,1970,47.7285
Panama,PAN,1970,64.0684
Pakistan,PAK,1970,52.9434
World,OWID_WRL,1970,56.2664
Kosovo,OWID_KOS,1970,54.0023
Oman,OMN,1970,46.6396
New Zealand,NZL,1970,71.2192
Nauru,NRU,1970,58.4493
Nepal,NPL,1970,43.1507
Norway,NOR,1970,74.0705
Netherlands,NLD,1970,73.6279
Niue,NIU,1970,64.3668
Nicaragua,NIC,1970,53.8153
Nigeria,NGA,1970,40.0084
Niger,NER,1970,35.919
New Caledonia,NCL,1970,60.0575
Namibia,NAM,1970,54.686
Mayotte,MYT,1970,63.5519
Malaysia,MYS,1970,63.2983
Malawi,MWI,1970,36.638
Mauritius,MUS,1970,63.6917
Martinique,MTQ,1970,65.0525
Montserrat,MSR,1970,65.2902
Mauritania,MRT,1970,50.5445
Mozambique,MOZ,1970,42.4593
Northern Mariana Islands,MNP,1970,64.8311
Mongolia,MNG,1970,51.9931
Montenegro,MNE,1970,70.4035
Myanmar,MMR,1970,50.4696
Malta,MLT,1970,70.3711
Mali,MLI,1970,33.396
North Macedonia,MKD,1970,64.9722
Marshall Islands,MHL,1970,58.7978
Mexico,MEX,1970,58.8934
Maldives,MDV,1970,44.5217
Madagascar,MDG,1970,47.8984
Moldova,MDA,1970,62.4136
Monaco,MCO,1970,73.3485
Morocco,MAR,1970,48.6908
Saint Martin (French part),MAF,1970,70.982
Macao,MAC,1970,68.7615
Latvia,LVA,1970,70.2372
Luxembourg,LUX,1970,69.2259
Lithuania,LTU,1970,71.103
Lesotho,LSO,1970,51.5005
Sri Lanka,LKA,1970,64.3521
Liechtenstein,LIE,1970,72.82
Saint Lucia,LCA,1970,64.2904
Libya,LBY,1970,56.3791
Liberia,LBR,1970,40.3594
Lebanon,LBN,1970,66.0178
Laos,LAO,1970,43.7756
Kuwait,KWT,1970,67.9771
South Korea,KOR,1970,62.1754
Saint Kitts and Nevis,KNA,1970,61.3716
Kiribati,KIR,1970,54.3802
Cambodia,KHM,1970,38.6281
Kyrgyzstan,KGZ,1970,58.184
Kenya,KEN,1970,54.1427
Kazakhstan,KAZ,1970,60.049
Japan,JPN,1970,72.0073
Jordan,JOR,1970,59.8333
Jersey,JEY,1970,71.1177
Jamaica,JAM,1970,66.7307
Italy,ITA,1970,71.6296
Israel,ISR,1970,71.1575
Iceland,ISL,1970,73.7797
Iraq,IRQ,1970,60.5323
Iran,IRN,1970,50.2223
Ireland,IRL,1970,70.8338
India,IND,1970,48.5852
Isle of Man,IMN,1970,65.7235
Indonesia,IDN,1970,53.2543
Hungary,HUN,1970,69.2187
Haiti,HTI,1970,47.2647
Croatia,HRV,1970,69.1747
Honduras,HND,1970,54.3603
Hong Kong,HKG,1970,71.2703
Guyana,GUY,1970,59.9608
Guam,GUM,1970,65.8109
French Guiana,GUF,1970,63.2738
Guatemala,GTM,1970,48.5065
Greenland,GRL,1970,63.0296
Grenada,GRD,1970,66.856
Greece,GRC,1970,72.7479
Equatorial Guinea,GNQ,1970,31.0861
Guinea-Bissau,GNB,1970,37.2582
Gambia,GMB,1970,39.5325
Guadeloupe,GLP,1970,64.6923
Guinea,GIN,1970,39.0603
Gibraltar,GIB,1970,71.8882
Ghana,GHA,1970,47.8884
Guernsey,GGY,1970,72.5782
Georgia,GEO,1970,64.8687
United Kingdom,GBR,1970,71.8819
Gabon,GAB,1970,52.6973
Micronesia (country),FSM,1970,59.7741
Faroe Islands,FRO,1970,74.8493
France,FRA,1970,72.0915
Falkland Islands,FLK,1970,55.3789
Fiji,FJI,1970,61.6519
Finland,FIN,1970,70.3247
Ethiopia,ETH,1970,42.1149
Estonia,EST,1970,70.3994
Spain,ESP,1970,72.1491
Western Sahara,ESH,1970,42.6617
Eritrea,ERI,1970,41.1621
Egypt,EGY,1970,49.0001
Ecuador,ECU,1970,58.8496
Algeria,DZA,1970,43.328
Dominican Republic,DOM,1970,58.4931
Denmark,DNK,1970,73.364
Dominica,DMA,1970,66.2084
Djibouti,DJI,1970,47.5361
Germany,DEU,1970,70.6782
Czechia,CZE,1970,69.4882
Cyprus,CYP,1970,68.0502
Cayman Islands,CYM,1970,64.3832
Curacao,CUW,1970,68.2303
Cuba,CUB,1970,67.9354
Costa Rica,CRI,1970,66.7871
Cape Verde,CPV,1970,56.5591
Comoros,COM,1970,45.226
Colombia,COL,1970,61.4646
Cook Islands,COK,1970,63.5739
Congo,COG,1970,53.5549
Democratic Republic of Congo,COD,1970,43.3005
Cameroon,CMR,1970,47.9542
Cote d'Ivoire,CIV,1970,44.0446
China,CHN,1970,56.8241
Chile,CHL,1970,62.6344
Switzerland,CHE,1970,73.1238
Canada,CAN,1970,72.6092
Central African Republic,CAF,1970,45.1758
Botswana,BWA,1970,56.4464
Bhutan,BTN,1970,41.1854
Brunei,BRN,1970,64.4896
Barbados,BRB,1970,68.5182
Brazil,BRA,1970,57.338
Bolivia,BOL,1970,47.1027
Bermuda,BMU,1970,68.4038
Belize,BLZ,1970,63.0436
Belarus,BLR,1970,71.6772
Saint Barthelemy,BLM,1970,65.2829
Bosnia and Herzegovina,BIH,1970,64.8442
Bahamas,BHS,1970,66.1634
Bahrain,BHR,1970,64.3585
Bulgaria,BGR,1970,71.2505
Bangladesh,BGD,1970,42.6672
Burkina Faso,BFA,1970,39.5404
Bonaire Sint Eustatius and Saba,BES,1970,73.2707
Benin,BEN,1970,43.0293
Belgium,BEL,1970,70.9368
Burundi,BDI,1970,43.2251
Azerbaijan,AZE,1970,56.5859
Austria,AUT,1970,70.086
Australia,AUS,1970,70.6534
Antigua and Barbuda,ATG,1970,69.3709
American Samoa,ASM,1970,66.3642
Armenia,ARM,1970,62.7596
Argentina,ARG,1970,65.6474
United Arab Emirates,ARE,1970,60.7796
Andorra,AND,1970,74.452
Albania,ALB,1970,65.2343
Anguilla,AIA,1970,65.0005
Angola,AGO,1970,39.6882
Afghanistan,AFG,1970,37.4601
Aruba,ABW,1970,67.4402
Zimbabwe,ZWE,1971,57.9959
Zambia,ZMB,1971,53.8871
South Africa,ZAF,1971,56.0196
Yemen,YEM,1971,41.7571
Samoa,WSM,1971,60.8787
Wallis and Futuna,WLF,1971,52.8912
Vanuatu,VUT,1971,55.8797
Vietnam,VNM,1971,55.5848
United States Virgin Islands,VIR,1971,67.0188
British Virgin Islands,VGB,1971,66.6649
Venezuela,VEN,1971,65.1836
Saint Vincent and the Grenadines,VCT,1971,64.4318
Vatican,VAT,1971,71.7431
Uzbekistan,UZB,1971,60.4173
United States,USA,1971,71.0979
Uruguay,URY,1971,68.9262
Ukraine,UKR,1971,70.8722
Uganda,UGA,1971,47.1465
Tanzania,TZA,1971,46.9725
Taiwan,TWN,1971,69.3595
Tuvalu,TUV,1971,55.9715
Turkey,TUR,1971,57.2226
Tunisia,TUN,1971,54.9055
Trinidad and Tobago,TTO,1971,64.9342
Tonga,TON,1971,63.6074
East Timor,TLS,1971,37.9094
Turkmenistan,TKM,1971,56.3493
Tokelau,TKL,1971,62.6117
Tajikistan,TJK,1971,56.884
Thailand,THA,1971,57.1004
Togo,TGO,1971,47.2323
Chad,TCD,1971,40.8688
Turks and Caicos Islands,TCA,1971,63.2558
Syria,SYR,1971,61.3339
Seychelles,SYC,1971,64.6445
Sint Maarten (Dutch part),SXM,1971,71.3093
Eswatini,SWZ,1971,51.7794
Sweden,SWE,1971,74.6006
Slovenia,SVN,1971,69.715
Slovakia,SVK,1971,69.8642
Suriname,SUR,1971,59.5895
Sao Tome and Principe,STP,1971,56.9648
South Sudan,SSD,1971,30.993
Serbia,SRB,1971,69.7171
Saint Pierre and Miquelon,SPM,1971,67.8898
Somalia,SOM,1971,45.8367
San Marino,SMR,1971,74.4036
El Salvador,SLV,1971,51.6651
Sierra Leone,SLE,1971,39.1043
Solomon Islands,SLB,1971,57.0149
Saint Helena,SHN,1971,68.6737
Singapore,SGP,1971,68.7955
Senegal,SEN,1971,41.2428
Sudan,SDN,1971,52.5405
Saudi Arabia,SAU,1971,53.7271
Rwanda,RWA,1971,46.7555
Russia,RUS,1971,68.9245
Romania,ROU,1971,68.4097
Reunion,REU,1971,63.7286
Qatar,QAT,1971,65.4899
French Polynesia,PYF,1971,62.7817
Palestine,PSE,1971,55.9967
Paraguay,PRY,1971,62.726
Portugal,PRT,1971,66.8477
North Korea,PRK,1971,62.6628
Puerto Rico,PRI,1971,71.084
Poland,POL,1971,69.8261
Papua New Guinea,PNG,1971,52.5935
Palau,PLW,1971,58.108
Philippines,PHL,1971,61.0649
Peru,PER,1971,56.4927
Panama,PAN,1971,64.6656
Pakistan,PAK,1971,49.0016
World,OWID_WRL,1971,56.0193
Kosovo,OWID_KOS,1971,55.1283
Oman,OMN,1971,47.8682
New Zealand,NZL,1971,71.7167
Nauru,NRU,1971,58.427
Nepal,NPL,1971,43.6161
Norway,NOR,1971,74.1747
Netherlands,NLD,1971,73.8712
Niue,NIU,1971,64.7443
Nicaragua,NIC,1971,54.2195
Nigeria,NGA,1971,40.6062
Niger,NER,1971,35.2935
New Caledonia,NCL,1971,60.7845
Namibia,NAM,1971,55.2892
Mayotte,MYT,1971,64.2709
Malaysia,MYS,1971,63.7697
Malawi,MWI,1971,37.095
Mauritius,MUS,1971,63.8434
Martinique,MTQ,1971,67.3493
Montserrat,MSR,1971,65.8546
Mauritania,MRT,1971,50.7573
Mozambique,MOZ,1971,42.5806
Northern Mariana Islands,MNP,1971,65.1957
Mongolia,MNG,1971,52.5586
Montenegro,MNE,1971,70.818
Myanmar,MMR,1971,51.0268
Malta,MLT,1971,70.1435
Mali,MLI,1971,33.8044
North Macedonia,MKD,1971,65.208
Marshall Islands,MHL,1971,59.1326
Mexico,MEX,1971,59.4148
Maldives,MDV,1971,45.4542
Madagascar,MDG,1971,48.2041
Moldova,MDA,1971,62.6725
Monaco,MCO,1971,73.365
Morocco,MAR,1971,49.1688
Saint Martin (French part),MAF,1971,71.3046
Macao,MAC,1971,69.1675
Latvia,LVA,1971,70.5737
Luxembourg,LUX,1971,69.2462
Lithuania,LTU,1971,72.0393
Lesotho,LSO,1971,51.845
Sri Lanka,LKA,1971,64.2402
Liechtenstein,LIE,1971,73.0312
Saint Lucia,LCA,1971,64.4916
Libya,LBY,1971,57.5826
Liberia,LBR,1971,40.7203
Lebanon,LBN,1971,66.1197
Laos,LAO,1971,44.1224
Kuwait,KWT,1971,68.4818
South Korea,KOR,1971,62.6697
Saint Kitts and Nevis,KNA,1971,61.7404
Kiribati,KIR,1971,54.9339
Cambodia,KHM,1971,38.7005
Kyrgyzstan,KGZ,1971,58.4965
Kenya,KEN,1971,54.5434
Kazakhstan,KAZ,1971,60.2624
Japan,JPN,1971,72.827
Jordan,JOR,1971,61.772
Jersey,JEY,1971,71.1699
Jamaica,JAM,1971,66.9966
Italy,ITA,1971,71.8827
Israel,ISR,1971,71.8316
Iceland,ISL,1971,73.4918
Iraq,IRQ,1971,61.3334
Iran,IRN,1971,51.1197
Ireland,IRL,1971,71.6213
India,IND,1971,48.9023
Isle of Man,IMN,1971,65.8406
Indonesia,IDN,1971,53.8233
Hungary,HUN,1971,69.0791
Haiti,HTI,1971,47.6187
Croatia,HRV,1971,69.446
Honduras,HND,1971,55.0121
Hong Kong,HKG,1971,71.4679
Guyana,GUY,1971,60.0683
Guam,GUM,1971,66.0641
French Guiana,GUF,1971,63.6547
Guatemala,GTM,1971,50.2762
Greenland,GRL,1971,62.9733
Grenada,GRD,1971,66.8735
Greece,GRC,1971,72.939
Equatorial Guinea,GNQ,1971,37.2292
Guinea-Bissau,GNB,1971,37.5382
Gambia,GMB,1971,40.0479
Guadeloupe,GLP,1971,65.1486
Guinea,GIN,1971,39.3716
Gibraltar,GIB,1971,72.1031
Ghana,GHA,1971,47.9487
Guernsey,GGY,1971,73.0081
Georgia,GEO,1971,65.1892
United Kingdom,GBR,1971,72.234
Gabon,GAB,1971,53.2586
Micronesia (country),FSM,1971,60.1818
Faroe Islands,FRO,1971,74.9927
France,FRA,1971,72.0735
Falkland Islands,FLK,1971,55.5865
Fiji,FJI,1971,61.7396
Finland,FIN,1971,70.1472
Ethiopia,ETH,1971,42.2156
Estonia,EST,1971,70.5962
Spain,ESP,1971,71.7353
Western Sahara,ESH,1971,42.9249
Eritrea,ERI,1971,41.5267
Egypt,EGY,1971,49.4805
Ecuador,ECU,1971,59.3426
Algeria,DZA,1971,43.7823
Dominican Republic,DOM,1971,59.0897
Denmark,DNK,1971,73.4274
Dominica,DMA,1971,66.7626
Djibouti,DJI,1971,47.2593
Germany,DEU,1971,70.9119
Czechia,CZE,1971,69.7361
Cyprus,CYP,1971,68.3512
Cayman Islands,CYM,1971,64.8266
Curacao,CUW,1971,68.5055
Cuba,CUB,1971,68.4318
Costa Rica,CRI,1971,67.4131
Cape Verde,CPV,1971,57.0274
Comoros,COM,1971,45.8488
Colombia,COL,1971,62.0051
Cook Islands,COK,1971,64.6207
Congo,COG,1971,53.9826
Democratic Republic of Congo,COD,1971,43.578
Cameroon,CMR,1971,48.5766
Cote d'Ivoire,CIV,1971,44.7834
China,CHN,1971,57.7312
Chile,CHL,1971,63.0715
Switzerland,CHE,1971,73.2406
Canada,CAN,1971,72.9489
Central African Republic,CAF,1971,45.7641
Botswana,BWA,1971,57.0617
Bhutan,BTN,1971,41.83
Brunei,BRN,1971,64.9748
Barbados,BRB,1971,68.7865
Brazil,BRA,1971,57.7857
Bolivia,BOL,1971,47.4826
Bermuda,BMU,1971,68.9804
Belize,BLZ,1971,63.5459
Belarus,BLR,1971,71.5899
Saint Barthelemy,BLM,1971,66.164
Bosnia and Herzegovina,BIH,1971,65.1806
Bahamas,BHS,1971,66.5265
Bahrain,BHR,1971,65.2793
Bulgaria,BGR,1971,70.8551
Bangladesh,BGD,1971,26.5218
Burkina Faso,BFA,1971,39.8529
Bonaire Sint Eustatius and Saba,BES,1971,73.9578
Benin,BEN,1971,43.3908
Belgium,BEL,1971,71.0861
Burundi,BDI,1971,43.1724
Azerbaijan,AZE,1971,57.0431
Austria,AUT,1971,70.2905
Australia,AUS,1971,71.451
Antigua and Barbuda,ATG,1971,69.8607
American Samoa,ASM,1971,66.7703
Armenia,ARM,1971,63.0061
Argentina,ARG,1971,65.6193
United Arab Emirates,ARE,1971,61.7529
Andorra,AND,1971,74.6146
Albania,ALB,1971,65.8959
Anguilla,AIA,1971,65.4591
Angola,AGO,1971,40.0762
Afghanistan,AFG,1971,37.9324
Aruba,ABW,1971,67.7826
Zimbabwe,ZWE,1972,58.1755
Zambia,ZMB,1972,54.375
South Africa,ZAF,1972,56.3767
Yemen,YEM,1972,42.6878
Samoa,WSM,1972,61.3604
Wallis and Futuna,WLF,1972,53.4997
Vanuatu,VUT,1972,56.3724
Vietnam,VNM,1972,51.9133
United States Virgin Islands,VIR,1972,65.5463
British Virgin Islands,VGB,1972,66.8986
Venezuela,VEN,1972,65.5549
Saint Vincent and the Grenadines,VCT,1972,64.7525
Vatican,VAT,1972,71.9717
Uzbekistan,UZB,1972,60.75
United States,USA,1972,71.1779
Uruguay,URY,1972,69.1694
Ukraine,UKR,1972,70.966
Uganda,UGA,1972,47.1619
Tanzania,TZA,1972,47.4358
Taiwan,TWN,1972,69.6284
Tuvalu,TUV,1972,54.6942
Turkey,TUR,1972,57.9712
Tunisia,TUN,1972,56.0947
Trinidad and Tobago,TTO,1972,65.1835
Tonga,TON,1972,64.0606
East Timor,TLS,1972,38.443
Turkmenistan,TKM,1972,56.6028
Tokelau,TKL,1972,62.8225
Tajikistan,TJK,1972,57.1569
Thailand,THA,1972,57.7464
Togo,TGO,1972,47.692
Chad,TCD,1972,41.9221
Turks and Caicos Islands,TCA,1972,63.7604
Syria,SYR,1972,61.9692
Seychelles,SYC,1972,65.3468
Sint Maarten (Dutch part),SXM,1972,71.7294
Eswatini,SWZ,1972,52.3518
Sweden,SWE,1972,74.7048
Slovenia,SVN,1972,70.33
Slovakia,SVK,1972,70.3009
Suriname,SUR,1972,59.6852
Sao Tome and Principe,STP,1972,57.4482
South Sudan,SSD,1972,31.2905
Serbia,SRB,1972,69.9821
Saint Pierre and Miquelon,SPM,1972,68.3414
Somalia,SOM,1972,46.0321
San Marino,SMR,1972,74.5921
El Salvador,SLV,1972,51.9564
Sierra Leone,SLE,1972,39.5048
Solomon Islands,SLB,1972,57.9134
Saint Helena,SHN,1972,68.7826
Singapore,SGP,1972,68.9641
Senegal,SEN,1972,41.7704
Sudan,SDN,1972,52.8032
Saudi Arabia,SAU,1972,54.7422
Rwanda,RWA,1972,46.3433
Russia,RUS,1972,68.8452
Romania,ROU,1972,68.9768
Reunion,REU,1972,64.2451
Qatar,QAT,1972,66.0704
French Polynesia,PYF,1972,63.0818
Palestine,PSE,1972,56.6718
Paraguay,PRY,1972,62.8898
Portugal,PRT,1972,69.1574
North Korea,PRK,1972,63.2543
Puerto Rico,PRI,1972,70.813
Poland,POL,1972,70.1409
Papua New Guinea,PNG,1972,53.2501
Palau,PLW,1972,58.5568
Philippines,PHL,1972,60.9112
Peru,PER,1972,56.9892
Panama,PAN,1972,65.1832
Pakistan,PAK,1972,53.8239
World,OWID_WRL,1972,57.2155
Kosovo,OWID_KOS,1972,55.122
Oman,OMN,1972,48.7172
New Zealand,NZL,1972,71.8235
Nauru,NRU,1972,58.4051
Nepal,NPL,1972,44.068
Norway,NOR,1972,74.3493
Netherlands,NLD,1972,73.7829
Niue,NIU,1972,65.0601
Nicaragua,NIC,1972,47.957
Nigeria,NGA,1972,41.2727
Niger,NER,1972,35.813
New Caledonia,NCL,1972,61.4132
Namibia,NAM,1972,55.8454
Mayotte,MYT,1972,64.9874
Malaysia,MYS,1972,64.2323
Malawi,MWI,1972,37.6084
Mauritius,MUS,1972,63.7989
Martinique,MTQ,1972,67.6135
Montserrat,MSR,1972,66.4235
Mauritania,MRT,1972,51.037
Mozambique,MOZ,1972,42.5234
Northern Mariana Islands,MNP,1972,65.557
Mongolia,MNG,1972,53.1083
Montenegro,MNE,1972,71.2464
Myanmar,MMR,1972,51.3974
Malta,MLT,1972,70.6803
Mali,MLI,1972,34.5068
North Macedonia,MKD,1972,65.6387
Marshall Islands,MHL,1972,59.4906
Mexico,MEX,1972,60.0514
Maldives,MDV,1972,46.431
Madagascar,MDG,1972,48.5068
Moldova,MDA,1972,62.9324
Monaco,MCO,1972,73.3806
Morocco,MAR,1972,49.7059
Saint Martin (French part),MAF,1972,71.5681
Macao,MAC,1972,69.7035
Latvia,LVA,1972,70.2649
Luxembourg,LUX,1972,70.469
Lithuania,LTU,1972,71.3114
Lesotho,LSO,1972,52.2561
Sri Lanka,LKA,1972,64.6249
Liechtenstein,LIE,1972,73.3725
Saint Lucia,LCA,1972,64.6449
Libya,LBY,1972,58.6855
Liberia,LBR,1972,41.1988
Lebanon,LBN,1972,66.2005
Laos,LAO,1972,44.4157
Kuwait,KWT,1972,68.8789
South Korea,KOR,1972,63.2199
Saint Kitts and Nevis,KNA,1972,62.1368
Kiribati,KIR,1972,55.3126
Cambodia,KHM,1972,38.9094
Kyrgyzstan,KGZ,1972,58.8282
Kenya,KEN,1972,55.0128
Kazakhstan,KAZ,1972,60.4798
Japan,JPN,1972,73.2584
Jordan,JOR,1972,62.4773
Jersey,JEY,1972,71.3422
Jamaica,JAM,1972,67.304
Italy,ITA,1972,72.1451
Israel,ISR,1972,71.6228
Iceland,ISL,1972,74.3954
Iraq,IRQ,1972,61.8158
Iran,IRN,1972,51.7293
Ireland,IRL,1972,70.9549
India,IND,1972,49.2126
Isle of Man,IMN,1972,65.9913
Indonesia,IDN,1972,54.3644
Hungary,HUN,1972,69.7199
Haiti,HTI,1972,47.8842
Croatia,HRV,1972,69.7534
Honduras,HND,1972,55.6886
Hong Kong,HKG,1972,71.6747
Guyana,GUY,1972,60.1332
Guam,GUM,1972,66.4694
French Guiana,GUF,1972,64.0398
Guatemala,GTM,1972,51.8172
Greenland,GRL,1972,62.7342
Grenada,GRD,1972,67.1506
Greece,GRC,1972,72.7238
Equatorial Guinea,GNQ,1972,44.4405
Guinea-Bissau,GNB,1972,37.8196
Gambia,GMB,1972,40.5487
Guadeloupe,GLP,1972,65.5783
Guinea,GIN,1972,39.6826
Gibraltar,GIB,1972,72.356
Ghana,GHA,1972,48.2737
Guernsey,GGY,1972,72.8938
Georgia,GEO,1972,65.5156
United Kingdom,GBR,1972,71.9882
Gabon,GAB,1972,53.8109
Micronesia (country),FSM,1972,60.6077
Faroe Islands,FRO,1972,75.0853
France,FRA,1972,72.3134
Falkland Islands,FLK,1972,55.8015
Fiji,FJI,1972,61.6301
Finland,FIN,1972,70.8674
Ethiopia,ETH,1972,41.0345
Estonia,EST,1972,70.3819
Spain,ESP,1972,72.9533
Western Sahara,ESH,1972,43.5407
Eritrea,ERI,1972,40.7231
Egypt,EGY,1972,49.9084
Ecuador,ECU,1972,59.8165
Algeria,DZA,1972,44.384
Dominican Republic,DOM,1972,59.6615
Denmark,DNK,1972,73.4675
Dominica,DMA,1972,67.468
Djibouti,DJI,1972,48.5318
Germany,DEU,1972,71.1482
Czechia,CZE,1972,70.2302
Cyprus,CYP,1972,68.6287
Cayman Islands,CYM,1972,65.3647
Curacao,CUW,1972,68.8111
Cuba,CUB,1972,68.9491
Costa Rica,CRI,1972,68.014
Cape Verde,CPV,1972,57.4856
Comoros,COM,1972,46.4626
Colombia,COL,1972,62.5304
Cook Islands,COK,1972,65.5562
Congo,COG,1972,54.3606
Democratic Republic of Congo,COD,1972,43.869
Cameroon,CMR,1972,49.1203
Cote d'Ivoire,CIV,1972,45.5745
China,CHN,1972,58.5789
Chile,CHL,1972,63.717
Switzerland,CHE,1972,73.7591
Canada,CAN,1972,72.8259
Central African Republic,CAF,1972,46.3321
Botswana,BWA,1972,57.6691
Bhutan,BTN,1972,42.4868
Brunei,BRN,1972,65.4467
Barbados,BRB,1972,69.1321
Brazil,BRA,1972,58.2553
Bolivia,BOL,1972,47.8291
Bermuda,BMU,1972,69.6428
Belize,BLZ,1972,64.0254
Belarus,BLR,1972,71.7636
Saint Barthelemy,BLM,1972,66.8728
Bosnia and Herzegovina,BIH,1972,65.6816
Bahamas,BHS,1972,66.781
Bahrain,BHR,1972,66.0947
Bulgaria,BGR,1972,70.8589
Bangladesh,BGD,1972,49.6465
Burkina Faso,BFA,1972,40.3986
Bonaire Sint Eustatius and Saba,BES,1972,74.1219
Benin,BEN,1972,43.9282
Belgium,BEL,1972,71.412
Burundi,BDI,1972,25.7768
Azerbaijan,AZE,1972,57.5032
Austria,AUT,1972,70.6196
Australia,AUS,1972,71.7682
Antigua and Barbuda,ATG,1972,70.3044
American Samoa,ASM,1972,67.1856
Armenia,ARM,1972,63.2372
Argentina,ARG,1972,65.953
United Arab Emirates,ARE,1972,62.6751
Andorra,AND,1972,74.8635
Albania,ALB,1972,66.5263
Anguilla,AIA,1972,65.8726
Angola,AGO,1972,40.4686
Afghanistan,AFG,1972,38.4226
Aruba,ABW,1972,68.3349
Zimbabwe,ZWE,1973,58.0872
Zambia,ZMB,1973,54.9125
South Africa,ZAF,1973,56.7198
Yemen,YEM,1973,43.6031
Samoa,WSM,1973,61.8632
Wallis and Futuna,WLF,1973,54.1373
Vanuatu,VUT,1973,57.0007
Vietnam,VNM,1973,55.6766
United States Virgin Islands,VIR,1973,67.0394
British Virgin Islands,VGB,1973,67.191
Venezuela,VEN,1973,65.7395
Saint Vincent and the Grenadines,VCT,1973,65.0951
Vatican,VAT,1973,71.9431
Uzbekistan,UZB,1973,61.0583
United States,USA,1973,71.3966
Uruguay,URY,1973,69.3476
Ukraine,UKR,1973,70.8222
Uganda,UGA,1973,46.9915
Tanzania,TZA,1973,47.9116
Taiwan,TWN,1973,69.8017
Tuvalu,TUV,1973,57.1974
Turkey,TUR,1973,58.4549
Tunisia,TUN,1973,57.1153
Trinidad and Tobago,TTO,1973,65.412
Tonga,TON,1973,64.389
East Timor,TLS,1973,38.9664
Turkmenistan,TKM,1973,56.8362
Tokelau,TKL,1973,63.0389
Tajikistan,TJK,1973,57.4179
Thailand,THA,1973,58.3234
Togo,TGO,1973,48.1385
Chad,TCD,1973,42.3987
Turks and Caicos Islands,TCA,1973,64.2277
Syria,SYR,1973,60.8259
Seychelles,SYC,1973,65.9282
Sint Maarten (Dutch part),SXM,1973,72.0607
Eswatini,SWZ,1973,52.9905
Sweden,SWE,1973,74.8655
Slovenia,SVN,1973,70.7523
Slovakia,SVK,1973,70.0292
Suriname,SUR,1973,59.7932
Sao Tome and Principe,STP,1973,57.8956
South Sudan,SSD,1973,36.2771
Serbia,SRB,1973,70.497
Saint Pierre and Miquelon,SPM,1973,68.821
Somalia,SOM,1973,46.2238
San Marino,SMR,1973,74.7865
El Salvador,SLV,1973,52.7817
Sierra Leone,SLE,1973,39.9603
Solomon Islands,SLB,1973,58.7772
Saint Helena,SHN,1973,68.8989
Singapore,SGP,1973,69.3571
Senegal,SEN,1973,42.4286
Sudan,SDN,1973,52.9884
Saudi Arabia,SAU,1973,55.7651
Rwanda,RWA,1973,45.9438
Russia,RUS,1973,68.9489
Romania,ROU,1973,68.7008
Reunion,REU,1973,64.7737
Qatar,QAT,1973,66.6288
French Polynesia,PYF,1973,63.4005
Palestine,PSE,1973,57.6245
Paraguay,PRY,1973,63.0593
Portugal,PRT,1973,68.6011
North Korea,PRK,1973,63.8155
Puerto Rico,PRI,1973,70.9492
Poland,POL,1973,70.6986
Papua New Guinea,PNG,1973,53.8527
Palau,PLW,1973,59.0236
Philippines,PHL,1973,60.7413
Peru,PER,1973,57.3326
Panama,PAN,1973,65.7827
Pakistan,PAK,1973,54.0895
World,OWID_WRL,1973,57.6923
Kosovo,OWID_KOS,1973,55.9139
Oman,OMN,1973,49.9641
New Zealand,NZL,1973,71.6751
Nauru,NRU,1973,58.3625
Nepal,NPL,1973,44.4854
Norway,NOR,1973,74.4403
Netherlands,NLD,1973,74.23
Niue,NIU,1973,65.4002
Nicaragua,NIC,1973,55.0225
Nigeria,NGA,1973,41.8307
Niger,NER,1973,35.9379
New Caledonia,NCL,1973,62.0997
Namibia,NAM,1973,56.4218
Mayotte,MYT,1973,65.6613
Malaysia,MYS,1973,64.7255
Malawi,MWI,1973,38.355
Mauritius,MUS,1973,64.253
Martinique,MTQ,1973,68.0206
Montserrat,MSR,1973,66.9467
Mauritania,MRT,1973,51.2159
Mozambique,MOZ,1973,42.7239
Northern Mariana Islands,MNP,1973,65.9878
Mongolia,MNG,1973,53.6012
Montenegro,MNE,1973,71.5909
Myanmar,MMR,1973,51.763
Malta,MLT,1973,71.3222
Mali,MLI,1973,35.087
North Macedonia,MKD,1973,67.063
Marshall Islands,MHL,1973,59.8327
Mexico,MEX,1973,60.5177
Maldives,MDV,1973,47.4588
Madagascar,MDG,1973,48.9208
Moldova,MDA,1973,63.1755
Monaco,MCO,1973,73.374
Morocco,MAR,1973,50.2196
Saint Martin (French part),MAF,1973,71.7799
Macao,MAC,1973,70.0926
Latvia,LVA,1973,70.189
Luxembourg,LUX,1973,70.3158
Lithuania,LTU,1973,71.6181
Lesotho,LSO,1973,52.6196
Sri Lanka,LKA,1973,64.7855
Liechtenstein,LIE,1973,73.6525
Saint Lucia,LCA,1973,64.5725
Libya,LBY,1973,59.7104
Liberia,LBR,1973,41.6186
Lebanon,LBN,1973,66.2976
Laos,LAO,1973,44.7277
Kuwait,KWT,1973,69.191
South Korea,KOR,1973,63.7732
Saint Kitts and Nevis,KNA,1973,62.5167
Kiribati,KIR,1973,55.7898
Cambodia,KHM,1973,39.078
Kyrgyzstan,KGZ,1973,59.1794
Kenya,KEN,1973,55.5002
Kazakhstan,KAZ,1973,60.6966
Japan,JPN,1973,73.4218
Jordan,JOR,1973,63.065
Jersey,JEY,1973,71.611
Jamaica,JAM,1973,67.6072
Italy,ITA,1973,72.1053
Israel,ISR,1973,71.6116
Iceland,ISL,1973,74.2769
Iraq,IRQ,1973,62.3443
Iran,IRN,1973,52.9438
Ireland,IRL,1973,71.1703
India,IND,1973,49.6418
Isle of Man,IMN,1973,66.2376
Indonesia,IDN,1973,54.9155
Hungary,HUN,1973,69.599
Haiti,HTI,1973,48.1944
Croatia,HRV,1973,70.106
Honduras,HND,1973,54.5647
Hong Kong,HKG,1973,72.2071
Guyana,GUY,1973,60.2105
Guam,GUM,1973,66.9301
French Guiana,GUF,1973,64.4117
Guatemala,GTM,1973,52.8481
Greenland,GRL,1973,62.3944
Grenada,GRD,1973,67.5572
Greece,GRC,1973,72.9757
Equatorial Guinea,GNQ,1973,44.6577
Guinea-Bissau,GNB,1973,38.17
Gambia,GMB,1973,41.0881
Guadeloupe,GLP,1973,66.0776
Guinea,GIN,1973,39.9373
Gibraltar,GIB,1973,72.707
Ghana,GHA,1973,48.5772
Guernsey,GGY,1973,74.2181
Georgia,GEO,1973,65.8508
United Kingdom,GBR,1973,72.1846
Gabon,GAB,1973,54.3524
Micronesia (country),FSM,1973,60.9553
Faroe Islands,FRO,1973,75.1976
France,FRA,1973,72.4756
Falkland Islands,FLK,1973,55.9873
Fiji,FJI,1973,60.6493
Finland,FIN,1973,71.3665
Ethiopia,ETH,1973,41.1028
Estonia,EST,1973,70.6926
Spain,ESP,1973,72.7324
Western Sahara,ESH,1973,44.2084
Eritrea,ERI,1973,41.1313
Egypt,EGY,1973,50.0977
Ecuador,ECU,1973,60.3061
Algeria,DZA,1973,45.1016
Dominican Republic,DOM,1973,60.2284
Denmark,DNK,1973,73.6944
Dominica,DMA,1973,68.0971
Djibouti,DJI,1973,49.0967
Germany,DEU,1973,71.362
Czechia,CZE,1973,70.0883
Cyprus,CYP,1973,69.0052
Cayman Islands,CYM,1973,65.8895
Curacao,CUW,1973,69.0924
Cuba,CUB,1973,69.3475
Costa Rica,CRI,1973,68.7309
Cape Verde,CPV,1973,57.9792
Comoros,COM,1973,47.0449
Colombia,COL,1973,62.9911
Cook Islands,COK,1973,65.8918
Congo,COG,1973,54.7436
Democratic Republic of Congo,COD,1973,44.0905
Cameroon,CMR,1973,49.517
Cote d'Ivoire,CIV,1973,46.3723
China,CHN,1973,59.4961
Chile,CHL,1973,64.42
Switzerland,CHE,1973,74.0598
Canada,CAN,1973,73.0691
Central African Republic,CAF,1973,46.8838
Botswana,BWA,1973,58.286
Bhutan,BTN,1973,43.1358
Brunei,BRN,1973,65.9503
Barbados,BRB,1973,69.1082
Brazil,BRA,1973,58.6812
Bolivia,BOL,1973,48.2818
Bermuda,BMU,1973,70.3738
Belize,BLZ,1973,64.4869
Belarus,BLR,1973,71.7422
Saint Barthelemy,BLM,1973,67.4138
Bosnia and Herzegovina,BIH,1973,66.5858
Bahamas,BHS,1973,67.1471
Bahrain,BHR,1973,66.9218
Bulgaria,BGR,1973,71.3021
Bangladesh,BGD,1973,49.9142
Burkina Faso,BFA,1973,40.9475
Bonaire Sint Eustatius and Saba,BES,1973,74.1605
Benin,BEN,1973,44.4352
Belgium,BEL,1973,71.6353
Burundi,BDI,1973,37.4086
Azerbaijan,AZE,1973,57.9261
Austria,AUT,1973,71.1953
Australia,AUS,1973,72.0579
Antigua and Barbuda,ATG,1973,70.7102
American Samoa,ASM,1973,67.6043
Armenia,ARM,1973,63.4589
Argentina,ARG,1973,66.186
United Arab Emirates,ARE,1973,63.5416
Andorra,AND,1973,75.0961
Albania,ALB,1973,67.1066
Anguilla,AIA,1973,66.2469
Angola,AGO,1973,40.8714
Afghanistan,AFG,1973,38.951
Aruba,ABW,1973,68.8617
Zimbabwe,ZWE,1974,58.1937
Zambia,ZMB,1974,55.3766
South Africa,ZAF,1974,57.1097
Yemen,YEM,1974,44.5409
Samoa,WSM,1974,62.3398
Wallis and Futuna,WLF,1974,54.809
Vanuatu,VUT,1974,57.5725
Vietnam,VNM,1974,54.7512
United States Virgin Islands,VIR,1974,67.3399
British Virgin Islands,VGB,1974,67.6524
Venezuela,VEN,1974,66.2231
Saint Vincent and the Grenadines,VCT,1974,65.4223
Vatican,VAT,1974,72.6509
Uzbekistan,UZB,1974,61.3549
United States,USA,1974,71.9592
Uruguay,URY,1974,69.5244
Ukraine,UKR,1974,70.6269
Uganda,UGA,1974,46.8613
Tanzania,TZA,1974,48.4219
Taiwan,TWN,1974,70.3056
Tuvalu,TUV,1974,57.6931
Turkey,TUR,1974,59.0191
Tunisia,TUN,1974,58.2509
Trinidad and Tobago,TTO,1974,65.5117
Tonga,TON,1974,64.8249
East Timor,TLS,1974,36.4539
Turkmenistan,TKM,1974,57.0403
Tokelau,TKL,1974,63.2614
Tajikistan,TJK,1974,57.6512
Thailand,THA,1974,59.0306
Togo,TGO,1974,48.5932
Chad,TCD,1974,42.6007
Turks and Caicos Islands,TCA,1974,64.7305
Syria,SYR,1974,63.4411
Seychelles,SYC,1974,66.4301
Sint Maarten (Dutch part),SXM,1974,72.2434
Eswatini,SWZ,1974,53.6556
Sweden,SWE,1974,74.9693
Slovenia,SVN,1974,71.0388
Slovakia,SVK,1974,70.1773
Suriname,SUR,1974,59.914
Sao Tome and Principe,STP,1974,58.2623
South Sudan,SSD,1974,36.5893
Serbia,SRB,1974,71.1241
Saint Pierre and Miquelon,SPM,1974,69.2218
Somalia,SOM,1974,44.2591
San Marino,SMR,1974,75.0525
El Salvador,SLV,1974,52.8912
Sierra Leone,SLE,1974,40.4117
Solomon Islands,SLB,1974,59.6113
Saint Helena,SHN,1974,68.9658
Singapore,SGP,1974,69.7088
Senegal,SEN,1974,43.1043
Sudan,SDN,1974,53.1564
Saudi Arabia,SAU,1974,56.7848
Rwanda,RWA,1974,45.5664
Russia,RUS,1974,68.7345
Romania,ROU,1974,69.5175
Reunion,REU,1974,65.3542
Qatar,QAT,1974,67.165
French Polynesia,PYF,1974,63.7778
Palestine,PSE,1974,57.9531
Paraguay,PRY,1974,63.2309
Portugal,PRT,1974,69.1206
North Korea,PRK,1974,64.3349
Puerto Rico,PRI,1974,71.3236
Poland,POL,1974,70.6625
Papua New Guinea,PNG,1974,54.4411
Palau,PLW,1974,59.4923
Philippines,PHL,1974,60.816
Peru,PER,1974,57.7688
Panama,PAN,1974,66.5523
Pakistan,PAK,1974,54.2663
World,OWID_WRL,1974,58.0614
Kosovo,OWID_KOS,1974,56.3762
Oman,OMN,1974,51.2285
New Zealand,NZL,1974,71.9405
Nauru,NRU,1974,58.31
Nepal,NPL,1974,44.9193
Norway,NOR,1974,74.7635
Netherlands,NLD,1974,74.6073
Niue,NIU,1974,65.7863
Nicaragua,NIC,1974,55.4013
Nigeria,NGA,1974,42.4886
Niger,NER,1974,36.1946
New Caledonia,NCL,1974,62.6904
Namibia,NAM,1974,56.943
Mayotte,MYT,1974,66.3309
Malaysia,MYS,1974,65.2041
Malawi,MWI,1974,39.1965
Mauritius,MUS,1974,64.2175
Martinique,MTQ,1974,68.156
Montserrat,MSR,1974,67.4139
Mauritania,MRT,1974,51.4325
Mozambique,MOZ,1974,43.2109
Northern Mariana Islands,MNP,1974,66.4338
Mongolia,MNG,1974,54.0209
Montenegro,MNE,1974,71.6272
Myanmar,MMR,1974,52.0915
Malta,MLT,1974,71.9465
Mali,MLI,1974,35.7492
North Macedonia,MKD,1974,67.1146
Marshall Islands,MHL,1974,60.1196
Mexico,MEX,1974,61.1799
Maldives,MDV,1974,48.5347
Madagascar,MDG,1974,49.3032
Moldova,MDA,1974,63.4374
Monaco,MCO,1974,73.4215
Morocco,MAR,1974,50.762
Saint Martin (French part),MAF,1974,71.9325
Macao,MAC,1974,71.0037
Latvia,LVA,1974,70.12
Luxembourg,LUX,1974,70.2216
Lithuania,LTU,1974,71.5366
Lesotho,LSO,1974,52.9412
Sri Lanka,LKA,1974,64.966
Liechtenstein,LIE,1974,74.0246
Saint Lucia,LCA,1974,65.4193
Libya,LBY,1974,60.7093
Liberia,LBR,1974,42.0626
Lebanon,LBN,1974,66.41
Laos,LAO,1974,45.8864
Kuwait,KWT,1974,69.4483
South Korea,KOR,1974,64.2389
Saint Kitts and Nevis,KNA,1974,62.8881
Kiribati,KIR,1974,56.1024
Cambodia,KHM,1974,39.2958
Kyrgyzstan,KGZ,1974,59.5401
Kenya,KEN,1974,56.039
Kazakhstan,KAZ,1974,60.908
Japan,JPN,1974,73.8494
Jordan,JOR,1974,63.6113
Jersey,JEY,1974,71.7394
Jamaica,JAM,1974,67.9133
Italy,ITA,1974,72.8037
Israel,ISR,1974,71.5618
Iceland,ISL,1974,74.1253
Iraq,IRQ,1974,60.9951
Iran,IRN,1974,53.862
Ireland,IRL,1974,71.1123
India,IND,1974,50.2589
Isle of Man,IMN,1974,66.4784
Indonesia,IDN,1974,55.4431
Hungary,HUN,1974,69.273
Haiti,HTI,1974,48.4583
Croatia,HRV,1974,70.6122
Honduras,HND,1974,52.5188
Hong Kong,HKG,1974,72.537
Guyana,GUY,1974,60.3049
Guam,GUM,1974,67.5318
French Guiana,GUF,1974,64.7384
Guatemala,GTM,1974,53.023
Greenland,GRL,1974,61.9639
Grenada,GRD,1974,67.8842
Greece,GRC,1974,73.4724
Equatorial Guinea,GNQ,1974,41.4861
Guinea-Bissau,GNB,1974,41.6131
Gambia,GMB,1974,41.6759
Guadeloupe,GLP,1974,66.6521
Guinea,GIN,1974,40.2287
Gibraltar,GIB,1974,73.0526
Ghana,GHA,1974,48.9182
Guernsey,GGY,1974,73.5579
Georgia,GEO,1974,66.1798
United Kingdom,GBR,1974,72.376
Gabon,GAB,1974,54.9106
Micronesia (country),FSM,1974,61.3191
Faroe Islands,FRO,1974,75.2428
France,FRA,1974,72.8037
Falkland Islands,FLK,1974,56.0938
Fiji,FJI,1974,61.1945
Finland,FIN,1974,71.2925
Ethiopia,ETH,1974,39.0827
Estonia,EST,1974,70.8093
Spain,ESP,1974,73.0928
Western Sahara,ESH,1974,44.9509
Eritrea,ERI,1974,39.0005
Egypt,EGY,1974,51.044
Ecuador,ECU,1974,60.7
Algeria,DZA,1974,45.9531
Dominican Republic,DOM,1974,60.757
Denmark,DNK,1974,73.8216
Dominica,DMA,1974,68.5847
Djibouti,DJI,1974,49.5203
Germany,DEU,1974,71.6776
Czechia,CZE,1974,70.174
Cyprus,CYP,1974,54.5513
Cayman Islands,CYM,1974,66.4887
Curacao,CUW,1974,69.3938
Cuba,CUB,1974,69.8674
Costa Rica,CRI,1974,69.4456
Cape Verde,CPV,1974,58.4324
Comoros,COM,1974,47.6091
Colombia,COL,1974,63.4971
Cook Islands,COK,1974,65.9261
Congo,COG,1974,55.053
Democratic Republic of Congo,COD,1974,44.3111
Cameroon,CMR,1974,49.7337
Cote d'Ivoire,CIV,1974,47.2068
China,CHN,1974,60.2408
Chile,CHL,1974,65.0853
Switzerland,CHE,1974,74.4013
Canada,CAN,1974,73.1423
Central African Republic,CAF,1974,47.4054
Botswana,BWA,1974,58.9137
Bhutan,BTN,1974,43.8002
Brunei,BRN,1974,66.4416
Barbados,BRB,1974,69.3795
Brazil,BRA,1974,59.0812
Bolivia,BOL,1974,48.7521
Bermuda,BMU,1974,70.8639
Belize,BLZ,1974,64.9355
Belarus,BLR,1974,71.6568
Saint Barthelemy,BLM,1974,68.142
Bosnia and Herzegovina,BIH,1974,67.6346
Bahamas,BHS,1974,67.5849
Bahrain,BHR,1974,67.6331
Bulgaria,BGR,1974,71.2172
Bangladesh,BGD,1974,49.5885
Burkina Faso,BFA,1974,41.7112
Bonaire Sint Eustatius and Saba,BES,1974,74.1256
Benin,BEN,1974,44.8758
Belgium,BEL,1974,71.9713
Burundi,BDI,1974,43.3367
Azerbaijan,AZE,1974,58.3323
Austria,AUT,1974,71.1741
Australia,AUS,1974,71.8491
Antigua and Barbuda,ATG,1974,71.095
American Samoa,ASM,1974,67.9504
Armenia,ARM,1974,63.6808
Argentina,ARG,1974,66.4053
United Arab Emirates,ARE,1974,64.3511
Andorra,AND,1974,75.3398
Albania,ALB,1974,67.6334
Anguilla,AIA,1974,66.6363
Angola,AGO,1974,41.2597
Afghanistan,AFG,1974,39.4687
Aruba,ABW,1974,69.2782
Zimbabwe,ZWE,1975,58.2495
Zambia,ZMB,1975,55.742
South Africa,ZAF,1975,57.5906
Yemen,YEM,1975,45.4752
Samoa,WSM,1975,62.839
Wallis and Futuna,WLF,1975,55.4896
Vanuatu,VUT,1975,58.1333
Vietnam,VNM,1975,61.865
United States Virgin Islands,VIR,1975,67.6372
British Virgin Islands,VGB,1975,68.0693
Venezuela,VEN,1975,66.6855
Saint Vincent and the Grenadines,VCT,1975,65.8732
Vatican,VAT,1975,72.5904
Uzbekistan,UZB,1975,61.6319
United States,USA,1975,72.5434
Uruguay,URY,1975,69.7054
Ukraine,UKR,1975,70.3612
Uganda,UGA,1975,46.5175
Tanzania,TZA,1975,48.9216
Taiwan,TWN,1975,70.8761
Tuvalu,TUV,1975,58.2532
Turkey,TUR,1975,59.513
Tunisia,TUN,1975,59.3055
Trinidad and Tobago,TTO,1975,65.6471
Tonga,TON,1975,65.1216
East Timor,TLS,1975,24.3142
Turkmenistan,TKM,1975,57.2407
Tokelau,TKL,1975,63.4743
Tajikistan,TJK,1975,57.8803
Thailand,THA,1975,59.7128
Togo,TGO,1975,49.0461
Chad,TCD,1975,42.7364
Turks and Caicos Islands,TCA,1975,65.2015
Syria,SYR,1975,64.1871
Seychelles,SYC,1975,66.8473
Sint Maarten (Dutch part),SXM,1975,72.3076
Eswatini,SWZ,1975,54.3987
Sweden,SWE,1975,74.9778
Slovenia,SVN,1975,71.0825
Slovakia,SVK,1975,70.3033
Suriname,SUR,1975,60.0347
Sao Tome and Principe,STP,1975,58.561
South Sudan,SSD,1975,36.8666
Serbia,SRB,1975,71.6126
Saint Pierre and Miquelon,SPM,1975,69.5152
Somalia,SOM,1975,44.4902
San Marino,SMR,1975,75.251
El Salvador,SLV,1975,53.4217
Sierra Leone,SLE,1975,40.9897
Solomon Islands,SLB,1975,58.4043
Saint Helena,SHN,1975,69.1387
Singapore,SGP,1975,70.2322
Senegal,SEN,1975,43.9377
Sudan,SDN,1975,53.31
Saudi Arabia,SAU,1975,57.7804
Rwanda,RWA,1975,45.3242
Russia,RUS,1975,68.2644
Romania,ROU,1975,69.5985
Reunion,REU,1975,66.0194
Qatar,QAT,1975,67.6789
French Polynesia,PYF,1975,64.2488
Palestine,PSE,1975,58.6631
Paraguay,PRY,1975,63.4348
Portugal,PRT,1975,68.843
North Korea,PRK,1975,64.8305
Puerto Rico,PRI,1975,71.9634
Poland,POL,1975,70.6308
Papua New Guinea,PNG,1975,54.9841
Palau,PLW,1975,59.9982
Philippines,PHL,1975,60.9044
Peru,PER,1975,58.2048
Panama,PAN,1975,67.243
Pakistan,PAK,1975,54.7219
World,OWID_WRL,1975,58.2681
Kosovo,OWID_KOS,1975,57.3109
Oman,OMN,1975,52.5105
New Zealand,NZL,1975,72.2002
Nauru,NRU,1975,58.2507
Nepal,NPL,1975,45.4995
Norway,NOR,1975,74.8165
Netherlands,NLD,1975,74.5546
Niue,NIU,1975,66.1157
Nicaragua,NIC,1975,55.7738
Nigeria,NGA,1975,43.0544
Niger,NER,1975,36.5678
New Caledonia,NCL,1975,63.2394
Namibia,NAM,1975,57.5505
Mayotte,MYT,1975,66.9667
Malaysia,MYS,1975,65.6974
Malawi,MWI,1975,40.0794
Mauritius,MUS,1975,64.3682
Martinique,MTQ,1975,69.006
Montserrat,MSR,1975,67.8502
Mauritania,MRT,1975,51.5712
Mozambique,MOZ,1975,43.8207
Northern Mariana Islands,MNP,1975,66.8499
Mongolia,MNG,1975,54.3345
Montenegro,MNE,1975,71.9195
Myanmar,MMR,1975,52.4933
Malta,MLT,1975,72.0669
Mali,MLI,1975,36.4844
North Macedonia,MKD,1975,67.2528
Marshall Islands,MHL,1975,60.2731
Mexico,MEX,1975,61.8832
Maldives,MDV,1975,49.6453
Madagascar,MDG,1975,49.596
Moldova,MDA,1975,63.6997
Monaco,MCO,1975,73.5226
Morocco,MAR,1975,51.3564
Saint Martin (French part),MAF,1975,72.0457
Macao,MAC,1975,71.1897
Latvia,LVA,1975,69.2578
Luxembourg,LUX,1975,70.3385
Lithuania,LTU,1975,71.1081
Lesotho,LSO,1975,53.4544
Sri Lanka,LKA,1975,65.3554
Liechtenstein,LIE,1975,74.3304
Saint Lucia,LCA,1975,65.9095
Libya,LBY,1975,61.6207
Liberia,LBR,1975,42.4627
Lebanon,LBN,1975,57.7444
Laos,LAO,1975,46.1495
Kuwait,KWT,1975,69.6795
South Korea,KOR,1975,64.667
Saint Kitts and Nevis,KNA,1975,63.1915
Kiribati,KIR,1975,56.3579
Cambodia,KHM,1975,12.7845
Kyrgyzstan,KGZ,1975,59.8237
Kenya,KEN,1975,56.6205
Kazakhstan,KAZ,1975,61.1099
Japan,JPN,1975,74.3569
Jordan,JOR,1975,64.148
Jersey,JEY,1975,71.8782
Jamaica,JAM,1975,68.1681
Italy,ITA,1975,72.7281
Israel,ISR,1975,71.597
Iceland,ISL,1975,75.2687
Iraq,IRQ,1975,61.4345
Iran,IRN,1975,54.8194
Ireland,IRL,1975,71.6886
India,IND,1975,50.7615
Isle of Man,IMN,1975,66.7601
Indonesia,IDN,1975,55.9984
Hungary,HUN,1975,69.4222
Haiti,HTI,1975,48.7201
Croatia,HRV,1975,71.0405
Honduras,HND,1975,57.5234
Hong Kong,HKG,1975,72.82
Guyana,GUY,1975,60.3749
Guam,GUM,1975,68.0107
French Guiana,GUF,1975,65.0231
Guatemala,GTM,1975,52.8323
Greenland,GRL,1975,61.7461
Grenada,GRD,1975,68.0044
Greece,GRC,1975,73.4734
Equatorial Guinea,GNQ,1975,37.32
Guinea-Bissau,GNB,1975,41.9339
Gambia,GMB,1975,42.192
Guadeloupe,GLP,1975,67.1572
Guinea,GIN,1975,40.6065
Gibraltar,GIB,1975,73.3215
Ghana,GHA,1975,49.3226
Guernsey,GGY,1975,73.5784
Georgia,GEO,1975,66.5116
United Kingdom,GBR,1975,72.65
Gabon,GAB,1975,55.4549
Micronesia (country),FSM,1975,61.6169
Faroe Islands,FRO,1975,75.3228
France,FRA,1975,72.9001
Falkland Islands,FLK,1975,56.1777
Fiji,FJI,1975,61.6888
Finland,FIN,1975,71.8377
Ethiopia,ETH,1975,38.9412
Estonia,EST,1975,70.1215
Spain,ESP,1975,73.4918
Western Sahara,ESH,1975,35.9568
Eritrea,ERI,1975,39.031
Egypt,EGY,1975,51.7342
Ecuador,ECU,1975,61.0849
Algeria,DZA,1975,46.9211
Dominican Republic,DOM,1975,61.2538
Denmark,DNK,1975,74.1002
Dominica,DMA,1975,69.0595
Djibouti,DJI,1975,49.9228
Germany,DEU,1975,71.5162
Czechia,CZE,1975,70.485
Cyprus,CYP,1975,70.3363
Cayman Islands,CYM,1975,67.0444
Curacao,CUW,1975,69.6718
Cuba,CUB,1975,70.3749
Costa Rica,CRI,1975,70.2527
Cape Verde,CPV,1975,58.9759
Comoros,COM,1975,46.866
Colombia,COL,1975,64.0117
Cook Islands,COK,1975,65.7785
Congo,COG,1975,55.4024
Democratic Republic of Congo,COD,1975,44.5299
Cameroon,CMR,1975,49.8911
Cote d'Ivoire,CIV,1975,48.0298
China,CHN,1975,60.952
Chile,CHL,1975,66.0374
Switzerland,CHE,1975,74.7913
Canada,CAN,1975,73.4485
Central African Republic,CAF,1975,47.8924
Botswana,BWA,1975,59.5303
Bhutan,BTN,1975,44.5129
Brunei,BRN,1975,66.9503
Barbados,BRB,1975,69.7897
Brazil,BRA,1975,59.5561
Bolivia,BOL,1975,49.336
Bermuda,BMU,1975,71.1707
Belize,BLZ,1975,65.3769
Belarus,BLR,1975,71.4177
Saint Barthelemy,BLM,1975,68.9253
Bosnia and Herzegovina,BIH,1975,68.3287
Bahamas,BHS,1975,68.1404
Bahrain,BHR,1975,68.2764
Bulgaria,BGR,1975,71.0056
Bangladesh,BGD,1975,50.6268
Burkina Faso,BFA,1975,42.4857
Bonaire Sint Eustatius and Saba,BES,1975,74.2869
Benin,BEN,1975,45.4053
Belgium,BEL,1975,71.9646
Burundi,BDI,1975,43.4453
Azerbaijan,AZE,1975,58.6874
Austria,AUT,1975,71.3264
Australia,AUS,1975,72.7834
Antigua and Barbuda,ATG,1975,71.4474
American Samoa,ASM,1975,68.2563
Armenia,ARM,1975,63.9073
Argentina,ARG,1975,66.9647
United Arab Emirates,ARE,1975,65.1054
Andorra,AND,1975,75.5675
Albania,ALB,1975,68.1198
Anguilla,AIA,1975,67.0556
Angola,AGO,1975,40.8174
Afghanistan,AFG,1975,39.9944
Aruba,ABW,1975,69.5637
Zimbabwe,ZWE,1976,57.6277
Zambia,ZMB,1976,56.1015
South Africa,ZAF,1976,58.0003
Yemen,YEM,1976,46.4406
Samoa,WSM,1976,63.3014
Wallis and Futuna,WLF,1976,56.1795
Vanuatu,VUT,1976,58.664
Vietnam,VNM,1976,63.6692
United States Virgin Islands,VIR,1976,67.8527
British Virgin Islands,VGB,1976,68.408
Venezuela,VEN,1976,67.2664
Saint Vincent and the Grenadines,VCT,1976,66.4655
Vatican,VAT,1976,72.9288
Uzbekistan,UZB,1976,61.903
United States,USA,1976,72.8448
Uruguay,URY,1976,69.8873
Ukraine,UKR,1976,70.1441
Uganda,UGA,1976,46.1695
Tanzania,TZA,1976,49.4586
Taiwan,TWN,1976,71.1569
Tuvalu,TUV,1976,58.7728
Turkey,TUR,1976,60.0144
Tunisia,TUN,1976,60.3134
Trinidad and Tobago,TTO,1976,66.0321
Tonga,TON,1976,65.4184
East Timor,TLS,1976,25.8634
Turkmenistan,TKM,1976,57.449
Tokelau,TKL,1976,63.7163
Tajikistan,TJK,1976,58.0762
Thailand,THA,1976,60.3715
Togo,TGO,1976,49.5088
Chad,TCD,1976,42.6865
Turks and Caicos Islands,TCA,1976,65.607
Syria,SYR,1976,64.844
Seychelles,SYC,1976,67.22
Sint Maarten (Dutch part),SXM,1976,72.2763
Eswatini,SWZ,1976,55.1718
Sweden,SWE,1976,74.9728
Slovenia,SVN,1976,71.1377
Slovakia,SVK,1976,70.4656
Suriname,SUR,1976,60.1548
Sao Tome and Principe,STP,1976,58.7816
South Sudan,SSD,1976,37.0922
Serbia,SRB,1976,71.8626
Saint Pierre and Miquelon,SPM,1976,69.7128
Somalia,SOM,1976,44.7266
San Marino,SMR,1976,75.4309
El Salvador,SLV,1976,54.375
Sierra Leone,SLE,1976,41.4253
Solomon Islands,SLB,1976,61.153
Saint Helena,SHN,1976,69.2748
Singapore,SGP,1976,70.5699
Senegal,SEN,1976,44.8095
Sudan,SDN,1976,53.3417
Saudi Arabia,SAU,1976,58.7823
Rwanda,RWA,1976,45.312
Russia,RUS,1976,68.1018
Romania,ROU,1976,69.8993
Reunion,REU,1976,66.6982
Qatar,QAT,1976,68.1723
French Polynesia,PYF,1976,64.7609
Palestine,PSE,1976,59.3865
Paraguay,PRY,1976,63.6535
Portugal,PRT,1976,69.1006
North Korea,PRK,1976,65.3252
Puerto Rico,PRI,1976,72.0802
Poland,POL,1976,70.403
Papua New Guinea,PNG,1976,55.5299
Palau,PLW,1976,60.4688
Philippines,PHL,1976,60.8693
Peru,PER,1976,58.57
Panama,PAN,1976,67.794
Pakistan,PAK,1976,55.0687
World,OWID_WRL,1976,58.5754
Kosovo,OWID_KOS,1976,57.5399
Oman,OMN,1976,54.4483
New Zealand,NZL,1976,72.3966
Nauru,NRU,1976,58.2146
Nepal,NPL,1976,45.9912
Norway,NOR,1976,75.0479
Netherlands,NLD,1976,74.6717
Niue,NIU,1976,66.5055
Nicaragua,NIC,1976,56.1177
Nigeria,NGA,1976,44.186
Niger,NER,1976,37.1012
New Caledonia,NCL,1976,63.7507
Namibia,NAM,1976,58.0415
Mayotte,MYT,1976,67.5678
Malaysia,MYS,1976,66.2328
Malawi,MWI,1976,41.0223
Mauritius,MUS,1976,64.0297
Martinique,MTQ,1976,69.7109
Montserrat,MSR,1976,68.225
Mauritania,MRT,1976,51.7705
Mozambique,MOZ,1976,43.9227
Northern Mariana Islands,MNP,1976,67.278
Mongolia,MNG,1976,54.5826
Montenegro,MNE,1976,72.0587
Myanmar,MMR,1976,52.9082
Malta,MLT,1976,72.2084
Mali,MLI,1976,37.2039
North Macedonia,MKD,1976,67.8661
Marshall Islands,MHL,1976,60.4156
Mexico,MEX,1976,62.4748
Maldives,MDV,1976,50.7531
Madagascar,MDG,1976,49.7996
Moldova,MDA,1976,63.9679
Monaco,MCO,1976,73.7974
Morocco,MAR,1976,52.0478
Saint Martin (French part),MAF,1976,72.116
Macao,MAC,1976,71.8717
Latvia,LVA,1976,69.3877
Luxembourg,LUX,1976,70.2437
Lithuania,LTU,1976,71.2207
Lesotho,LSO,1976,53.931
Sri Lanka,LKA,1976,65.8399
Liechtenstein,LIE,1976,74.5722
Saint Lucia,LCA,1976,66.1983
Libya,LBY,1976,62.4481
Liberia,LBR,1976,42.8508
Lebanon,LBN,1976,36.4358
Laos,LAO,1976,46.0118
Kuwait,KWT,1976,69.9242
South Korea,KOR,1976,65.0115
Saint Kitts and Nevis,KNA,1976,63.4896
Kiribati,KIR,1976,56.562
Cambodia,KHM,1976,11.6323
Kyrgyzstan,KGZ,1976,60.0988
Kenya,KEN,1976,57.1528
Kazakhstan,KAZ,1976,61.3009
Japan,JPN,1976,74.7611
Jordan,JOR,1976,64.6538
Jersey,JEY,1976,71.9769
Jamaica,JAM,1976,68.4121
Italy,ITA,1976,73.0698
Israel,ISR,1976,72.6728
Iceland,ISL,1976,76.6333
Iraq,IRQ,1976,63.5689
Iran,IRN,1976,55.771
Ireland,IRL,1976,71.797
India,IND,1976,51.3019
Isle of Man,IMN,1976,67.0508
Indonesia,IDN,1976,56.445
Hungary,HUN,1976,69.6571
Haiti,HTI,1976,48.9719
Croatia,HRV,1976,71.3659
Honduras,HND,1976,58.1514
Hong Kong,HKG,1976,73.0402
Guyana,GUY,1976,60.4485
Guam,GUM,1976,68.2747
French Guiana,GUF,1976,65.2518
Guatemala,GTM,1976,47.6172
Greenland,GRL,1976,61.6715
Grenada,GRD,1976,67.9487
Greece,GRC,1976,73.7477
Equatorial Guinea,GNQ,1976,30.5369
Guinea-Bissau,GNB,1976,42.2529
Gambia,GMB,1976,42.8764
Guadeloupe,GLP,1976,67.8057
Guinea,GIN,1976,41.0276
Gibraltar,GIB,1976,73.4429
Ghana,GHA,1976,49.7323
Guernsey,GGY,1976,73.6434
Georgia,GEO,1976,66.894
United Kingdom,GBR,1976,72.6341
Gabon,GAB,1976,55.97
Micronesia (country),FSM,1976,61.8846
Faroe Islands,FRO,1976,75.3987
France,FRA,1976,73.122
Falkland Islands,FLK,1976,56.1069
Fiji,FJI,1976,62.0996
Finland,FIN,1976,71.989
Ethiopia,ETH,1976,41.32
Estonia,EST,1976,69.7389
Spain,ESP,1976,73.8069
Western Sahara,ESH,1976,36.2644
Eritrea,ERI,1976,42.5873
Egypt,EGY,1976,52.4844
Ecuador,ECU,1976,61.4251
Algeria,DZA,1976,48.0338
Dominican Republic,DOM,1976,61.7394
Denmark,DNK,1976,73.7697
Dominica,DMA,1976,69.4108
Djibouti,DJI,1976,50.3352
Germany,DEU,1976,71.9791
Czechia,CZE,1976,70.6014
Cyprus,CYP,1976,70.805
Cayman Islands,CYM,1976,67.5488
Curacao,CUW,1976,69.9507
Cuba,CUB,1976,70.8779
Costa Rica,CRI,1976,70.9456
Cape Verde,CPV,1976,59.3962
Comoros,COM,1976,48.6454
Colombia,COL,1976,64.6421
Cook Islands,COK,1976,65.5459
Congo,COG,1976,55.699
Democratic Republic of Congo,COD,1976,44.695
Cameroon,CMR,1976,50.0165
Cote d'Ivoire,CIV,1976,48.8626
China,CHN,1976,61.225
Chile,CHL,1976,66.8193
Switzerland,CHE,1976,74.9059
Canada,CAN,1976,73.87
Central African Republic,CAF,1976,48.3554
Botswana,BWA,1976,60.2089
Bhutan,BTN,1976,45.2302
Brunei,BRN,1976,67.4109
Barbados,BRB,1976,70.114
Brazil,BRA,1976,60.0072
Bolivia,BOL,1976,49.9707
Bermuda,BMU,1976,71.3313
Belize,BLZ,1976,65.7649
Belarus,BLR,1976,71.2208
Saint Barthelemy,BLM,1976,69.688
Bosnia and Herzegovina,BIH,1976,68.574
Bahamas,BHS,1976,68.5293
Bahrain,BHR,1976,68.858
Bulgaria,BGR,1976,71.358
Bangladesh,BGD,1976,50.9509
Burkina Faso,BFA,1976,43.3266
Bonaire Sint Eustatius and Saba,BES,1976,74.7349
Benin,BEN,1976,45.9515
Belgium,BEL,1976,72.1041
Burundi,BDI,1976,43.6913
Azerbaijan,AZE,1976,59.4769
Austria,AUT,1976,71.7881
Australia,AUS,1976,72.7871
Antigua and Barbuda,ATG,1976,71.7944
American Samoa,ASM,1976,68.4748
Armenia,ARM,1976,64.1441
Argentina,ARG,1976,67.0299
United Arab Emirates,ARE,1976,65.8061
Andorra,AND,1976,75.8689
Albania,ALB,1976,68.5695
Anguilla,AIA,1976,67.4381
Angola,AGO,1976,40.8116
Afghanistan,AFG,1976,40.5184
Aruba,ABW,1976,69.8083
Zimbabwe,ZWE,1977,56.9962
Zambia,ZMB,1977,56.2814
South Africa,ZAF,1977,58.48
Yemen,YEM,1977,47.4417
Samoa,WSM,1977,63.7422
Wallis and Futuna,WLF,1977,56.9332
Vanuatu,VUT,1977,59.2467
Vietnam,VNM,1977,64.0697
United States Virgin Islands,VIR,1977,68.0744
British Virgin Islands,VGB,1977,68.6799
Venezuela,VEN,1977,67.7263
Saint Vincent and the Grenadines,VCT,1977,66.883
Vatican,VAT,1977,73.2952
Uzbekistan,UZB,1977,62.1733
United States,USA,1977,73.2267
Uruguay,URY,1977,70.0807
Ukraine,UKR,1977,70.007
Uganda,UGA,1977,45.8399
Tanzania,TZA,1977,49.9687
Taiwan,TWN,1977,71.2592
Tuvalu,TUV,1977,59.2008
Turkey,TUR,1977,60.8459
Tunisia,TUN,1977,61.2556
Trinidad and Tobago,TTO,1977,66.1698
Tonga,TON,1977,65.6249
East Timor,TLS,1977,24.875
Turkmenistan,TKM,1977,57.689
Tokelau,TKL,1977,64.01
Tajikistan,TJK,1977,58.2441
Thailand,THA,1977,60.9061
Togo,TGO,1977,50.1632
Chad,TCD,1977,42.8839
Turks and Caicos Islands,TCA,1977,66.0254
Syria,SYR,1977,65.3981
Seychelles,SYC,1977,67.588
Sint Maarten (Dutch part),SXM,1977,72.1327
Eswatini,SWZ,1977,55.9733
Sweden,SWE,1977,75.3933
Slovenia,SVN,1977,71.2652
Slovakia,SVK,1977,70.4074
Suriname,SUR,1977,60.2769
Sao Tome and Principe,STP,1977,58.9786
South Sudan,SSD,1977,37.3971
Serbia,SRB,1977,71.7708
Saint Pierre and Miquelon,SPM,1977,69.834
Somalia,SOM,1977,47.0042
San Marino,SMR,1977,75.6426
El Salvador,SLV,1977,54.0472
Sierra Leone,SLE,1977,41.8258
Solomon Islands,SLB,1977,61.5277
Saint Helena,SHN,1977,69.3982
Singapore,SGP,1977,70.8837
Senegal,SEN,1977,45.7144
Sudan,SDN,1977,53.522
Saudi Arabia,SAU,1977,59.7489
Rwanda,RWA,1977,45.5794
Russia,RUS,1977,67.8728
Romania,ROU,1977,69.4673
Reunion,REU,1977,67.4099
Qatar,QAT,1977,68.6395
French Polynesia,PYF,1977,65.3099
Palestine,PSE,1977,60.0846
Paraguay,PRY,1977,63.86
Portugal,PRT,1977,70.3425
North Korea,PRK,1977,65.8106
Puerto Rico,PRI,1977,72.4013
Poland,POL,1977,70.3284
Papua New Guinea,PNG,1977,56.0497
Palau,PLW,1977,60.899
Philippines,PHL,1977,61.4308
Peru,PER,1977,58.895
Panama,PAN,1977,68.2516
Pakistan,PAK,1977,55.4821
World,OWID_WRL,1977,59.1539
Kosovo,OWID_KOS,1977,58.4034
Oman,OMN,1977,55.5244
New Zealand,NZL,1977,72.1345
Nauru,NRU,1977,58.1443
Nepal,NPL,1977,46.6281
Norway,NOR,1977,75.3976
Netherlands,NLD,1977,75.2652
Niue,NIU,1977,66.8538
Nicaragua,NIC,1977,56.1255
Nigeria,NGA,1977,44.8467
Niger,NER,1977,37.6893
New Caledonia,NCL,1977,64.2362
Namibia,NAM,1977,58.586
Mayotte,MYT,1977,68.1565
Malaysia,MYS,1977,66.7201
Malawi,MWI,1977,41.9789
Mauritius,MUS,1977,64.8275
Martinique,MTQ,1977,70.2607
Montserrat,MSR,1977,68.5559
Mauritania,MRT,1977,51.9976
Mozambique,MOZ,1977,43.9237
Northern Mariana Islands,MNP,1977,67.6526
Mongolia,MNG,1977,54.771
Montenegro,MNE,1977,71.829
Myanmar,MMR,1977,53.2664
Malta,MLT,1977,72.3291
Mali,MLI,1977,37.9856
North Macedonia,MKD,1977,68.2355
Marshall Islands,MHL,1977,60.5718
Mexico,MEX,1977,62.9879
Maldives,MDV,1977,51.8352
Madagascar,MDG,1977,49.9447
Moldova,MDA,1977,64.2305
Monaco,MCO,1977,74.1934
Morocco,MAR,1977,52.7912
Saint Martin (French part),MAF,1977,72.1739
Macao,MAC,1977,71.8007
Latvia,LVA,1977,69.4496
Luxembourg,LUX,1977,71.4585
Lithuania,LTU,1977,71.0587
Lesotho,LSO,1977,54.5258
Sri Lanka,LKA,1977,66.3913
Liechtenstein,LIE,1977,74.7716
Saint Lucia,LCA,1977,66.9572
Libya,LBY,1977,63.1294
Liberia,LBR,1977,43.2204
Lebanon,LBN,1977,60.3312
Laos,LAO,1977,46.4083
Kuwait,KWT,1977,70.172
South Korea,KOR,1977,64.6207
Saint Kitts and Nevis,KNA,1977,63.7301
Kiribati,KIR,1977,56.0566
Cambodia,KHM,1977,11.2952
Kyrgyzstan,KGZ,1977,60.3691
Kenya,KEN,1977,57.6843
Kazakhstan,KAZ,1977,61.5173
Japan,JPN,1977,75.3257
Jordan,JOR,1977,65.1268
Jersey,JEY,1977,72.028
Jamaica,JAM,1977,68.5864
Italy,ITA,1977,73.4398
Israel,ISR,1977,72.6925
Iceland,ISL,1977,76.0791
Iraq,IRQ,1977,63.8958
Iran,IRN,1977,56.6598
Ireland,IRL,1977,71.9398
India,IND,1977,51.8221
Isle of Man,IMN,1977,67.3571
Indonesia,IDN,1977,57.0899
Hungary,HUN,1977,69.9352
Haiti,HTI,1977,49.2258
Croatia,HRV,1977,71.3716
Honduras,HND,1977,58.7044
Hong Kong,HKG,1977,73.3089
Guyana,GUY,1977,60.5582
Guam,GUM,1977,69.024
French Guiana,GUF,1977,65.5495
Guatemala,GTM,1977,55.1845
Greenland,GRL,1977,61.6505
Grenada,GRD,1977,67.8688
Greece,GRC,1977,73.7515
Equatorial Guinea,GNQ,1977,42.0075
Guinea-Bissau,GNB,1977,42.5783
Gambia,GMB,1977,43.3658
Guadeloupe,GLP,1977,68.4501
Guinea,GIN,1977,41.4091
Gibraltar,GIB,1977,73.479
Ghana,GHA,1977,50.079
Guernsey,GGY,1977,74.1207
Georgia,GEO,1977,67.2462
United Kingdom,GBR,1977,73.1111
Gabon,GAB,1977,56.4674
Micronesia (country),FSM,1977,62.1179
Faroe Islands,FRO,1977,75.5215
France,FRA,1977,73.7282
Falkland Islands,FLK,1977,55.8384
Fiji,FJI,1977,62.6912
Finland,FIN,1977,72.5135
Ethiopia,ETH,1977,41.3966
Estonia,EST,1977,69.8263
Spain,ESP,1977,74.3066
Western Sahara,ESH,1977,38.2649
Eritrea,ERI,1977,42.9839
Egypt,EGY,1977,53.2719
Ecuador,ECU,1977,61.9347
Algeria,DZA,1977,49.2492
Dominican Republic,DOM,1977,62.1995
Denmark,DNK,1977,74.6592
Dominica,DMA,1977,69.7153
Djibouti,DJI,1977,50.7555
Germany,DEU,1977,72.5901
Czechia,CZE,1977,70.6413
Cyprus,CYP,1977,71.2577
Cayman Islands,CYM,1977,68.0803
Curacao,CUW,1977,70.2023
Cuba,CUB,1977,71.4113
Costa Rica,CRI,1977,71.5194
Cape Verde,CPV,1977,59.9856
Comoros,COM,1977,49.1703
Colombia,COL,1977,65.2366
Cook Islands,COK,1977,65.3488
Congo,COG,1977,56.0269
Democratic Republic of Congo,COD,1977,44.8656
Cameroon,CMR,1977,50.1302
Cote d'Ivoire,CIV,1977,49.6241
China,CHN,1977,62.458
Chile,CHL,1977,67.5294
Switzerland,CHE,1977,75.3673
Canada,CAN,1977,74.1536
Central African Republic,CAF,1977,48.7784
Botswana,BWA,1977,60.8665
Bhutan,BTN,1977,45.9504
Brunei,BRN,1977,67.8328
Barbados,BRB,1977,70.6397
Brazil,BRA,1977,60.4612
Bolivia,BOL,1977,50.387
Bermuda,BMU,1977,71.6156
Belize,BLZ,1977,66.1347
Belarus,BLR,1977,71.0784
Saint Barthelemy,BLM,1977,70.4242
Bosnia and Herzegovina,BIH,1977,68.7792
Bahamas,BHS,1977,68.762
Bahrain,BHR,1977,69.3834
Bulgaria,BGR,1977,70.7678
Bangladesh,BGD,1977,51.2652
Burkina Faso,BFA,1977,44.1672
Bonaire Sint Eustatius and Saba,BES,1977,74.6934
Benin,BEN,1977,46.504
Belgium,BEL,1977,72.7584
Burundi,BDI,1977,43.9703
Azerbaijan,AZE,1977,59.9719
Austria,AUT,1977,72.135
Australia,AUS,1977,73.4719
Antigua and Barbuda,ATG,1977,72.1487
American Samoa,ASM,1977,68.7007
Armenia,ARM,1977,64.4226
Argentina,ARG,1977,67.5946
United Arab Emirates,ARE,1977,66.4714
Andorra,AND,1977,76.1538
Albania,ALB,1977,68.9918
Anguilla,AIA,1977,67.8226
Angola,AGO,1977,41.2146
Afghanistan,AFG,1977,41.0821
Aruba,ABW,1977,70.0538
Zimbabwe,ZWE,1978,54.7297
Zambia,ZMB,1978,56.3349
South Africa,ZAF,1978,58.9911
Yemen,YEM,1978,48.4837
Samoa,WSM,1978,64.1324
Wallis and Futuna,WLF,1978,57.7031
Vanuatu,VUT,1978,59.8813
Vietnam,VNM,1978,64.5289
United States Virgin Islands,VIR,1978,68.2854
British Virgin Islands,VGB,1978,69.0285
Venezuela,VEN,1978,68.1082
Saint Vincent and the Grenadines,VCT,1978,67.2729
Vatican,VAT,1978,73.7387
Uzbekistan,UZB,1978,62.44
United States,USA,1978,73.4091
Uruguay,URY,1978,70.2646
Ukraine,UKR,1978,69.839
Uganda,UGA,1978,45.5963
Tanzania,TZA,1978,50.351
Taiwan,TWN,1978,71.7285
Tuvalu,TUV,1978,59.5707
Turkey,TUR,1978,61.614
Tunisia,TUN,1978,62.1472
Trinidad and Tobago,TTO,1978,66.1976
Tonga,TON,1978,65.8538
East Timor,TLS,1978,22.9333
Turkmenistan,TKM,1978,58.2787
Tokelau,TKL,1978,64.3617
Tajikistan,TJK,1978,58.396
Thailand,THA,1978,61.2657
Togo,TGO,1978,50.9024
Chad,TCD,1978,43.0167
Turks and Caicos Islands,TCA,1978,66.4321
Syria,SYR,1978,65.9321
Seychelles,SYC,1978,67.9349
Sint Maarten (Dutch part),SXM,1978,71.9709
Eswatini,SWZ,1978,56.785
Sweden,SWE,1978,75.4837
Slovenia,SVN,1978,71.5871
Slovakia,SVK,1978,70.4218
Suriname,SUR,1978,60.4011
Sao Tome and Principe,STP,1978,59.1406
South Sudan,SSD,1978,37.5918
Serbia,SRB,1978,71.442
Saint Pierre and Miquelon,SPM,1978,69.9207
Somalia,SOM,1978,47.0131
San Marino,SMR,1978,75.8893
El Salvador,SLV,1978,54.7087
Sierra Leone,SLE,1978,42.1916
Solomon Islands,SLB,1978,62.5363
Saint Helena,SHN,1978,69.5328
Singapore,SGP,1978,71.1631
Senegal,SEN,1978,46.5962
Sudan,SDN,1978,53.2901
Saudi Arabia,SAU,1978,60.6851
Rwanda,RWA,1978,46.1654
Russia,RUS,1978,67.8128
Romania,ROU,1978,69.78
Reunion,REU,1978,68.1077
Qatar,QAT,1978,69.0833
French Polynesia,PYF,1978,65.8907
Palestine,PSE,1978,60.772
Paraguay,PRY,1978,64.078
Portugal,PRT,1978,70.7953
North Korea,PRK,1978,66.2923
Puerto Rico,PRI,1978,72.5279
Poland,POL,1978,70.3784
Papua New Guinea,PNG,1978,56.5232
Palau,PLW,1978,61.2941
Philippines,PHL,1978,61.5312
Peru,PER,1978,59.2606
Panama,PAN,1978,68.6867
Pakistan,PAK,1978,56.072
World,OWID_WRL,1978,59.5129
Kosovo,OWID_KOS,1978,58.828
Oman,OMN,1978,57.0372
New Zealand,NZL,1978,73.0094
Nauru,NRU,1978,58.2884
Nepal,NPL,1978,47.2023
Norway,NOR,1978,75.4258
Netherlands,NLD,1978,75.174
Niue,NIU,1978,67.1406
Nicaragua,NIC,1978,53.5335
Nigeria,NGA,1978,45.348
Niger,NER,1978,38.2675
New Caledonia,NCL,1978,64.7019
Namibia,NAM,1978,59.1107
Mayotte,MYT,1978,68.6855
Malaysia,MYS,1978,67.1704
Malawi,MWI,1978,43.0025
Mauritius,MUS,1978,65.2607
Martinique,MTQ,1978,70.8249
Montserrat,MSR,1978,68.8583
Mauritania,MRT,1978,52.3491
Mozambique,MOZ,1978,43.9627
Northern Mariana Islands,MNP,1978,67.9027
Mongolia,MNG,1978,54.9233
Montenegro,MNE,1978,71.9191
Myanmar,MMR,1978,53.5216
Malta,MLT,1978,72.3377
Mali,MLI,1978,38.761
North Macedonia,MKD,1978,69.051
Marshall Islands,MHL,1978,60.7007
Mexico,MEX,1978,63.4347
Maldives,MDV,1978,50.4478
Madagascar,MDG,1978,50.017
Moldova,MDA,1978,64.4889
Monaco,MCO,1978,74.6563
Morocco,MAR,1978,53.5536
Saint Martin (French part),MAF,1978,72.2378
Macao,MAC,1978,72.2421
Latvia,LVA,1978,69.3299
Luxembourg,LUX,1978,71.4712
Lithuania,LTU,1978,70.854
Lesotho,LSO,1978,55.1663
Sri Lanka,LKA,1978,66.8436
Liechtenstein,LIE,1978,74.7133
Saint Lucia,LCA,1978,67.3799
Libya,LBY,1978,63.796
Liberia,LBR,1978,43.5666
Lebanon,LBN,1978,59.9963
Laos,LAO,1978,46.8318
Kuwait,KWT,1978,70.4552
South Korea,KOR,1978,64.9607
Saint Kitts and Nevis,KNA,1978,63.9952
Kiribati,KIR,1978,56.9236
Cambodia,KHM,1978,11.5726
Kyrgyzstan,KGZ,1978,60.7068
Kenya,KEN,1978,58.2343
Kazakhstan,KAZ,1978,61.7651
Japan,JPN,1978,75.6571
Jordan,JOR,1978,65.6021
Jersey,JEY,1978,72.1254
Jamaica,JAM,1978,68.7387
Italy,ITA,1978,73.7759
Israel,ISR,1978,73.0585
Iceland,ISL,1978,76.3776
Iraq,IRQ,1978,64.1747
Iran,IRN,1978,56.0416
Ireland,IRL,1978,71.9299
India,IND,1978,52.4204
Isle of Man,IMN,1978,67.6886
Indonesia,IDN,1978,57.6068
Hungary,HUN,1978,69.4699
Haiti,HTI,1978,49.4839
Croatia,HRV,1978,71.265
Honduras,HND,1978,59.2481
Hong Kong,HKG,1978,73.5765
Guyana,GUY,1978,60.6458
Guam,GUM,1978,69.5705
French Guiana,GUF,1978,66.0062
Guatemala,GTM,1978,56.4117
Greenland,GRL,1978,61.7667
Grenada,GRD,1978,67.8563
Greece,GRC,1978,74.4411
Equatorial Guinea,GNQ,1978,42.331
Guinea-Bissau,GNB,1978,42.9084
Gambia,GMB,1978,43.5733
Guadeloupe,GLP,1978,68.9237
Guinea,GIN,1978,41.8824
Gibraltar,GIB,1978,73.5124
Ghana,GHA,1978,50.4607
Guernsey,GGY,1978,74.4415
Georgia,GEO,1978,67.5969
United Kingdom,GBR,1978,73.0429
Gabon,GAB,1978,56.9542
Micronesia (country),FSM,1978,62.3063
Faroe Islands,FRO,1978,75.6152
France,FRA,1978,73.8445
Falkland Islands,FLK,1978,55.3613
Fiji,FJI,1978,63.0652
Finland,FIN,1978,73.0803
Ethiopia,ETH,1978,41.506
Estonia,EST,1978,69.6581
Spain,ESP,1978,74.496
Western Sahara,ESH,1978,40.3983
Eritrea,ERI,1978,43.3804
Egypt,EGY,1978,54.0748
Ecuador,ECU,1978,62.3972
Algeria,DZA,1978,50.6152
Dominican Republic,DOM,1978,62.6236
Denmark,DNK,1978,74.4263
Dominica,DMA,1978,70.1146
Djibouti,DJI,1978,51.1715
Germany,DEU,1978,72.5703
Czechia,CZE,1978,70.7115
Cyprus,CYP,1978,71.741
Cayman Islands,CYM,1978,68.5334
Curacao,CUW,1978,70.4453
Cuba,CUB,1978,71.8899
Costa Rica,CRI,1978,72.0286
Cape Verde,CPV,1978,60.3813
Comoros,COM,1978,49.7019
Colombia,COL,1978,65.8268
Cook Islands,COK,1978,65.4439
Congo,COG,1978,56.2475
Democratic Republic of Congo,COD,1978,44.6277
Cameroon,CMR,1978,50.3191
Cote d'Ivoire,CIV,1978,50.3607
China,CHN,1978,63.1016
Chile,CHL,1978,68.0421
Switzerland,CHE,1978,75.3079
Canada,CAN,1978,74.4822
Central African Republic,CAF,1978,49.1615
Botswana,BWA,1978,61.4854
Bhutan,BTN,1978,46.6912
Brunei,BRN,1978,68.2578
Barbados,BRB,1978,71.1428
Brazil,BRA,1978,60.9215
Bolivia,BOL,1978,50.8379
Bermuda,BMU,1978,71.9675
Belize,BLZ,1978,66.3384
Belarus,BLR,1978,70.9476
Saint Barthelemy,BLM,1978,71.1197
Bosnia and Herzegovina,BIH,1978,68.8438
Bahamas,BHS,1978,68.873
Bahrain,BHR,1978,69.8504
Bulgaria,BGR,1978,71.1261
Bangladesh,BGD,1978,51.5964
Burkina Faso,BFA,1978,44.9947
Bonaire Sint Eustatius and Saba,BES,1978,74.1763
Benin,BEN,1978,46.941
Belgium,BEL,1978,72.7057
Burundi,BDI,1978,44.4044
Azerbaijan,AZE,1978,60.494
Austria,AUT,1978,72.2031
Australia,AUS,1978,73.7403
Antigua and Barbuda,ATG,1978,72.4997
American Samoa,ASM,1978,68.8807
Armenia,ARM,1978,64.7228
Argentina,ARG,1978,67.9989
United Arab Emirates,ARE,1978,67.0832
Andorra,AND,1978,76.4879
Albania,ALB,1978,69.3665
Anguilla,AIA,1978,68.2252
Angola,AGO,1978,41.5731
Afghanistan,AFG,1978,40.0859
Aruba,ABW,1978,70.2709
Zimbabwe,ZWE,1979,54.9184
Zambia,ZMB,1979,56.0499
South Africa,ZAF,1979,59.4725
Yemen,YEM,1979,49.5308
Samoa,WSM,1979,64.5429
Wallis and Futuna,WLF,1979,58.4732
Vanuatu,VUT,1979,60.8931
Vietnam,VNM,1979,64.9864
United States Virgin Islands,VIR,1979,68.5062
British Virgin Islands,VGB,1979,69.315
Venezuela,VEN,1979,68.2261
Saint Vincent and the Grenadines,VCT,1979,69.3447
Vatican,VAT,1979,73.9911
Uzbekistan,UZB,1979,62.707
United States,USA,1979,73.8331
Uruguay,URY,1979,70.2554
Ukraine,UKR,1979,69.775
Uganda,UGA,1979,45.3846
Tanzania,TZA,1979,50.791
Taiwan,TWN,1979,71.7086
Tuvalu,TUV,1979,59.8794
Turkey,TUR,1979,62.1609
Tunisia,TUN,1979,62.9291
Trinidad and Tobago,TTO,1979,66.4224
Tonga,TON,1979,66.0391
East Timor,TLS,1979,24.1718
Turkmenistan,TKM,1979,59.1199
Tokelau,TKL,1979,64.7353
Tajikistan,TJK,1979,58.523
Thailand,THA,1979,61.696
Togo,TGO,1979,51.5153
Chad,TCD,1979,43.2392
Turks and Caicos Islands,TCA,1979,66.7721
Syria,SYR,1979,66.2441
Seychelles,SYC,1979,68.2368
Sint Maarten (Dutch part),SXM,1979,71.839
Eswatini,SWZ,1979,57.536
Sweden,SWE,1979,75.523
Slovenia,SVN,1979,71.6255
Slovakia,SVK,1979,70.7419
Suriname,SUR,1979,60.5267
Sao Tome and Principe,STP,1979,59.2735
South Sudan,SSD,1979,37.8051
Serbia,SRB,1979,71.173
Saint Pierre and Miquelon,SPM,1979,70.0409
Somalia,SOM,1979,47.4051
San Marino,SMR,1979,76.1223
El Salvador,SLV,1979,53.8047
Sierra Leone,SLE,1979,42.53
Solomon Islands,SLB,1979,63.1341
Saint Helena,SHN,1979,69.7159
Singapore,SGP,1979,71.3566
Senegal,SEN,1979,47.478
Sudan,SDN,1979,53.3738
Saudi Arabia,SAU,1979,61.5183
Rwanda,RWA,1979,47.0868
Russia,RUS,1979,67.5675
Romania,ROU,1979,69.4605
Reunion,REU,1979,68.8194
Qatar,QAT,1979,69.5073
French Polynesia,PYF,1979,66.6119
Palestine,PSE,1979,61.4988
Paraguay,PRY,1979,64.2977
Portugal,PRT,1979,71.6056
North Korea,PRK,1979,66.7482
Puerto Rico,PRI,1979,72.7183
Poland,POL,1979,70.249
Papua New Guinea,PNG,1979,56.9674
Palau,PLW,1979,61.6156
Philippines,PHL,1979,61.7273
Peru,PER,1979,59.6245
Panama,PAN,1979,69.0902
Pakistan,PAK,1979,56.6142
World,OWID_WRL,1979,60.1571
Kosovo,OWID_KOS,1979,59.0949
Oman,OMN,1979,58.3275
New Zealand,NZL,1979,73.0509
Nauru,NRU,1979,58.3742
Nepal,NPL,1979,47.7664
Norway,NOR,1979,75.4155
Netherlands,NLD,1979,75.6466
Niue,NIU,1979,67.3796
Nicaragua,NIC,1979,50.8285
Nigeria,NGA,1979,45.7379
Niger,NER,1979,38.8893
New Caledonia,NCL,1979,65.1539
Namibia,NAM,1979,59.5191
Mayotte,MYT,1979,69.207
Malaysia,MYS,1979,67.607
Malawi,MWI,1979,43.7031
Mauritius,MUS,1979,66.0173
Martinique,MTQ,1979,71.3756
Montserrat,MSR,1979,69.1149
Mauritania,MRT,1979,52.7629
Mozambique,MOZ,1979,43.914
Northern Mariana Islands,MNP,1979,68.1226
Mongolia,MNG,1979,55.0687
Montenegro,MNE,1979,71.4901
Myanmar,MMR,1979,54.0256
Malta,MLT,1979,72.4952
Mali,MLI,1979,39.5061
North Macedonia,MKD,1979,69.1596
Marshall Islands,MHL,1979,60.8447
Mexico,MEX,1979,63.8618
Maldives,MDV,1979,53.8706
Madagascar,MDG,1979,50.0591
Moldova,MDA,1979,64.8234
Monaco,MCO,1979,74.87
Morocco,MAR,1979,54.3758
Saint Martin (French part),MAF,1979,72.2958
Macao,MAC,1979,72.6253
Latvia,LVA,1979,68.824
Luxembourg,LUX,1979,72.2532
Lithuania,LTU,1979,70.7146
Lesotho,LSO,1979,55.8426
Sri Lanka,LKA,1979,67.5141
Liechtenstein,LIE,1979,74.7396
Saint Lucia,LCA,1979,67.3641
Libya,LBY,1979,64.3275
Liberia,LBR,1979,43.8898
Lebanon,LBN,1979,59.5573
Laos,LAO,1979,47.4598
Kuwait,KWT,1979,70.7754
South Korea,KOR,1979,66.1067
Saint Kitts and Nevis,KNA,1979,64.1978
Kiribati,KIR,1979,57.1065
Cambodia,KHM,1979,41.0717
Kyrgyzstan,KGZ,1979,61.0889
Kenya,KEN,1979,58.6905
Kazakhstan,KAZ,1979,62.0721
Japan,JPN,1979,76.1671
Jordan,JOR,1979,66.049
Jersey,JEY,1979,72.3394
Jamaica,JAM,1979,68.8126
Italy,ITA,1979,74.106
Israel,ISR,1979,73.3862
Iceland,ISL,1979,76.5347
Iraq,IRQ,1979,64.4166
Iran,IRN,1979,58.4528
Ireland,IRL,1979,72.1786
India,IND,1979,53.0143
Isle of Man,IMN,1979,68.0709
Indonesia,IDN,1979,58.1798
Hungary,HUN,1979,69.6697
Haiti,HTI,1979,49.7492
Croatia,HRV,1979,71.0947
Honduras,HND,1979,59.8287
Hong Kong,HKG,1979,73.9009
Guyana,GUY,1979,60.7349
Guam,GUM,1979,70.116
French Guiana,GUF,1979,66.5633
Guatemala,GTM,1979,56.5996
Greenland,GRL,1979,61.9804
Grenada,GRD,1979,67.9413
Greece,GRC,1979,74.6714
Equatorial Guinea,GNQ,1979,43.0332
Guinea-Bissau,GNB,1979,43.2385
Gambia,GMB,1979,44.5174
Guadeloupe,GLP,1979,69.4315
Guinea,GIN,1979,42.3433
Gibraltar,GIB,1979,73.5853
Ghana,GHA,1979,50.7869
Guernsey,GGY,1979,74.3146
Georgia,GEO,1979,67.9425
United Kingdom,GBR,1979,73.1607
Gabon,GAB,1979,57.438
Micronesia (country),FSM,1979,62.4598
Faroe Islands,FRO,1979,75.6673
France,FRA,1979,74.125
Falkland Islands,FLK,1979,54.7322
Fiji,FJI,1979,62.3053
Finland,FIN,1979,73.36
Ethiopia,ETH,1979,42.3762
Estonia,EST,1979,69.4052
Spain,ESP,1979,74.9895
Western Sahara,ESH,1979,37.5455
Eritrea,ERI,1979,43.7802
Egypt,EGY,1979,54.8755
Ecuador,ECU,1979,62.8541
Algeria,DZA,1979,52.409
Dominican Republic,DOM,1979,62.4251
Denmark,DNK,1979,74.2409
Dominica,DMA,1979,69.1948
Djibouti,DJI,1979,51.5968
Germany,DEU,1979,72.9181
Czechia,CZE,1979,70.8228
Cyprus,CYP,1979,72.1792
Cayman Islands,CYM,1979,69.02
Curacao,CUW,1979,70.716
Cuba,CUB,1979,72.272
Costa Rica,CRI,1979,72.5373
Cape Verde,CPV,1979,60.7259
Comoros,COM,1979,50.126
Colombia,COL,1979,66.1616
Cook Islands,COK,1979,65.6843
Congo,COG,1979,56.5242
Democratic Republic of Congo,COD,1979,45.2779
Cameroon,CMR,1979,50.5352
Cote d'Ivoire,CIV,1979,50.9835
China,CHN,1979,63.7043
Chile,CHL,1979,68.8581
Switzerland,CHE,1979,75.6078
Canada,CAN,1979,74.8362
Central African Republic,CAF,1979,49.4997
Botswana,BWA,1979,62.0346
Bhutan,BTN,1979,47.4455
Brunei,BRN,1979,68.6417
Barbados,BRB,1979,71.5491
Brazil,BRA,1979,61.3654
Bolivia,BOL,1979,51.3527
Bermuda,BMU,1979,72.4018
Belize,BLZ,1979,66.6769
Belarus,BLR,1979,70.8118
Saint Barthelemy,BLM,1979,71.6961
Bosnia and Herzegovina,BIH,1979,69.0833
Bahamas,BHS,1979,68.9596
Bahrain,BHR,1979,70.2955
Bulgaria,BGR,1979,71.2172
Bangladesh,BGD,1979,51.9585
Burkina Faso,BFA,1979,45.7017
Bonaire Sint Eustatius and Saba,BES,1979,74.329
Benin,BEN,1979,47.3624
Belgium,BEL,1979,73.1993
Burundi,BDI,1979,45.0381
Azerbaijan,AZE,1979,60.9307
Austria,AUT,1979,72.5428
Australia,AUS,1979,74.327
Antigua and Barbuda,ATG,1979,72.8235
American Samoa,ASM,1979,69.1135
Armenia,ARM,1979,65.043
Argentina,ARG,1979,68.4341
United Arab Emirates,ARE,1979,67.6446
Andorra,AND,1979,76.8187
Albania,ALB,1979,69.6169
Anguilla,AIA,1979,68.6017
Angola,AGO,1979,41.9129
Afghanistan,AFG,1979,38.8441
Aruba,ABW,1979,70.5072
Zimbabwe,ZWE,1980,59.0621
Zambia,ZMB,1980,55.4961
South Africa,ZAF,1980,59.9605
Yemen,YEM,1980,50.6081
Samoa,WSM,1980,64.961
Wallis and Futuna,WLF,1980,59.2992
Vanuatu,VUT,1980,61.3222
Vietnam,VNM,1980,65.3381
United States Virgin Islands,VIR,1980,68.7439
British Virgin Islands,VGB,1980,69.6448
Venezuela,VEN,1980,68.179
Saint Vincent and the Grenadines,VCT,1980,67.9766
Vatican,VAT,1980,74.1287
Uzbekistan,UZB,1980,62.9813
United States,USA,1980,73.73
Uruguay,URY,1980,70.5054
Ukraine,UKR,1980,69.7589
Uganda,UGA,1980,43.4526
Tanzania,TZA,1980,51.2719
Taiwan,TWN,1980,71.9591
Tuvalu,TUV,1980,60.2173
Turkey,TUR,1980,62.7391
Tunisia,TUN,1980,63.6688
Trinidad and Tobago,TTO,1980,66.5066
Tonga,TON,1980,66.186
East Timor,TLS,1980,30.1957
Turkmenistan,TKM,1980,60.1815
Tokelau,TKL,1980,65.1598
Tajikistan,TJK,1980,58.6321
Thailand,THA,1980,62.186
Togo,TGO,1980,52.1458
Chad,TCD,1980,43.4522
Turks and Caicos Islands,TCA,1980,67.1083
Syria,SYR,1980,66.5449
Seychelles,SYC,1980,68.4872
Sint Maarten (Dutch part),SXM,1980,71.7905
Eswatini,SWZ,1980,58.2275
Sweden,SWE,1980,75.7431
Slovenia,SVN,1980,71.8172
Slovakia,SVK,1980,70.3802
Suriname,SUR,1980,60.6539
Sao Tome and Principe,STP,1980,59.3613
South Sudan,SSD,1980,38.0343
Serbia,SRB,1980,71.0805
Saint Pierre and Miquelon,SPM,1980,70.1837
Somalia,SOM,1980,47.6108
San Marino,SMR,1980,76.3709
El Salvador,SLV,1980,48.5892
Sierra Leone,SLE,1980,42.8389
Solomon Islands,SLB,1980,63.669
Saint Helena,SHN,1980,69.8601
Singapore,SGP,1980,71.5285
Senegal,SEN,1980,48.2935
Sudan,SDN,1980,54.072
Saudi Arabia,SAU,1980,62.4445
Rwanda,RWA,1980,48.1223
Russia,RUS,1980,67.477
Romania,ROU,1980,69.2489
Reunion,REU,1980,69.3718
Qatar,QAT,1980,69.9151
French Polynesia,PYF,1980,67.4054
Palestine,PSE,1980,62.1929
Paraguay,PRY,1980,64.5531
Portugal,PRT,1980,71.6633
North Korea,PRK,1980,67.2083
Puerto Rico,PRI,1980,73.1014
Poland,POL,1980,70.4785
Papua New Guinea,PNG,1980,57.3905
Palau,PLW,1980,61.9088
Philippines,PHL,1980,61.8844
Peru,PER,1980,59.9817
Panama,PAN,1980,69.4506
Pakistan,PAK,1980,57.1985
World,OWID_WRL,1980,60.502
Kosovo,OWID_KOS,1980,60.2971
Oman,OMN,1980,59.6008
New Zealand,NZL,1980,72.8619
Nauru,NRU,1980,58.4713
Nepal,NPL,1980,48.3326
Norway,NOR,1980,75.6726
Netherlands,NLD,1980,75.7719
Niue,NIU,1980,67.6058
Nicaragua,NIC,1980,57.9528
Nigeria,NGA,1980,45.959
Niger,NER,1980,39.344
New Caledonia,NCL,1980,65.6008
Namibia,NAM,1980,56.5725
Mayotte,MYT,1980,69.7597
Malaysia,MYS,1980,68.0609
Malawi,MWI,1980,44.3308
Mauritius,MUS,1980,66.5085
Martinique,MTQ,1980,71.9047
Montserrat,MSR,1980,69.3273
Mauritania,MRT,1980,53.2042
Mozambique,MOZ,1980,43.9873
Northern Mariana Islands,MNP,1980,68.3019
Mongolia,MNG,1980,55.2202
Montenegro,MNE,1980,72.2447
Myanmar,MMR,1980,54.3744
Malta,MLT,1980,72.3212
Mali,MLI,1980,40.2659
North Macedonia,MKD,1980,69.0545
Marshall Islands,MHL,1980,60.9888
Mexico,MEX,1980,64.2819
Maldives,MDV,1980,54.8186
Madagascar,MDG,1980,49.9844
Moldova,MDA,1980,65.1892
Monaco,MCO,1980,74.9484
Morocco,MAR,1980,55.2189
Saint Martin (French part),MAF,1980,72.3472
Macao,MAC,1980,72.9973
Latvia,LVA,1980,69.1171
Luxembourg,LUX,1980,72.3869
Lithuania,LTU,1980,70.7006
Lesotho,LSO,1980,56.5342
Sri Lanka,LKA,1980,68.0059
Liechtenstein,LIE,1980,74.7834
Saint Lucia,LCA,1980,67.8006
Libya,LBY,1980,64.7975
Liberia,LBR,1980,44.0877
Lebanon,LBN,1980,59.9089
Laos,LAO,1980,48.5601
Kuwait,KWT,1980,71.1321
South Korea,KOR,1980,64.8484
Saint Kitts and Nevis,KNA,1980,64.3848
Kiribati,KIR,1980,57.3034
Cambodia,KHM,1980,47.4978
Kyrgyzstan,KGZ,1980,61.5349
Kenya,KEN,1980,59.1748
Kazakhstan,KAZ,1980,62.5155
Japan,JPN,1980,76.1408
Jordan,JOR,1980,66.4926
Jersey,JEY,1980,72.7315
Jamaica,JAM,1980,68.9916
Italy,ITA,1980,74.0518
Israel,ISR,1980,73.6825
Iceland,ISL,1980,76.5969
Iraq,IRQ,1980,60.9159
Iran,IRN,1980,58.3689
Ireland,IRL,1980,72.5362
India,IND,1980,53.5928
Isle of Man,IMN,1980,68.4463
Indonesia,IDN,1980,58.7009
Hungary,HUN,1980,69.0886
Haiti,HTI,1980,49.9714
Croatia,HRV,1980,70.969
Honduras,HND,1980,60.3876
Hong Kong,HKG,1980,74.2474
Guyana,GUY,1980,60.8079
Guam,GUM,1980,70.6742
French Guiana,GUF,1980,67.1353
Guatemala,GTM,1980,55.2968
Greenland,GRL,1980,62.16
Grenada,GRD,1980,68.1169
Greece,GRC,1980,74.4811
Equatorial Guinea,GNQ,1980,48.7799
Guinea-Bissau,GNB,1980,43.5703
Gambia,GMB,1980,44.9773
Guadeloupe,GLP,1980,69.9245
Guinea,GIN,1980,42.8415
Gibraltar,GIB,1980,73.7548
Ghana,GHA,1980,51.0594
Guernsey,GGY,1980,75.4874
Georgia,GEO,1980,68.2726
United Kingdom,GBR,1980,73.5906
Gabon,GAB,1980,57.8926
Micronesia (country),FSM,1980,62.5564
Faroe Islands,FRO,1980,75.7515
France,FRA,1980,74.2335
Falkland Islands,FLK,1980,53.9358
Fiji,FJI,1980,62.4058
Finland,FIN,1980,73.6489
Ethiopia,ETH,1980,42.8154
Estonia,EST,1980,69.4667
Spain,ESP,1980,75.5259
Western Sahara,ESH,1980,39.3989
Eritrea,ERI,1980,44.6253
Egypt,EGY,1980,55.6726
Ecuador,ECU,1980,63.3261
Algeria,DZA,1980,54.5124
Dominican Republic,DOM,1980,63.3913
Denmark,DNK,1980,74.1295
Dominica,DMA,1980,71.0125
Djibouti,DJI,1980,52.0462
Germany,DEU,1980,73.0883
Czechia,CZE,1980,70.3404
Cyprus,CYP,1980,72.8436
Cayman Islands,CYM,1980,69.4873
Curacao,CUW,1980,70.9511
Cuba,CUB,1980,72.6027
Costa Rica,CRI,1980,73.0337
Cape Verde,CPV,1980,61.0307
Comoros,COM,1980,50.6809
Colombia,COL,1980,66.6932
Cook Islands,COK,1980,65.8828
Congo,COG,1980,56.8031
Democratic Republic of Congo,COD,1980,45.5429
Cameroon,CMR,1980,50.8516
Cote d'Ivoire,CIV,1980,51.4373
China,CHN,1980,64.2433
Chile,CHL,1980,69.4748
Switzerland,CHE,1980,75.5898
Canada,CAN,1980,75.0612
Central African Republic,CAF,1980,49.7894
Botswana,BWA,1980,62.5267
Bhutan,BTN,1980,48.1981
Brunei,BRN,1980,69.014
Barbados,BRB,1980,72.1289
Brazil,BRA,1980,61.8195
Bolivia,BOL,1980,51.8285
Bermuda,BMU,1980,72.6659
Belize,BLZ,1980,66.8841
Belarus,BLR,1980,70.7483
Saint Barthelemy,BLM,1980,72.3633
Bosnia and Herzegovina,BIH,1980,69.6033
Bahamas,BHS,1980,69.0905
Bahrain,BHR,1980,70.6844
Bulgaria,BGR,1980,71.0809
Bangladesh,BGD,1980,52.2778
Burkina Faso,BFA,1980,46.4653
Bonaire Sint Eustatius and Saba,BES,1980,72.9844
Benin,BEN,1980,47.7469
Belgium,BEL,1980,73.2416
Burundi,BDI,1980,45.7311
Azerbaijan,AZE,1980,61.4333
Austria,AUT,1980,72.6676
Australia,AUS,1980,74.5655
Antigua and Barbuda,ATG,1980,73.0936
American Samoa,ASM,1980,69.4132
Armenia,ARM,1980,65.3623
Argentina,ARG,1980,68.5761
United Arab Emirates,ARE,1980,68.1567
Andorra,AND,1980,77.1371
Albania,ALB,1980,69.903
Anguilla,AIA,1980,68.919
Angola,AGO,1980,42.2415
Afghanistan,AFG,1980,39.2581
Aruba,ABW,1980,70.7712
Zimbabwe,ZWE,1981,59.4463
Zambia,ZMB,1981,54.986
South Africa,ZAF,1981,60.4453
Yemen,YEM,1981,51.6793
Samoa,WSM,1981,65.2956
Wallis and Futuna,WLF,1981,60.1435
Vanuatu,VUT,1981,61.9496
Vietnam,VNM,1981,65.7794
United States Virgin Islands,VIR,1981,68.9204
British Virgin Islands,VGB,1981,69.9062
Venezuela,VEN,1981,68.6967
Saint Vincent and the Grenadines,VCT,1981,68.2916
Vatican,VAT,1981,74.3178
Uzbekistan,UZB,1981,63.2231
United States,USA,1981,74.1174
Uruguay,URY,1981,70.9519
Ukraine,UKR,1981,69.8163
Uganda,UGA,1981,43.4563
Tanzania,TZA,1981,51.7032
Taiwan,TWN,1981,72.018
Tuvalu,TUV,1981,60.4889
Turkey,TUR,1981,63.1935
Tunisia,TUN,1981,64.3742
Trinidad and Tobago,TTO,1981,66.4587
Tonga,TON,1981,66.3574
East Timor,TLS,1981,31.2475
Turkmenistan,TKM,1981,60.9831
Tokelau,TKL,1981,65.6179
Tajikistan,TJK,1981,58.7584
Thailand,THA,1981,62.8557
Togo,TGO,1981,52.7807
Chad,TCD,1981,43.4968
Turks and Caicos Islands,TCA,1981,67.4386
Syria,SYR,1981,64.5981
Seychelles,SYC,1981,68.731
Sint Maarten (Dutch part),SXM,1981,71.8637
Eswatini,SWZ,1981,58.7882
Sweden,SWE,1981,76.0405
Slovenia,SVN,1981,71.6474
Slovakia,SVK,1981,70.6229
Suriname,SUR,1981,60.795
Sao Tome and Principe,STP,1981,59.4318
South Sudan,SSD,1981,38.3135
Serbia,SRB,1981,71.111
Saint Pierre and Miquelon,SPM,1981,70.424
Somalia,SOM,1981,47.8174
San Marino,SMR,1981,76.5838
El Salvador,SLV,1981,50.8887
Sierra Leone,SLE,1981,43.0856
Solomon Islands,SLB,1981,64.0766
Saint Helena,SHN,1981,70.055
Singapore,SGP,1981,71.7476
Senegal,SEN,1981,49.0832
Sudan,SDN,1981,54.3693
Saudi Arabia,SAU,1981,63.2516
Rwanda,RWA,1981,49.2161
Russia,RUS,1981,67.6156
Romania,ROU,1981,69.5058
Reunion,REU,1981,70.2304
Qatar,QAT,1981,70.3131
French Polynesia,PYF,1981,68.1567
Palestine,PSE,1981,62.8361
Paraguay,PRY,1981,64.8111
Portugal,PRT,1981,71.89
North Korea,PRK,1981,67.6566
Puerto Rico,PRI,1981,72.9813
Poland,POL,1981,70.6086
Papua New Guinea,PNG,1981,57.7601
Palau,PLW,1981,62.1425
Philippines,PHL,1981,61.9424
Peru,PER,1981,60.3252
Panama,PAN,1981,69.7896
Pakistan,PAK,1981,57.7639
World,OWID_WRL,1981,60.9187
Kosovo,OWID_KOS,1981,60.3717
Oman,OMN,1981,60.8023
New Zealand,NZL,1981,73.6324
Nauru,NRU,1981,58.5549
Nepal,NPL,1981,48.6623
Norway,NOR,1981,75.8817
Netherlands,NLD,1981,75.9906
Niue,NIU,1981,67.8203
Nicaragua,NIC,1981,58.2784
Nigeria,NGA,1981,46.3087
Niger,NER,1981,39.637
New Caledonia,NCL,1981,65.9865
Namibia,NAM,1981,56.9118
Mayotte,MYT,1981,70.2421
Malaysia,MYS,1981,68.4607
Malawi,MWI,1981,44.72
Mauritius,MUS,1981,67.2158
Martinique,MTQ,1981,72.4253
Montserrat,MSR,1981,69.5341
Mauritania,MRT,1981,53.684
Mozambique,MOZ,1981,41.6429
Northern Mariana Islands,MNP,1981,68.4792
Mongolia,MNG,1981,55.405
Montenegro,MNE,1981,72.126
Myanmar,MMR,1981,54.6991
Malta,MLT,1981,72.3673
Mali,MLI,1981,40.9837
North Macedonia,MKD,1981,69.4327
Marshall Islands,MHL,1981,61.1386
Mexico,MEX,1981,64.7219
Maldives,MDV,1981,55.7288
Madagascar,MDG,1981,49.8063
Moldova,MDA,1981,65.595
Monaco,MCO,1981,74.9528
Morocco,MAR,1981,56.0233
Saint Martin (French part),MAF,1981,72.3842
Macao,MAC,1981,73.367
Latvia,LVA,1981,69.0787
Luxembourg,LUX,1981,72.0768
Lithuania,LTU,1981,70.6866
Lesotho,LSO,1981,57.3075
Sri Lanka,LKA,1981,68.3802
Liechtenstein,LIE,1981,74.9478
Saint Lucia,LCA,1981,68.6876
Libya,LBY,1981,65.2549
Liberia,LBR,1981,44.3441
Lebanon,LBN,1981,60.2785
Laos,LAO,1981,49.2369
Kuwait,KWT,1981,71.5222
South Korea,KOR,1981,67.1406
Saint Kitts and Nevis,KNA,1981,64.6195
Kiribati,KIR,1981,57.5247
Cambodia,KHM,1981,48.0351
Kyrgyzstan,KGZ,1981,61.8498
Kenya,KEN,1981,59.5621
Kazakhstan,KAZ,1981,62.9962
Japan,JPN,1981,76.5629
Jordan,JOR,1981,66.9201
Jersey,JEY,1981,73.151
Jamaica,JAM,1981,69.1197
Italy,ITA,1981,74.4385
Israel,ISR,1981,74.1946
Iceland,ISL,1981,76.192
Iraq,IRQ,1981,58.6521
Iran,IRN,1981,56.6253
Ireland,IRL,1981,72.8875
India,IND,1981,54.1726
Isle of Man,IMN,1981,68.8115
Indonesia,IDN,1981,59.0961
Hungary,HUN,1981,69.1506
Haiti,HTI,1981,50.3097
Croatia,HRV,1981,70.8764
Honduras,HND,1981,61.033
Hong Kong,HKG,1981,74.5977
Guyana,GUY,1981,60.9105
Guam,GUM,1981,71.1797
French Guiana,GUF,1981,67.6472
Guatemala,GTM,1981,54.7095
Greenland,GRL,1981,62.3315
Grenada,GRD,1981,68.3481
Greece,GRC,1981,74.9087
Equatorial Guinea,GNQ,1981,49.1071
Guinea-Bissau,GNB,1981,43.9257
Gambia,GMB,1981,44.4894
Guadeloupe,GLP,1981,70.4364
Guinea,GIN,1981,43.3301
Gibraltar,GIB,1981,73.9989
Ghana,GHA,1981,51.3127
Guernsey,GGY,1981,74.6808
Georgia,GEO,1981,68.741
United Kingdom,GBR,1981,73.9162
Gabon,GAB,1981,58.3323
Micronesia (country),FSM,1981,62.6676
Faroe Islands,FRO,1981,75.8312
France,FRA,1981,74.3965
Falkland Islands,FLK,1981,53.1164
Fiji,FJI,1981,62.2552
Finland,FIN,1981,73.9645
Ethiopia,ETH,1981,43.0836
Estonia,EST,1981,69.3358
Spain,ESP,1981,75.7061
Western Sahara,ESH,1981,44.1805
Eritrea,ERI,1981,44.9744
Egypt,EGY,1981,56.4544
Ecuador,ECU,1981,63.8092
Algeria,DZA,1981,57.4223
Dominican Republic,DOM,1981,63.7757
Denmark,DNK,1981,74.2506
Dominica,DMA,1981,71.4595
Djibouti,DJI,1981,52.3553
Germany,DEU,1981,73.331
Czechia,CZE,1981,70.7717
Cyprus,CYP,1981,73.053
Cayman Islands,CYM,1981,69.9507
Curacao,CUW,1981,71.1746
Cuba,CUB,1981,72.9963
Costa Rica,CRI,1981,73.441
Cape Verde,CPV,1981,61.2988
Comoros,COM,1981,51.2105
Colombia,COL,1981,67.1895
Cook Islands,COK,1981,66.0536
Congo,COG,1981,57.0647
Democratic Republic of Congo,COD,1981,45.7262
Cameroon,CMR,1981,51.2274
Cote d'Ivoire,CIV,1981,51.7906
China,CHN,1981,64.7779
Chile,CHL,1981,69.8222
Switzerland,CHE,1981,75.8183
Canada,CAN,1981,75.4816
Central African Republic,CAF,1981,50.0284
Botswana,BWA,1981,63.0272
Bhutan,BTN,1981,48.9749
Brunei,BRN,1981,69.3439
Barbados,BRB,1981,72.6299
Brazil,BRA,1981,62.2672
Bolivia,BOL,1981,52.2593
Bermuda,BMU,1981,72.8921
Belize,BLZ,1981,67.095
Belarus,BLR,1981,70.7537
Saint Barthelemy,BLM,1981,72.8697
Bosnia and Herzegovina,BIH,1981,70.0554
Bahamas,BHS,1981,69.3678
Bahrain,BHR,1981,71.0371
Bulgaria,BGR,1981,71.4778
Bangladesh,BGD,1981,52.6383
Burkina Faso,BFA,1981,46.8656
Bonaire Sint Eustatius and Saba,BES,1981,71.9783
Benin,BEN,1981,48.1223
Belgium,BEL,1981,73.6517
Burundi,BDI,1981,46.4119
Azerbaijan,AZE,1981,61.9083
Austria,AUT,1981,72.9901
Australia,AUS,1981,74.7827
Antigua and Barbuda,ATG,1981,73.3205
American Samoa,ASM,1981,69.7307
Armenia,ARM,1981,65.7071
Argentina,ARG,1981,68.8576
United Arab Emirates,ARE,1981,68.6218
Andorra,AND,1981,77.3915
Albania,ALB,1981,70.1446
Anguilla,AIA,1981,69.2531
Angola,AGO,1981,42.5556
Afghanistan,AFG,1981,39.4058
Aruba,ABW,1981,71.3443
Zimbabwe,ZWE,1982,59.859
Zambia,ZMB,1982,54.361
South Africa,ZAF,1982,60.9364
Yemen,YEM,1982,52.3674
Samoa,WSM,1982,65.6465
Wallis and Futuna,WLF,1982,60.9825
Vanuatu,VUT,1982,62.5403
Vietnam,VNM,1982,66.2118
United States Virgin Islands,VIR,1982,69.1267
British Virgin Islands,VGB,1982,70.1376
Venezuela,VEN,1982,68.9848
Saint Vincent and the Grenadines,VCT,1982,68.5841
Vatican,VAT,1982,74.7821
Uzbekistan,UZB,1982,63.4649
United States,USA,1982,74.4635
Uruguay,URY,1982,71.5279
Ukraine,UKR,1982,69.9024
Uganda,UGA,1982,43.3086
Tanzania,TZA,1982,51.9901
Taiwan,TWN,1982,72.3966
Tuvalu,TUV,1982,60.7465
Turkey,TUR,1982,63.7404
Tunisia,TUN,1982,65.0102
Trinidad and Tobago,TTO,1982,66.3825
Tonga,TON,1982,66.3269
East Timor,TLS,1982,32.2467
Turkmenistan,TKM,1982,61.5772
Tokelau,TKL,1982,66.0725
Tajikistan,TJK,1982,60.1614
Thailand,THA,1982,63.6026
Togo,TGO,1982,53.2729
Chad,TCD,1982,43.9105
Turks and Caicos Islands,TCA,1982,67.7469
Syria,SYR,1982,60.8391
Seychelles,SYC,1982,69.004
Sint Maarten (Dutch part),SXM,1982,72.0096
Eswatini,SWZ,1982,59.4672
Sweden,SWE,1982,76.3498
Slovenia,SVN,1982,71.3683
Slovakia,SVK,1982,70.7606
Suriname,SUR,1982,60.9343
Sao Tome and Principe,STP,1982,59.5326
South Sudan,SSD,1982,38.6766
Serbia,SRB,1982,71.0352
Saint Pierre and Miquelon,SPM,1982,70.7126
Somalia,SOM,1982,48.0201
San Marino,SMR,1982,76.8083
El Salvador,SLV,1982,53.3423
Sierra Leone,SLE,1982,43.3021
Solomon Islands,SLB,1982,64.4563
Saint Helena,SHN,1982,70.2861
Singapore,SGP,1982,72.0149
Senegal,SEN,1982,49.863
Sudan,SDN,1982,54.3753
Saudi Arabia,SAU,1982,64.0079
Rwanda,RWA,1982,50.1881
Russia,RUS,1982,68.1408
Romania,ROU,1982,69.7992
Reunion,REU,1982,70.9633
Qatar,QAT,1982,70.7041
French Polynesia,PYF,1982,68.9222
Palestine,PSE,1982,63.4711
Paraguay,PRY,1982,65.0762
Portugal,PRT,1982,72.6984
North Korea,PRK,1982,68.0896
Puerto Rico,PRI,1982,72.9494
Poland,POL,1982,70.9149
Papua New Guinea,PNG,1982,58.0745
Palau,PLW,1982,62.3328
Philippines,PHL,1982,62.1749
Peru,PER,1982,60.5592
Panama,PAN,1982,69.8997
Pakistan,PAK,1982,58.2913
World,OWID_WRL,1982,61.3435
Kosovo,OWID_KOS,1982,60.0744
Oman,OMN,1982,62.0486
New Zealand,NZL,1982,73.7237
Nauru,NRU,1982,58.6351
Nepal,NPL,1982,49.1811
Norway,NOR,1982,76.0188
Netherlands,NLD,1982,76.0614
Niue,NIU,1982,67.9592
Nicaragua,NIC,1982,58.6854
Nigeria,NGA,1982,46.4366
Niger,NER,1982,39.8438
New Caledonia,NCL,1982,66.5105
Namibia,NAM,1982,57.3347
Mayotte,MYT,1982,70.707
Malaysia,MYS,1982,68.8758
Malawi,MWI,1982,44.8399
Mauritius,MUS,1982,67.9498
Martinique,MTQ,1982,72.9753
Montserrat,MSR,1982,69.7057
Mauritania,MRT,1982,54.2289
Mozambique,MOZ,1982,41.6774
Northern Mariana Islands,MNP,1982,68.6916
Mongolia,MNG,1982,55.623
Montenegro,MNE,1982,72.3044
Myanmar,MMR,1982,55.0332
Malta,MLT,1982,72.8299
Mali,MLI,1982,41.8044
North Macedonia,MKD,1982,69.8441
Marshall Islands,MHL,1982,61.2933
Mexico,MEX,1982,65.2561
Maldives,MDV,1982,56.6136
Madagascar,MDG,1982,50.009
Moldova,MDA,1982,65.8589
Monaco,MCO,1982,75.2555
Morocco,MAR,1982,56.8689
Saint Martin (French part),MAF,1982,72.4193
Macao,MAC,1982,73.9076
Latvia,LVA,1982,69.6274
Luxembourg,LUX,1982,72.1571
Lithuania,LTU,1982,71.0645
Lesotho,LSO,1982,57.9759
Sri Lanka,LKA,1982,68.6649
Liechtenstein,LIE,1982,75.0603
Saint Lucia,LCA,1982,68.9773
Libya,LBY,1982,65.7679
Liberia,LBR,1982,44.4467
Lebanon,LBN,1982,47.1898
Laos,LAO,1982,49.9308
Kuwait,KWT,1982,71.9475
South Korea,KOR,1982,67.0612
Saint Kitts and Nevis,KNA,1982,64.8685
Kiribati,KIR,1982,57.7732
Cambodia,KHM,1982,48.7555
Kyrgyzstan,KGZ,1982,62.2763
Kenya,KEN,1982,59.9045
Kazakhstan,KAZ,1982,63.5861
Japan,JPN,1982,77.0723
Jordan,JOR,1982,67.36
Jersey,JEY,1982,73.6258
Jamaica,JAM,1982,69.2526
Italy,ITA,1982,74.9126
Israel,ISR,1982,74.334
Iceland,ISL,1982,76.7987
Iraq,IRQ,1982,58.9768
Iran,IRN,1982,57.6331
Ireland,IRL,1982,73.1548
India,IND,1982,54.7354
Isle of Man,IMN,1982,69.1418
Indonesia,IDN,1982,59.6997
Hungary,HUN,1982,69.3529
Haiti,HTI,1982,50.6257
Croatia,HRV,1982,70.6625
Honduras,HND,1982,61.6879
Hong Kong,HKG,1982,74.9282
Guyana,GUY,1982,61.0099
Guam,GUM,1982,71.6807
French Guiana,GUF,1982,68.1305
Guatemala,GTM,1982,48.8627
Greenland,GRL,1982,62.5072
Grenada,GRD,1982,68.5968
Greece,GRC,1982,75.2082
Equatorial Guinea,GNQ,1982,49.6656
Guinea-Bissau,GNB,1982,44.2928
Gambia,GMB,1982,46.2501
Guadeloupe,GLP,1982,70.9206
Guinea,GIN,1982,43.8629
Gibraltar,GIB,1982,74.325
Ghana,GHA,1982,51.425
Guernsey,GGY,1982,72.3651
Georgia,GEO,1982,69.1093
United Kingdom,GBR,1982,74.0388
Gabon,GAB,1982,58.6438
Micronesia (country),FSM,1982,62.7471
Faroe Islands,FRO,1982,75.8839
France,FRA,1982,74.7657
Falkland Islands,FLK,1982,52.3895
Fiji,FJI,1982,62.1953
Finland,FIN,1982,74.5299
Ethiopia,ETH,1982,43.4335
Estonia,EST,1982,69.8627
Spain,ESP,1982,76.3188
Western Sahara,ESH,1982,45.2175
Eritrea,ERI,1982,44.8906
Egypt,EGY,1982,57.219
Ecuador,ECU,1982,64.2712
Algeria,DZA,1982,59.5944
Dominican Republic,DOM,1982,64.1978
Denmark,DNK,1982,74.5967
Dominica,DMA,1982,71.7485
Djibouti,DJI,1982,52.8928
Germany,DEU,1982,73.6277
Czechia,CZE,1982,70.8766
Cyprus,CYP,1982,73.5183
Cayman Islands,CYM,1982,70.4068
Curacao,CUW,1982,71.3775
Cuba,CUB,1982,73.4393
Costa Rica,CRI,1982,73.8646
Cape Verde,CPV,1982,61.5185
Comoros,COM,1982,51.7497
Colombia,COL,1982,67.8614
Cook Islands,COK,1982,66.1464
Congo,COG,1982,57.236
Democratic Republic of Congo,COD,1982,45.946
Cameroon,CMR,1982,51.801
Cote d'Ivoire,CIV,1982,52.0903
China,CHN,1982,65.2494
Chile,CHL,1982,70.291
Switzerland,CHE,1982,76.1624
Canada,CAN,1982,75.6923
Central African Republic,CAF,1982,50.2126
Botswana,BWA,1982,63.3821
Bhutan,BTN,1982,49.7755
Brunei,BRN,1982,69.6691
Barbados,BRB,1982,72.9027
Brazil,BRA,1982,62.7083
Bolivia,BOL,1982,52.5108
Bermuda,BMU,1982,73.0406
Belize,BLZ,1982,67.3391
Belarus,BLR,1982,70.7837
Saint Barthelemy,BLM,1982,73.3258
Bosnia and Herzegovina,BIH,1982,70.0763
Bahamas,BHS,1982,69.6818
Bahrain,BHR,1982,71.3543
Bulgaria,BGR,1982,71.0775
Bangladesh,BGD,1982,53.0119
Burkina Faso,BFA,1982,47.6334
Bonaire Sint Eustatius and Saba,BES,1982,73.4972
Benin,BEN,1982,48.4934
Belgium,BEL,1982,73.8793
Burundi,BDI,1982,47.0119
Azerbaijan,AZE,1982,62.2302
Austria,AUT,1982,73.1434
Australia,AUS,1982,74.7192
Antigua and Barbuda,ATG,1982,73.5245
American Samoa,ASM,1982,69.9752
Armenia,ARM,1982,66.0755
Argentina,ARG,1982,68.9728
United Arab Emirates,ARE,1982,69.0562
Andorra,AND,1982,77.6174
Albania,ALB,1982,70.4249
Anguilla,AIA,1982,69.5705
Angola,AGO,1982,42.8569
Afghanistan,AFG,1982,36.0577
Aruba,ABW,1982,71.4848
Zimbabwe,ZWE,1983,59.9888
Zambia,ZMB,1983,53.6737
South Africa,ZAF,1983,61.3926
Yemen,YEM,1983,53.6185
Samoa,WSM,1983,65.9909
Wallis and Futuna,WLF,1983,61.8957
Vanuatu,VUT,1983,63.0755
Vietnam,VNM,1983,66.5447
United States Virgin Islands,VIR,1983,69.3544
British Virgin Islands,VGB,1983,70.3742
Venezuela,VEN,1983,69.5413
Saint Vincent and the Grenadines,VCT,1983,68.7965
Vatican,VAT,1983,74.6546
Uzbekistan,UZB,1983,63.7502
United States,USA,1983,74.5528
Uruguay,URY,1983,71.5954
Ukraine,UKR,1983,69.9482
Uganda,UGA,1983,43.4891
Tanzania,TZA,1983,52.1783
Taiwan,TWN,1983,72.3973
Tuvalu,TUV,1983,60.9378
Turkey,TUR,1983,64.2687
Tunisia,TUN,1983,65.696
Trinidad and Tobago,TTO,1983,66.4401
Tonga,TON,1983,66.6518
East Timor,TLS,1983,32.6944
Turkmenistan,TKM,1983,61.9876
Tokelau,TKL,1983,66.5097
Tajikistan,TJK,1983,60.4597
Thailand,THA,1983,64.4998
Togo,TGO,1983,53.7686
Chad,TCD,1983,44.4456
Turks and Caicos Islands,TCA,1983,68.0688
Syria,SYR,1983,67.3504
Seychelles,SYC,1983,69.2574
Sint Maarten (Dutch part),SXM,1983,72.1458
Eswatini,SWZ,1983,58.4181
Sweden,SWE,1983,76.5802
Slovenia,SVN,1983,71.1885
Slovakia,SVK,1983,70.4753
Suriname,SUR,1983,61.0718
Sao Tome and Principe,STP,1983,59.6791
South Sudan,SSD,1983,34.7333
Serbia,SRB,1983,71.0888
Saint Pierre and Miquelon,SPM,1983,71.1138
Somalia,SOM,1983,48.2296
San Marino,SMR,1983,77.011
El Salvador,SLV,1983,54.3735
Sierra Leone,SLE,1983,43.4548
Solomon Islands,SLB,1983,64.7713
Saint Helena,SHN,1983,70.4341
Singapore,SGP,1983,72.4147
Senegal,SEN,1983,50.8112
Sudan,SDN,1983,49.5618
Saudi Arabia,SAU,1983,64.7187
Rwanda,RWA,1983,50.9439
Russia,RUS,1983,68.0293
Romania,ROU,1983,69.8198
Reunion,REU,1983,71.571
Qatar,QAT,1983,71.0888
French Polynesia,PYF,1983,69.7018
Palestine,PSE,1983,64.1324
Paraguay,PRY,1983,65.2928
Portugal,PRT,1983,72.6539
North Korea,PRK,1983,68.5026
Puerto Rico,PRI,1983,73.3748
Poland,POL,1983,70.809
Papua New Guinea,PNG,1983,58.2938
Palau,PLW,1983,62.4767
Philippines,PHL,1983,62.3486
Peru,PER,1983,60.7642
Panama,PAN,1983,70.1335
Pakistan,PAK,1983,58.6626
World,OWID_WRL,1983,61.5211
Kosovo,OWID_KOS,1983,61.0022
Oman,OMN,1983,63.192
New Zealand,NZL,1983,73.8291
Nauru,NRU,1983,58.6935
Nepal,NPL,1983,49.6763
Norway,NOR,1983,76.0787
Netherlands,NLD,1983,76.2551
Niue,NIU,1983,68.0689
Nicaragua,NIC,1983,56.8509
Nigeria,NGA,1983,46.4423
Niger,NER,1983,39.9787
New Caledonia,NCL,1983,66.9715
Namibia,NAM,1983,57.6369
Mayotte,MYT,1983,71.1242
Malaysia,MYS,1983,69.2054
Malawi,MWI,1983,44.974
Mauritius,MUS,1983,68.4074
Martinique,MTQ,1983,73.5161
Montserrat,MSR,1983,69.8674
Mauritania,MRT,1983,54.5798
Mozambique,MOZ,1983,41.596
Northern Mariana Islands,MNP,1983,68.8583
Mongolia,MNG,1983,55.8725
Montenegro,MNE,1983,72.3045
Myanmar,MMR,1983,55.3081
Malta,MLT,1983,73.1006
Mali,MLI,1983,42.7483
North Macedonia,MKD,1983,69.7271
Marshall Islands,MHL,1983,61.4521
Mexico,MEX,1983,65.7563
Maldives,MDV,1983,57.4845
Madagascar,MDG,1983,50.1072
Moldova,MDA,1983,66.1488
Monaco,MCO,1983,75.6974
Morocco,MAR,1983,57.6854
Saint Martin (French part),MAF,1983,72.55
Macao,MAC,1983,74.0656
Latvia,LVA,1983,69.3968
Luxembourg,LUX,1983,72.9783
Lithuania,LTU,1983,71.0154
Lesotho,LSO,1983,58.4952
Sri Lanka,LKA,1983,68.7258
Liechtenstein,LIE,1983,75.7126
Saint Lucia,LCA,1983,69.9872
Libya,LBY,1983,66.2605
Liberia,LBR,1983,44.5762
Lebanon,LBN,1983,60.7517
Laos,LAO,1983,50.4851
Kuwait,KWT,1983,72.3942
South Korea,KOR,1983,66.7252
Saint Kitts and Nevis,KNA,1983,65.1183
Kiribati,KIR,1983,58.0505
Cambodia,KHM,1983,49.3829
Kyrgyzstan,KGZ,1983,62.3359
Kenya,KEN,1983,60.3423
Kazakhstan,KAZ,1983,64.2244
Japan,JPN,1983,77.1069
Jordan,JOR,1983,67.7782
Jersey,JEY,1983,74.0439
Jamaica,JAM,1983,69.5464
Italy,ITA,1983,74.7351
Israel,ISR,1983,75.0854
Iceland,ISL,1983,76.4252
Iraq,IRQ,1983,59.2869
Iran,IRN,1983,58.5184
Ireland,IRL,1983,73.1779
India,IND,1983,55.2829
Isle of Man,IMN,1983,69.4575
Indonesia,IDN,1983,60.3428
Hungary,HUN,1983,68.9291
Haiti,HTI,1983,50.9461
Croatia,HRV,1983,70.7456
Honduras,HND,1983,62.4079
Hong Kong,HKG,1983,75.3009
Guyana,GUY,1983,61.1565
Guam,GUM,1983,72.1411
French Guiana,GUF,1983,68.5921
Guatemala,GTM,1983,57.9127
Greenland,GRL,1983,62.6433
Grenada,GRD,1983,64.3326
Greece,GRC,1983,75.4972
Equatorial Guinea,GNQ,1983,50.0461
Guinea-Bissau,GNB,1983,44.6004
Gambia,GMB,1983,46.892
Guadeloupe,GLP,1983,71.3782
Guinea,GIN,1983,44.2261
Gibraltar,GIB,1983,74.613
Ghana,GHA,1983,51.7799
Guernsey,GGY,1983,76.2083
Georgia,GEO,1983,69.135
United Kingdom,GBR,1983,74.2927
Gabon,GAB,1983,58.9942
Micronesia (country),FSM,1983,62.8287
Faroe Islands,FRO,1983,75.9261
France,FRA,1983,74.7344
Falkland Islands,FLK,1983,51.7956
Fiji,FJI,1983,62.9156
Finland,FIN,1983,74.4373
Ethiopia,ETH,1983,36.3188
Estonia,EST,1983,69.7865
Spain,ESP,1983,76.0966
Western Sahara,ESH,1983,46.1192
Eritrea,ERI,1983,37.1729
Egypt,EGY,1983,57.9667
Ecuador,ECU,1983,64.6593
Algeria,DZA,1983,61.2511
Dominican Republic,DOM,1983,64.63
Denmark,DNK,1983,74.4556
Dominica,DMA,1983,72.0047
Djibouti,DJI,1983,53.3338
Germany,DEU,1983,73.9176
Czechia,CZE,1983,70.6398
Cyprus,CYP,1983,73.7076
Cayman Islands,CYM,1983,70.8389
Curacao,CUW,1983,71.5343
Cuba,CUB,1983,73.564
Costa Rica,CRI,1983,74.2454
Cape Verde,CPV,1983,61.7668
Comoros,COM,1983,52.1207
Colombia,COL,1983,68.1211
Cook Islands,COK,1983,66.3201
Congo,COG,1983,57.4284
Democratic Republic of Congo,COD,1983,46.2067
Cameroon,CMR,1983,52.4473
Cote d'Ivoire,CIV,1983,52.3516
China,CHN,1983,65.7285
Chile,CHL,1983,70.8302
Switzerland,CHE,1983,76.1574
Canada,CAN,1983,76.0662
Central African Republic,CAF,1983,50.3422
Botswana,BWA,1983,63.6054
Bhutan,BTN,1983,50.5534
Brunei,BRN,1983,69.9914
Barbados,BRB,1983,73.1557
Brazil,BRA,1983,63.1329
Bolivia,BOL,1983,52.8608
Bermuda,BMU,1983,73.2399
Belize,BLZ,1983,67.6007
Belarus,BLR,1983,70.7121
Saint Barthelemy,BLM,1983,73.5247
Bosnia and Herzegovina,BIH,1983,70.0971
Bahamas,BHS,1983,70.0033
Bahrain,BHR,1983,71.6373
Bulgaria,BGR,1983,71.2393
Bangladesh,BGD,1983,53.4409
Burkina Faso,BFA,1983,48.0612
Bonaire Sint Eustatius and Saba,BES,1983,74.025
Benin,BEN,1983,48.8449
Belgium,BEL,1983,73.88
Burundi,BDI,1983,47.4333
Azerbaijan,AZE,1983,62.4786
Austria,AUT,1983,73.2168
Australia,AUS,1983,75.4402
Antigua and Barbuda,ATG,1983,73.6838
American Samoa,ASM,1983,70.1629
Armenia,ARM,1983,66.452
Argentina,ARG,1983,69.2905
United Arab Emirates,ARE,1983,69.448
Andorra,AND,1983,77.7865
Albania,ALB,1983,70.7051
Anguilla,AIA,1983,69.8947
Angola,AGO,1983,41.9717
Afghanistan,AFG,1983,36.5174
Aruba,ABW,1983,71.606
Zimbabwe,ZWE,1984,60.6223
Zambia,ZMB,1984,52.8772
South Africa,ZAF,1984,61.8372
Yemen,YEM,1984,54.5861
Samoa,WSM,1984,66.2841
Wallis and Futuna,WLF,1984,62.8967
Vanuatu,VUT,1984,63.5185
Vietnam,VNM,1984,66.9291
United States Virgin Islands,VIR,1984,69.5394
British Virgin Islands,VGB,1984,70.7114
Venezuela,VEN,1984,69.6721
Saint Vincent and the Grenadines,VCT,1984,69.2441
Vatican,VAT,1984,75.0625
Uzbekistan,UZB,1984,64.1083
United States,USA,1984,74.6747
Uruguay,URY,1984,71.708
Ukraine,UKR,1984,69.9915
Uganda,UGA,1984,43.7065
Tanzania,TZA,1984,52.1508
Taiwan,TWN,1984,72.9877
Tuvalu,TUV,1984,61.0521
Turkey,TUR,1984,64.8099
Tunisia,TUN,1984,66.2936
Trinidad and Tobago,TTO,1984,66.5556
Tonga,TON,1984,66.8061
East Timor,TLS,1984,34.4685
Turkmenistan,TKM,1984,62.3636
Tokelau,TKL,1984,66.9132
Tajikistan,TJK,1984,60.6904
Thailand,THA,1984,65.5497
Togo,TGO,1984,54.0941
Chad,TCD,1984,44.7316
Turks and Caicos Islands,TCA,1984,68.3863
Syria,SYR,1984,67.7231
Seychelles,SYC,1984,69.468
Sint Maarten (Dutch part),SXM,1984,72.2802
Eswatini,SWZ,1984,60.4387
Sweden,SWE,1984,76.8407
Slovenia,SVN,1984,71.3331
Slovakia,SVK,1984,70.7103
Suriname,SUR,1984,61.2105
Sao Tome and Principe,STP,1984,59.8929
South Sudan,SSD,1984,31.7879
Serbia,SRB,1984,71.1564
Saint Pierre and Miquelon,SPM,1984,71.4675
Somalia,SOM,1984,48.4378
San Marino,SMR,1984,77.162
El Salvador,SLV,1984,56.5713
Sierra Leone,SLE,1984,43.5611
Solomon Islands,SLB,1984,65.049
Saint Helena,SHN,1984,70.5651
Singapore,SGP,1984,72.6028
Senegal,SEN,1984,51.6942
Sudan,SDN,1984,49.8073
Saudi Arabia,SAU,1984,65.3914
Rwanda,RWA,1984,51.4449
Russia,RUS,1984,67.5724
Romania,ROU,1984,69.9066
Reunion,REU,1984,72.1823
Qatar,QAT,1984,71.465
French Polynesia,PYF,1984,70.5587
Palestine,PSE,1984,64.7298
Paraguay,PRY,1984,65.6089
Portugal,PRT,1984,72.9342
North Korea,PRK,1984,68.8814
Puerto Rico,PRI,1984,73.4271
Poland,POL,1984,70.6022
Papua New Guinea,PNG,1984,58.5829
Palau,PLW,1984,62.6377
Philippines,PHL,1984,62.4256
Peru,PER,1984,61.0658
Panama,PAN,1984,70.4025
Pakistan,PAK,1984,58.9209
World,OWID_WRL,1984,61.8663
Kosovo,OWID_KOS,1984,61.4592
Oman,OMN,1984,64.2718
New Zealand,NZL,1984,74.3668
Nauru,NRU,1984,58.6581
Nepal,NPL,1984,50.2267
Norway,NOR,1984,76.2468
Netherlands,NLD,1984,76.3272
Niue,NIU,1984,68.0847
Nicaragua,NIC,1984,56.1261
Nigeria,NGA,1984,46.3388
Niger,NER,1984,39.9889
New Caledonia,NCL,1984,67.4188
Namibia,NAM,1984,58.0967
Mayotte,MYT,1984,71.5275
Malaysia,MYS,1984,69.5507
Malawi,MWI,1984,44.8067
Mauritius,MUS,1984,68.6358
Martinique,MTQ,1984,74.0292
Montserrat,MSR,1984,70.0239
Mauritania,MRT,1984,55.1952
Mozambique,MOZ,1984,38.897
Northern Mariana Islands,MNP,1984,69.0619
Mongolia,MNG,1984,56.1465
Montenegro,MNE,1984,72.2892
Myanmar,MMR,1984,55.5963
Malta,MLT,1984,73.3093
Mali,MLI,1984,43.3959
North Macedonia,MKD,1984,70.1947
Marshall Islands,MHL,1984,61.6024
Mexico,MEX,1984,66.2145
Maldives,MDV,1984,58.3414
Madagascar,MDG,1984,50.2087
Moldova,MDA,1984,66.4332
Monaco,MCO,1984,76.3935
Morocco,MAR,1984,58.4378
Saint Martin (French part),MAF,1984,72.7342
Macao,MAC,1984,74.2298
Latvia,LVA,1984,69.4338
Luxembourg,LUX,1984,72.7176
Lithuania,LTU,1984,70.542
Lesotho,LSO,1984,58.9548
Sri Lanka,LKA,1984,68.7612
Liechtenstein,LIE,1984,76.1879
Saint Lucia,LCA,1984,70.5222
Libya,LBY,1984,66.7477
Liberia,LBR,1984,44.6832
Lebanon,LBN,1984,61.1669
Laos,LAO,1984,51.0137
Kuwait,KWT,1984,72.854
South Korea,KOR,1984,68.1088
Saint Kitts and Nevis,KNA,1984,65.3344
Kiribati,KIR,1984,58.3568
Cambodia,KHM,1984,50.0891
Kyrgyzstan,KGZ,1984,62.8544
Kenya,KEN,1984,60.6105
Kazakhstan,KAZ,1984,64.8391
Japan,JPN,1984,77.5068
Jordan,JOR,1984,68.2064
Jersey,JEY,1984,74.4728
Jamaica,JAM,1984,69.8093
Italy,ITA,1984,75.4991
Israel,ISR,1984,75.5015
Iceland,ISL,1984,77.2951
Iraq,IRQ,1984,59.5437
Iran,IRN,1984,60.875
Ireland,IRL,1984,73.6216
India,IND,1984,55.8125
Isle of Man,IMN,1984,69.7538
Indonesia,IDN,1984,60.8914
Hungary,HUN,1984,68.9647
Haiti,HTI,1984,51.2537
Croatia,HRV,1984,70.9782
Honduras,HND,1984,62.8191
Hong Kong,HKG,1984,75.6737
Guyana,GUY,1984,61.2548
Guam,GUM,1984,72.5891
French Guiana,GUF,1984,69.0152
Guatemala,GTM,1984,59.0735
Greenland,GRL,1984,62.746
Grenada,GRD,1984,69.0947
Greece,GRC,1984,75.7849
Equatorial Guinea,GNQ,1984,50.1951
Guinea-Bissau,GNB,1984,44.9432
Gambia,GMB,1984,47.5128
Guadeloupe,GLP,1984,71.8336
Guinea,GIN,1984,44.8577
Gibraltar,GIB,1984,74.9349
Ghana,GHA,1984,52.2322
Guernsey,GGY,1984,76.2265
Georgia,GEO,1984,68.795
United Kingdom,GBR,1984,74.6741
Gabon,GAB,1984,59.3396
Micronesia (country),FSM,1984,62.9226
Faroe Islands,FRO,1984,75.9759
France,FRA,1984,75.2175
Falkland Islands,FLK,1984,51.3779
Fiji,FJI,1984,63.2381
Finland,FIN,1984,74.7434
Ethiopia,ETH,1984,36.7374
Estonia,EST,1984,69.6384
Spain,ESP,1984,76.4822
Western Sahara,ESH,1984,46.9435
Eritrea,ERI,1984,37.6791
Egypt,EGY,1984,58.697
Ecuador,ECU,1984,65.2016
Algeria,DZA,1984,62.7219
Dominican Republic,DOM,1984,65.1339
Denmark,DNK,1984,74.6164
Dominica,DMA,1984,71.9135
Djibouti,DJI,1984,53.7454
Germany,DEU,1984,74.3796
Czechia,CZE,1984,70.8965
Cyprus,CYP,1984,74
Cayman Islands,CYM,1984,71.1874
Curacao,CUW,1984,71.7147
Cuba,CUB,1984,73.5515
Costa Rica,CRI,1984,74.5809
Cape Verde,CPV,1984,61.8293
Comoros,COM,1984,52.7843
Colombia,COL,1984,68.3081
Cook Islands,COK,1984,66.5165
Congo,COG,1984,57.5404
Democratic Republic of Congo,COD,1984,46.5143
Cameroon,CMR,1984,52.8859
Cote d'Ivoire,CIV,1984,52.6478
China,CHN,1984,66.1478
Chile,CHL,1984,71.2153
Switzerland,CHE,1984,76.756
Canada,CAN,1984,76.3553
Central African Republic,CAF,1984,50.4269
Botswana,BWA,1984,63.7059
Bhutan,BTN,1984,51.3133
Brunei,BRN,1984,70.2364
Barbados,BRB,1984,73.3018
Brazil,BRA,1984,63.5532
Bolivia,BOL,1984,53.3832
Bermuda,BMU,1984,73.3646
Belize,BLZ,1984,67.9521
Belarus,BLR,1984,70.791
Saint Barthelemy,BLM,1984,73.8306
Bosnia and Herzegovina,BIH,1984,70.2287
Bahamas,BHS,1984,70.1918
Bahrain,BHR,1984,71.8843
Bulgaria,BGR,1984,71.3472
Bangladesh,BGD,1984,53.8259
Burkina Faso,BFA,1984,48.4637
Bonaire Sint Eustatius and Saba,BES,1984,73.9622
Benin,BEN,1984,49.3992
Belgium,BEL,1984,74.3691
Burundi,BDI,1984,47.6871
Azerbaijan,AZE,1984,62.0838
Austria,AUT,1984,73.7658
Australia,AUS,1984,75.5099
Antigua and Barbuda,ATG,1984,73.8077
American Samoa,ASM,1984,70.3261
Armenia,ARM,1984,66.8119
Argentina,ARG,1984,69.3533
United Arab Emirates,ARE,1984,69.802
Andorra,AND,1984,77.9159
Albania,ALB,1984,70.9838
Anguilla,AIA,1984,70.1622
Angola,AGO,1984,42.2455
Afghanistan,AFG,1984,31.4732
Aruba,ABW,1984,71.7107
Zimbabwe,ZWE,1985,60.9012
Zambia,ZMB,1985,52.0014
South Africa,ZAF,1985,62.1954
Yemen,YEM,1985,55.4184
Samoa,WSM,1985,66.5568
Wallis and Futuna,WLF,1985,63.9737
Vanuatu,VUT,1985,63.9273
Vietnam,VNM,1985,67.1916
United States Virgin Islands,VIR,1985,69.6823
British Virgin Islands,VGB,1985,70.9873
Venezuela,VEN,1985,69.9611
Saint Vincent and the Grenadines,VCT,1985,69.7712
Vatican,VAT,1985,75.4564
Uzbekistan,UZB,1985,64.5737
United States,USA,1985,74.65
Uruguay,URY,1985,71.8608
Ukraine,UKR,1985,70.4094
Uganda,UGA,1985,45.4963
Tanzania,TZA,1985,52.1843
Taiwan,TWN,1985,73.2953
Tuvalu,TUV,1985,61.1367
Turkey,TUR,1985,65.3437
Tunisia,TUN,1985,66.8771
Trinidad and Tobago,TTO,1985,66.7475
Tonga,TON,1985,66.9282
East Timor,TLS,1985,34.3419
Turkmenistan,TKM,1985,62.8027
Tokelau,TKL,1985,67.3411
Tajikistan,TJK,1985,60.9727
Thailand,THA,1985,66.5429
Togo,TGO,1985,54.361
Chad,TCD,1985,45.3147
Turks and Caicos Islands,TCA,1985,68.6686
Syria,SYR,1985,68.0481
Seychelles,SYC,1985,69.6242
Sint Maarten (Dutch part),SXM,1985,72.3854
Eswatini,SWZ,1985,61.1649
Sweden,SWE,1985,76.6911
Slovenia,SVN,1985,71.8019
Slovakia,SVK,1985,70.7208
Suriname,SUR,1985,61.3575
Sao Tome and Principe,STP,1985,60.1388
South Sudan,SSD,1985,32.3603
Serbia,SRB,1985,71.4408
Saint Pierre and Miquelon,SPM,1985,71.7834
Somalia,SOM,1985,48.2786
San Marino,SMR,1985,77.2696
El Salvador,SLV,1985,58.0306
Sierra Leone,SLE,1985,43.5563
Solomon Islands,SLB,1985,65.2882
Saint Helena,SHN,1985,70.7444
Singapore,SGP,1985,73.1235
Senegal,SEN,1985,52.5864
Sudan,SDN,1985,50.0141
Saudi Arabia,SAU,1985,66.0268
Rwanda,RWA,1985,51.7042
Russia,RUS,1985,68.2995
Romania,ROU,1985,69.4069
Reunion,REU,1985,72.5814
Qatar,QAT,1985,71.8311
French Polynesia,PYF,1985,71.2033
Palestine,PSE,1985,65.2619
Paraguay,PRY,1985,65.8934
Portugal,PRT,1985,73.2157
North Korea,PRK,1985,69.2315
Puerto Rico,PRI,1985,72.6333
Poland,POL,1985,70.531
Papua New Guinea,PNG,1985,58.8039
Palau,PLW,1985,62.7202
Philippines,PHL,1985,62.7353
Peru,PER,1985,61.7103
Panama,PAN,1985,70.5437
Pakistan,PAK,1985,59.0752
World,OWID_WRL,1985,62.2092
Kosovo,OWID_KOS,1985,61.2163
Oman,OMN,1985,65.2809
New Zealand,NZL,1985,73.8761
Nauru,NRU,1985,58.598
Nepal,NPL,1985,50.9216
Norway,NOR,1985,75.9327
Netherlands,NLD,1985,76.3758
Niue,NIU,1985,68.0511
Nicaragua,NIC,1985,56.3995
Nigeria,NGA,1985,46.193
Niger,NER,1985,40.1199
New Caledonia,NCL,1985,67.8432
Namibia,NAM,1985,58.4721
Mayotte,MYT,1985,71.9047
Malaysia,MYS,1985,69.8626
Malawi,MWI,1985,44.5678
Mauritius,MUS,1985,68.7248
Martinique,MTQ,1985,74.3964
Montserrat,MSR,1985,70.1645
Mauritania,MRT,1985,55.8082
Mozambique,MOZ,1985,38.9841
Northern Mariana Islands,MNP,1985,69.2307
Mongolia,MNG,1985,56.4415
Montenegro,MNE,1985,72.4302
Myanmar,MMR,1985,55.8162
Malta,MLT,1985,73.85
Mali,MLI,1985,43.9214
North Macedonia,MKD,1985,70.2247
Marshall Islands,MHL,1985,61.7115
Mexico,MEX,1985,66.7745
Maldives,MDV,1985,59.1796
Madagascar,MDG,1985,50.406
Moldova,MDA,1985,66.882
Monaco,MCO,1985,77.3626
Morocco,MAR,1985,59.208
Saint Martin (French part),MAF,1985,72.9431
Macao,MAC,1985,74.702
Latvia,LVA,1985,69.5955
Luxembourg,LUX,1985,73.2839
Lithuania,LTU,1985,70.7399
Lesotho,LSO,1985,59.2105
Sri Lanka,LKA,1985,68.8812
Liechtenstein,LIE,1985,76.7347
Saint Lucia,LCA,1985,70.3078
Libya,LBY,1985,67.2854
Liberia,LBR,1985,44.0256
Lebanon,LBN,1985,61.5736
Laos,LAO,1985,51.5794
Kuwait,KWT,1985,73.3155
South Korea,KOR,1985,68.4083
Saint Kitts and Nevis,KNA,1985,65.4819
Kiribati,KIR,1985,58.7195
Cambodia,KHM,1985,50.7986
Kyrgyzstan,KGZ,1985,63.6846
Kenya,KEN,1985,60.8558
Kazakhstan,KAZ,1985,65.3755
Japan,JPN,1985,77.799
Jordan,JOR,1985,68.5871
Jersey,JEY,1985,74.7323
Jamaica,JAM,1985,70.1008
Italy,ITA,1985,75.6068
Israel,ISR,1985,75.9685
Iceland,ISL,1985,77.3897
Iraq,IRQ,1985,59.7998
Iran,IRN,1985,61.5366
Ireland,IRL,1985,73.5605
India,IND,1985,56.3239
Isle of Man,IMN,1985,70.0205
Indonesia,IDN,1985,61.3867
Hungary,HUN,1985,68.9019
Haiti,HTI,1985,51.5832
Croatia,HRV,1985,71.5285
Honduras,HND,1985,63.2229
Hong Kong,HKG,1985,76.2494
Guyana,GUY,1985,61.3791
Guam,GUM,1985,73.0704
French Guiana,GUF,1985,69.3884
Guatemala,GTM,1985,59.7884
Greenland,GRL,1985,62.8242
Grenada,GRD,1985,69.3378
Greece,GRC,1985,76.14
Equatorial Guinea,GNQ,1985,50.5987
Guinea-Bissau,GNB,1985,45.2656
Gambia,GMB,1985,48.1512
Guadeloupe,GLP,1985,72.2345
Guinea,GIN,1985,45.3102
Gibraltar,GIB,1985,75.2316
Ghana,GHA,1985,52.732
Guernsey,GGY,1985,76.0329
Georgia,GEO,1985,69.0062
United Kingdom,GBR,1985,74.5362
Gabon,GAB,1985,59.6648
Micronesia (country),FSM,1985,63.0284
Faroe Islands,FRO,1985,76.0495
France,FRA,1985,75.309
Falkland Islands,FLK,1985,51.1647
Fiji,FJI,1985,63.9982
Finland,FIN,1985,74.4235
Ethiopia,ETH,1985,37.7473
Estonia,EST,1985,69.7742
Spain,ESP,1985,76.4105
Western Sahara,ESH,1985,47.7584
Eritrea,ERI,1985,38.5859
Egypt,EGY,1985,59.4051
Ecuador,ECU,1985,65.6253
Algeria,DZA,1985,64.155
Dominican Republic,DOM,1985,65.6139
Denmark,DNK,1985,74.4801
Dominica,DMA,1985,71.9177
Djibouti,DJI,1985,54.0746
Germany,DEU,1985,74.4919
Czechia,CZE,1985,71.1021
Cyprus,CYP,1985,74.6401
Cayman Islands,CYM,1985,71.5575
Curacao,CUW,1985,71.8674
Cuba,CUB,1985,73.4641
Costa Rica,CRI,1985,74.7648
Cape Verde,CPV,1985,62.2808
Comoros,COM,1985,53.2626
Colombia,COL,1985,65.3591
Cook Islands,COK,1985,66.7509
Congo,COG,1985,57.6085
Democratic Republic of Congo,COD,1985,46.6634
Cameroon,CMR,1985,53.4653
Cote d'Ivoire,CIV,1985,52.8613
China,CHN,1985,66.5319
Chile,CHL,1985,71.6153
Switzerland,CHE,1985,76.882
Canada,CAN,1985,76.3479
Central African Republic,CAF,1985,50.463
Botswana,BWA,1985,63.6466
Bhutan,BTN,1985,52.0334
Brunei,BRN,1985,70.4987
Barbados,BRB,1985,73.3155
Brazil,BRA,1985,63.9795
Bolivia,BOL,1985,53.7774
Bermuda,BMU,1985,73.3733
Belize,BLZ,1985,68.3474
Belarus,BLR,1985,71.1922
Saint Barthelemy,BLM,1985,74.0083
Bosnia and Herzegovina,BIH,1985,70.5815
Bahamas,BHS,1985,70.2892
Bahrain,BHR,1985,72.0923
Bulgaria,BGR,1985,71.0482
Bangladesh,BGD,1985,53.9371
Burkina Faso,BFA,1985,48.7475
Bonaire Sint Eustatius and Saba,BES,1985,74.144
Benin,BEN,1985,49.9591
Belgium,BEL,1985,74.4685
Burundi,BDI,1985,47.6621
Azerbaijan,AZE,1985,62.6744
Austria,AUT,1985,73.9861
Australia,AUS,1985,75.4303
Antigua and Barbuda,ATG,1985,73.8727
American Samoa,ASM,1985,70.5321
Armenia,ARM,1985,67.1331
Argentina,ARG,1985,69.8793
United Arab Emirates,ARE,1985,70.1226
Andorra,AND,1985,78.006
Albania,ALB,1985,71.2816
Anguilla,AIA,1985,70.4311
Angola,AGO,1985,42.495
Afghanistan,AFG,1985,32.1316
Aruba,ABW,1985,71.7918
Zimbabwe,ZWE,1986,60.9824
Zambia,ZMB,1986,51.1489
South Africa,ZAF,1986,62.4212
Yemen,YEM,1986,54.0021
Samoa,WSM,1986,66.8186
Wallis and Futuna,WLF,1986,65.0418
Vanuatu,VUT,1986,64.6178
Vietnam,VNM,1986,67.5502
United States Virgin Islands,VIR,1986,69.9651
British Virgin Islands,VGB,1986,71.2524
Venezuela,VEN,1986,70.5285
Saint Vincent and the Grenadines,VCT,1986,70.1044
Vatican,VAT,1986,75.749
Uzbekistan,UZB,1986,65.0271
United States,USA,1986,74.7284
Uruguay,URY,1986,72.1868
Ukraine,UKR,1986,70.8327
Uganda,UGA,1986,45.6515
Tanzania,TZA,1986,52.2074
Taiwan,TWN,1986,73.3182
Tuvalu,TUV,1986,61.2072
Turkey,TUR,1986,65.8699
Tunisia,TUN,1986,67.4289
Trinidad and Tobago,TTO,1986,66.9028
Tonga,TON,1986,67.0577
East Timor,TLS,1986,34.7636
Turkmenistan,TKM,1986,63.2118
Tokelau,TKL,1986,67.7333
Tajikistan,TJK,1986,61.8304
Thailand,THA,1986,67.3084
Togo,TGO,1986,54.6137
Chad,TCD,1986,45.598
Turks and Caicos Islands,TCA,1986,68.9897
Syria,SYR,1986,68.4155
Seychelles,SYC,1986,69.7665
Sint Maarten (Dutch part),SXM,1986,72.4359
Eswatini,SWZ,1986,61.5978
Sweden,SWE,1986,76.9546
Slovenia,SVN,1986,72.0879
Slovakia,SVK,1986,70.8861
Suriname,SUR,1986,61.1589
Sao Tome and Principe,STP,1986,57.6047
South Sudan,SSD,1986,32.8159
Serbia,SRB,1986,71.6423
Saint Pierre and Miquelon,SPM,1986,72.1273
Somalia,SOM,1986,48.4315
San Marino,SMR,1986,77.3769
El Salvador,SLV,1986,59.3292
Sierra Leone,SLE,1986,43.5025
Solomon Islands,SLB,1986,64.7182
Saint Helena,SHN,1986,70.8949
Singapore,SGP,1986,73.5641
Senegal,SEN,1986,53.7181
Sudan,SDN,1986,54.5578
Saudi Arabia,SAU,1986,66.6478
Rwanda,RWA,1986,51.7059
Russia,RUS,1986,70.024
Romania,ROU,1986,69.7178
Reunion,REU,1986,73.0093
Qatar,QAT,1986,72.1844
French Polynesia,PYF,1986,71.9674
Palestine,PSE,1986,65.7367
Paraguay,PRY,1986,66.1725
Portugal,PRT,1986,73.6474
North Korea,PRK,1986,69.5413
Puerto Rico,PRI,1986,73.2715
Poland,POL,1986,70.5536
Papua New Guinea,PNG,1986,59.0174
Palau,PLW,1986,62.7518
Philippines,PHL,1986,62.8746
Peru,PER,1986,62.1542
Panama,PAN,1986,70.6686
Pakistan,PAK,1986,59.1666
World,OWID_WRL,1986,62.7297
Kosovo,OWID_KOS,1986,62.5373
Oman,OMN,1986,66.168
New Zealand,NZL,1986,74.1192
Nauru,NRU,1986,58.5911
Nepal,NPL,1986,51.594
Norway,NOR,1986,76.2533
Netherlands,NLD,1986,76.3549
Niue,NIU,1986,67.9386
Nicaragua,NIC,1986,57.5581
Nigeria,NGA,1986,45.9527
Niger,NER,1986,40.2511
New Caledonia,NCL,1986,68.2385
Namibia,NAM,1986,58.7248
Mayotte,MYT,1986,72.2774
Malaysia,MYS,1986,70.1328
Malawi,MWI,1986,44.2977
Mauritius,MUS,1986,68.8882
Martinique,MTQ,1986,74.4755
Montserrat,MSR,1986,70.3171
Mauritania,MRT,1986,56.3232
Mozambique,MOZ,1986,40.9508
Northern Mariana Islands,MNP,1986,69.3568
Mongolia,MNG,1986,56.7632
Montenegro,MNE,1986,72.7793
Myanmar,MMR,1986,56.0835
Malta,MLT,1986,74.4818
Mali,MLI,1986,44.6197
North Macedonia,MKD,1986,70.2932
Marshall Islands,MHL,1986,61.7779
Mexico,MEX,1986,67.3767
Maldives,MDV,1986,59.9927
Madagascar,MDG,1986,50.6515
Moldova,MDA,1986,67.3948
Monaco,MCO,1986,78.3999
Morocco,MAR,1986,59.9514
Saint Martin (French part),MAF,1986,73.2015
Macao,MAC,1986,74.9816
Latvia,LVA,1986,70.9628
Luxembourg,LUX,1986,74.0853
Lithuania,LTU,1986,72.3885
Lesotho,LSO,1986,59.3459
Sri Lanka,LKA,1986,68.9617
Liechtenstein,LIE,1986,77.2302
Saint Lucia,LCA,1986,70.229
Libya,LBY,1986,67.8057
Liberia,LBR,1986,44.4939
Lebanon,LBN,1986,62.0105
Laos,LAO,1986,52.1436
Kuwait,KWT,1986,73.7797
South Korea,KOR,1986,69.0349
Saint Kitts and Nevis,KNA,1986,65.5543
Kiribati,KIR,1986,59.118
Cambodia,KHM,1986,51.5552
Kyrgyzstan,KGZ,1986,64.7281
Kenya,KEN,1986,60.8182
Kazakhstan,KAZ,1986,65.7885
Japan,JPN,1986,78.2119
Jordan,JOR,1986,68.9615
Jersey,JEY,1986,75.0057
Jamaica,JAM,1986,70.4461
Italy,ITA,1986,75.9188
Israel,ISR,1986,75.9098
Iceland,ISL,1986,77.8702
Iraq,IRQ,1986,60.0314
Iran,IRN,1986,62.1363
Ireland,IRL,1986,73.6108
India,IND,1986,56.8193
Isle of Man,IMN,1986,70.3404
Indonesia,IDN,1986,61.7355
Hungary,HUN,1986,69.1132
Haiti,HTI,1986,51.8739
Croatia,HRV,1986,71.7882
Honduras,HND,1986,63.6509
Hong Kong,HKG,1986,76.6914
Guyana,GUY,1986,61.5214
Guam,GUM,1986,73.3244
French Guiana,GUF,1986,69.7173
Guatemala,GTM,1986,60.3412
Greenland,GRL,1986,62.8715
Grenada,GRD,1986,69.5741
Greece,GRC,1986,76.5361
Equatorial Guinea,GNQ,1986,50.8484
Guinea-Bissau,GNB,1986,45.523
Gambia,GMB,1986,48.798
Guadeloupe,GLP,1986,72.6307
Guinea,GIN,1986,45.7195
Gibraltar,GIB,1986,75.5571
Ghana,GHA,1986,53.2758
Guernsey,GGY,1986,76.0268
Georgia,GEO,1986,69.2247
United Kingdom,GBR,1986,74.7948
Gabon,GAB,1986,59.9564
Micronesia (country),FSM,1986,63.1508
Faroe Islands,FRO,1986,76.1619
France,FRA,1986,75.5776
Falkland Islands,FLK,1986,51.1537
Fiji,FJI,1986,63.9614
Finland,FIN,1986,74.7664
Ethiopia,ETH,1986,38.3711
Estonia,EST,1986,70.9067
Spain,ESP,1986,76.7034
Western Sahara,ESH,1986,48.5378
Eritrea,ERI,1986,39.5411
Egypt,EGY,1986,60.0849
Ecuador,ECU,1986,66.1225
Algeria,DZA,1986,65.2728
Dominican Republic,DOM,1986,66.0594
Denmark,DNK,1986,74.6392
Dominica,DMA,1986,71.6705
Djibouti,DJI,1986,54.4937
Germany,DEU,1986,74.6953
Czechia,CZE,1986,71.053
Cyprus,CYP,1986,74.9298
Cayman Islands,CYM,1986,71.8688
Curacao,CUW,1986,71.9957
Cuba,CUB,1986,73.5578
Costa Rica,CRI,1986,74.9488
Cape Verde,CPV,1986,62.5839
Comoros,COM,1986,53.7556
Colombia,COL,1986,68.3034
Cook Islands,COK,1986,67.0043
Congo,COG,1986,57.6328
Democratic Republic of Congo,COD,1986,47.0156
Cameroon,CMR,1986,53.5719
Cote d'Ivoire,CIV,1986,53.0093
China,CHN,1986,66.8873
Chile,CHL,1986,72.0606
Switzerland,CHE,1986,77.0403
Canada,CAN,1986,76.4911
Central African Republic,CAF,1986,50.4446
Botswana,BWA,1986,63.3627
Bhutan,BTN,1986,52.8263
Brunei,BRN,1986,70.7619
Barbados,BRB,1986,73.4165
Brazil,BRA,1986,64.3887
Bolivia,BOL,1986,54.2467
Bermuda,BMU,1986,73.3678
Belize,BLZ,1986,68.7426
Belarus,BLR,1986,71.6715
Saint Barthelemy,BLM,1986,74.342
Bosnia and Herzegovina,BIH,1986,70.7506
Bahamas,BHS,1986,70.3156
Bahrain,BHR,1986,72.2574
Bulgaria,BGR,1986,71.5502
Bangladesh,BGD,1986,54.5915
Burkina Faso,BFA,1986,48.987
Bonaire Sint Eustatius and Saba,BES,1986,74.3625
Benin,BEN,1986,50.6318
Belgium,BEL,1986,74.6685
Burundi,BDI,1986,47.4021
Azerbaijan,AZE,1986,62.6027
Austria,AUT,1986,74.4574
Australia,AUS,1986,76.0716
Antigua and Barbuda,ATG,1986,73.8927
American Samoa,ASM,1986,70.7037
Armenia,ARM,1986,67.3942
Argentina,ARG,1986,70.2812
United Arab Emirates,ARE,1986,70.4105
Andorra,AND,1986,78.1066
Albania,ALB,1986,71.6651
Anguilla,AIA,1986,70.7542
Angola,AGO,1986,42.7391
Afghanistan,AFG,1986,38.4001
Aruba,ABW,1986,71.8306
Zimbabwe,ZWE,1987,60.7239
Zambia,ZMB,1987,50.4211
South Africa,ZAF,1987,62.6941
Yemen,YEM,1987,56.8282
Samoa,WSM,1987,67.047
Wallis and Futuna,WLF,1987,66.4764
Vanuatu,VUT,1987,64.4392
Vietnam,VNM,1987,68.005
United States Virgin Islands,VIR,1987,70.1944
British Virgin Islands,VGB,1987,71.4921
Venezuela,VEN,1987,70.6727
Saint Vincent and the Grenadines,VCT,1987,70.4276
Vatican,VAT,1987,76.1969
Uzbekistan,UZB,1987,65.4858
United States,USA,1987,74.8599
Uruguay,URY,1987,72.1961
Ukraine,UKR,1987,71.1792
Uganda,UGA,1987,47.3604
Tanzania,TZA,1987,52.1824
Taiwan,TWN,1987,73.613
Tuvalu,TUV,1987,61.2863
Turkey,TUR,1987,66.3785
Tunisia,TUN,1987,68.0106
Trinidad and Tobago,TTO,1987,67.1345
Tonga,TON,1987,67.1889
East Timor,TLS,1987,35.9743
Turkmenistan,TKM,1987,63.5314
Tokelau,TKL,1987,68.1392
Tajikistan,TJK,1987,61.5824
Thailand,THA,1987,67.8333
Togo,TGO,1987,54.8205
Chad,TCD,1987,43.071
Turks and Caicos Islands,TCA,1987,69.3
Syria,SYR,1987,68.7974
Seychelles,SYC,1987,69.8872
Sint Maarten (Dutch part),SXM,1987,72.4352
Eswatini,SWZ,1987,61.8987
Sweden,SWE,1987,77.1087
Slovenia,SVN,1987,72.4437
Slovakia,SVK,1987,71.0679
Suriname,SUR,1987,61.3143
Sao Tome and Principe,STP,1987,60.663
South Sudan,SSD,1987,20.7211
Serbia,SRB,1987,71.8508
Saint Pierre and Miquelon,SPM,1987,72.4539
Somalia,SOM,1987,49.0015
San Marino,SMR,1987,77.4528
El Salvador,SLV,1987,59.4024
Sierra Leone,SLE,1987,43.7482
Solomon Islands,SLB,1987,65.6832
Saint Helena,SHN,1987,71.0106
Singapore,SGP,1987,74.0353
Senegal,SEN,1987,54.6317
Sudan,SDN,1987,54.747
Saudi Arabia,SAU,1987,67.2419
Rwanda,RWA,1987,51.4655
Russia,RUS,1987,70.0616
Romania,ROU,1987,69.0527
Reunion,REU,1987,73.2526
Qatar,QAT,1987,72.5201
French Polynesia,PYF,1987,72.4485
Palestine,PSE,1987,66.2931
Paraguay,PRY,1987,66.4545
Portugal,PRT,1987,74.0634
North Korea,PRK,1987,69.7674
Puerto Rico,PRI,1987,73.4021
Poland,POL,1987,70.7694
Papua New Guinea,PNG,1987,59.2319
Palau,PLW,1987,62.7709
Philippines,PHL,1987,63.2987
Peru,PER,1987,62.5443
Panama,PAN,1987,70.8113
Pakistan,PAK,1987,59.222
World,OWID_WRL,1987,63.1809
Kosovo,OWID_KOS,1987,63.5679
Oman,OMN,1987,66.9792
New Zealand,NZL,1987,74.2074
Nauru,NRU,1987,58.625
Nepal,NPL,1987,52.3819
Norway,NOR,1987,76.102
Netherlands,NLD,1987,76.8133
Niue,NIU,1987,67.7827
Nicaragua,NIC,1987,57.3291
Nigeria,NGA,1987,45.8901
Niger,NER,1987,40.4678
New Caledonia,NCL,1987,68.5974
Namibia,NAM,1987,59.1229
Mayotte,MYT,1987,72.6287
Malaysia,MYS,1987,70.3514
Malawi,MWI,1987,43.9024
Mauritius,MUS,1987,69.185
Martinique,MTQ,1987,74.8997
Montserrat,MSR,1987,70.454
Mauritania,MRT,1987,56.9641
Mozambique,MOZ,1987,41.0025
Northern Mariana Islands,MNP,1987,69.4795
Mongolia,MNG,1987,57.1194
Montenegro,MNE,1987,73.1791
Myanmar,MMR,1987,56.3534
Malta,MLT,1987,75.3019
Mali,MLI,1987,45.2276
North Macedonia,MKD,1987,70.4194
Marshall Islands,MHL,1987,61.8084
Mexico,MEX,1987,67.9037
Maldives,MDV,1987,60.7895
Madagascar,MDG,1987,51.0984
Moldova,MDA,1987,67.9223
Monaco,MCO,1987,79.2571
Morocco,MAR,1987,60.6199
Saint Martin (French part),MAF,1987,73.5185
Macao,MAC,1987,75.165
Latvia,LVA,1987,71.0125
Luxembourg,LUX,1987,73.867
Lithuania,LTU,1987,72.2283
Lesotho,LSO,1987,59.5574
Sri Lanka,LKA,1987,69.0086
Liechtenstein,LIE,1987,77.753
Saint Lucia,LCA,1987,69.6711
Libya,LBY,1987,68.2579
Liberia,LBR,1987,44.2673
Lebanon,LBN,1987,62.5395
Laos,LAO,1987,52.5967
Kuwait,KWT,1987,74.2196
South Korea,KOR,1987,69.315
Saint Kitts and Nevis,KNA,1987,65.5161
Kiribati,KIR,1987,59.5756
Cambodia,KHM,1987,53.6738
Kyrgyzstan,KGZ,1987,65.445
Kenya,KEN,1987,60.721
Kazakhstan,KAZ,1987,65.9965
Japan,JPN,1987,78.6307
Jordan,JOR,1987,69.2968
Jersey,JEY,1987,75.2533
Jamaica,JAM,1987,70.8697
Italy,ITA,1987,76.3436
Israel,ISR,1987,76.3764
Iceland,ISL,1987,77.0507
Iraq,IRQ,1987,60.2587
Iran,IRN,1987,62.6848
Ireland,IRL,1987,74.4069
India,IND,1987,57.2908
Isle of Man,IMN,1987,70.685
Indonesia,IDN,1987,62.0868
Hungary,HUN,1987,69.564
Haiti,HTI,1987,52.2452
Croatia,HRV,1987,71.9377
Honduras,HND,1987,64.0659
Hong Kong,HKG,1987,77.0571
Guyana,GUY,1987,61.6983
Guam,GUM,1987,73.4675
French Guiana,GUF,1987,70.0449
Guatemala,GTM,1987,60.9913
Greenland,GRL,1987,62.9136
Grenada,GRD,1987,69.8084
Greece,GRC,1987,76.1047
Equatorial Guinea,GNQ,1987,50.9904
Guinea-Bissau,GNB,1987,45.8441
Gambia,GMB,1987,49.3917
Guadeloupe,GLP,1987,72.958
Guinea,GIN,1987,46.1073
Gibraltar,GIB,1987,75.8713
Ghana,GHA,1987,53.8179
Guernsey,GGY,1987,76.4275
Georgia,GEO,1987,69.2189
United Kingdom,GBR,1987,75.147
Gabon,GAB,1987,60.1995
Micronesia (country),FSM,1987,63.2057
Faroe Islands,FRO,1987,76.3056
France,FRA,1987,76.1465
Falkland Islands,FLK,1987,51.337
Fiji,FJI,1987,64.2778
Finland,FIN,1987,74.7988
Ethiopia,ETH,1987,45.8925
Estonia,EST,1987,70.9219
Spain,ESP,1987,76.9564
Western Sahara,ESH,1987,48.8471
Eritrea,ERI,1987,47.3634
Egypt,EGY,1987,60.7358
Ecuador,ECU,1987,66.5868
Algeria,DZA,1987,66.13
Dominican Republic,DOM,1987,66.4897
Denmark,DNK,1987,74.7445
Dominica,DMA,1987,71.3682
Djibouti,DJI,1987,54.832
Germany,DEU,1987,75.1073
Czechia,CZE,1987,71.51
Cyprus,CYP,1987,75.2645
Cayman Islands,CYM,1987,72.13
Curacao,CUW,1987,72.1389
Cuba,CUB,1987,73.5956
Costa Rica,CRI,1987,75.2236
Cape Verde,CPV,1987,62.9099
Comoros,COM,1987,54.1339
Colombia,COL,1987,68.1659
Cook Islands,COK,1987,66.4578
Congo,COG,1987,57.5904
Democratic Republic of Congo,COD,1987,47.3623
Cameroon,CMR,1987,54.1875
Cote d'Ivoire,CIV,1987,53.1184
China,CHN,1987,67.263
Chile,CHL,1987,72.4662
Switzerland,CHE,1987,77.3317
Canada,CAN,1987,76.7975
Central African Republic,CAF,1987,50.3715
Botswana,BWA,1987,62.837
Bhutan,BTN,1987,53.6201
Brunei,BRN,1987,70.9824
Barbados,BRB,1987,73.4625
Brazil,BRA,1987,64.7849
Bolivia,BOL,1987,54.9012
Bermuda,BMU,1987,73.4538
Belize,BLZ,1987,69.1076
Belarus,BLR,1987,71.9488
Saint Barthelemy,BLM,1987,74.6669
Bosnia and Herzegovina,BIH,1987,70.8756
Bahamas,BHS,1987,70.3829
Bahrain,BHR,1987,72.3774
Bulgaria,BGR,1987,71.3442
Bangladesh,BGD,1987,54.8992
Burkina Faso,BFA,1987,49.0968
Bonaire Sint Eustatius and Saba,BES,1987,74.0005
Benin,BEN,1987,51.2576
Belgium,BEL,1987,75.2903
Burundi,BDI,1987,47.0665
Azerbaijan,AZE,1987,62.8241
Austria,AUT,1987,74.9001
Australia,AUS,1987,76.083
Antigua and Barbuda,ATG,1987,73.8734
American Samoa,ASM,1987,70.828
Armenia,ARM,1987,67.5713
Argentina,ARG,1987,70.6989
United Arab Emirates,ARE,1987,70.6226
Andorra,AND,1987,78.1885
Albania,ALB,1987,71.9814
Anguilla,AIA,1987,71.0717
Angola,AGO,1987,40.7857
Afghanistan,AFG,1987,38.8312
Aruba,ABW,1987,72.4476
Zimbabwe,ZWE,1988,60.2414
Zambia,ZMB,1988,49.6737
South Africa,ZAF,1988,62.9022
Yemen,YEM,1988,57.4304
Samoa,WSM,1988,67.3281
Wallis and Futuna,WLF,1988,67.7829
Vanuatu,VUT,1988,65.6987
Vietnam,VNM,1988,68.5848
United States Virgin Islands,VIR,1988,70.3999
British Virgin Islands,VGB,1988,71.7629
Venezuela,VEN,1988,70.7619
Saint Vincent and the Grenadines,VCT,1988,70.6074
Vatican,VAT,1988,76.3708
Uzbekistan,UZB,1988,65.7568
United States,USA,1988,74.8333
Uruguay,URY,1988,72.4079
Ukraine,UKR,1988,71.0399
Uganda,UGA,1988,47.476
Tanzania,TZA,1988,52.2245
Taiwan,TWN,1988,73.4014
Tuvalu,TUV,1988,61.3666
Turkey,TUR,1988,66.902
Tunisia,TUN,1988,68.4559
Trinidad and Tobago,TTO,1988,67.3786
Tonga,TON,1988,67.3208
East Timor,TLS,1988,36.0471
Turkmenistan,TKM,1988,63.6987
Tokelau,TKL,1988,68.5343
Tajikistan,TJK,1988,61.8388
Thailand,THA,1988,68.1937
Togo,TGO,1988,54.901
Chad,TCD,1988,46.3521
Turks and Caicos Islands,TCA,1988,69.6194
Syria,SYR,1988,69.1717
Seychelles,SYC,1988,69.9897
Sint Maarten (Dutch part),SXM,1988,72.4563
Eswatini,SWZ,1988,61.9342
Sweden,SWE,1988,76.9978
Slovenia,SVN,1988,72.7634
Slovakia,SVK,1988,71.1261
Suriname,SUR,1988,61.4774
Sao Tome and Principe,STP,1988,60.8083
South Sudan,SSD,1988,10.9891
Serbia,SRB,1988,72.0392
Saint Pierre and Miquelon,SPM,1988,72.7492
Somalia,SOM,1988,43.9326
San Marino,SMR,1988,77.5444
El Salvador,SLV,1988,59.9769
Sierra Leone,SLE,1988,43.7652
Solomon Islands,SLB,1988,65.866
Saint Helena,SHN,1988,71.184
Singapore,SGP,1988,74.0494
Senegal,SEN,1988,55.5462
Sudan,SDN,1988,54.9845
Saudi Arabia,SAU,1988,67.8137
Rwanda,RWA,1988,50.9137
Russia,RUS,1988,69.8627
Romania,ROU,1988,69.3887
Reunion,REU,1988,73.6227
Qatar,QAT,1988,72.8356
French Polynesia,PYF,1988,73.0882
Palestine,PSE,1988,66.7061
Paraguay,PRY,1988,66.7095
Portugal,PRT,1988,74.0861
North Korea,PRK,1988,70.0518
Puerto Rico,PRI,1988,73.1528
Poland,POL,1988,70.8229
Papua New Guinea,PNG,1988,59.3806
Palau,PLW,1988,62.7789
Philippines,PHL,1988,63.7108
Peru,PER,1988,62.9946
Panama,PAN,1988,70.945
Pakistan,PAK,1988,59.3598
World,OWID_WRL,1988,63.3672
Kosovo,OWID_KOS,1988,64.2142
Oman,OMN,1988,67.7177
New Zealand,NZL,1988,74.4784
Nauru,NRU,1988,58.7252
Nepal,NPL,1988,53.1092
Norway,NOR,1988,76.2709
Netherlands,NLD,1988,77.0001
Niue,NIU,1988,67.6097
Nicaragua,NIC,1988,59.8332
Nigeria,NGA,1988,45.8343
Niger,NER,1988,40.7909
New Caledonia,NCL,1988,68.9204
Namibia,NAM,1988,59.033
Mayotte,MYT,1988,72.9893
Malaysia,MYS,1988,70.5507
Malawi,MWI,1988,43.5694
Mauritius,MUS,1988,69.4411
Martinique,MTQ,1988,75.3082
Montserrat,MSR,1988,70.6068
Mauritania,MRT,1988,57.4826
Mozambique,MOZ,1988,43.6905
Northern Mariana Islands,MNP,1988,69.6144
Mongolia,MNG,1988,57.5082
Montenegro,MNE,1988,73.4096
Myanmar,MMR,1988,56.5699
Malta,MLT,1988,75.8669
Mali,MLI,1988,45.7198
North Macedonia,MKD,1988,70.4712
Marshall Islands,MHL,1988,61.7781
Mexico,MEX,1988,68.2994
Maldives,MDV,1988,61.5899
Madagascar,MDG,1988,51.4246
Moldova,MDA,1988,68.1909
Monaco,MCO,1988,79.4083
Morocco,MAR,1988,61.2312
Saint Martin (French part),MAF,1988,73.8577
Macao,MAC,1988,75.5439
Latvia,LVA,1988,70.9144
Luxembourg,LUX,1988,74.2769
Lithuania,LTU,1988,72.0291
Lesotho,LSO,1988,59.5723
Sri Lanka,LKA,1988,68.9952
Liechtenstein,LIE,1988,77.9933
Saint Lucia,LCA,1988,69.7361
Libya,LBY,1988,68.6083
Liberia,LBR,1988,44.0652
Lebanon,LBN,1988,62.9203
Laos,LAO,1988,53.0768
Kuwait,KWT,1988,74.6426
South Korea,KOR,1988,70.1603
Saint Kitts and Nevis,KNA,1988,65.4509
Kiribati,KIR,1988,60.0547
Cambodia,KHM,1988,54.4333
Kyrgyzstan,KGZ,1988,65.291
Kenya,KEN,1988,60.3198
Kazakhstan,KAZ,1988,66.0322
Japan,JPN,1988,78.5454
Jordan,JOR,1988,69.6053
Jersey,JEY,1988,75.5633
Jamaica,JAM,1988,71.1609
Italy,ITA,1988,76.5324
Israel,ISR,1988,76.891
Iceland,ISL,1988,76.8934
Iraq,IRQ,1988,56.6922
Iran,IRN,1988,63.2552
Ireland,IRL,1988,74.4252
India,IND,1988,57.7443
Isle of Man,IMN,1988,71.0572
Indonesia,IDN,1988,62.3861
Hungary,HUN,1988,69.9424
Haiti,HTI,1988,52.5537
Croatia,HRV,1988,72.1502
Honduras,HND,1988,64.3928
Hong Kong,HKG,1988,77.0901
Guyana,GUY,1988,61.8493
Guam,GUM,1988,73.4292
French Guiana,GUF,1988,70.3586
Guatemala,GTM,1988,61.5379
Greenland,GRL,1988,62.9852
Grenada,GRD,1988,70.0449
Greece,GRC,1988,77.0015
Equatorial Guinea,GNQ,1988,51.1837
Guinea-Bissau,GNB,1988,46.2791
Gambia,GMB,1988,50.1461
Guadeloupe,GLP,1988,73.2828
Guinea,GIN,1988,46.478
Gibraltar,GIB,1988,76.1795
Ghana,GHA,1988,54.3957
Guernsey,GGY,1988,76.6987
Georgia,GEO,1988,68.8245
United Kingdom,GBR,1988,75.2593
Gabon,GAB,1988,60.3978
Micronesia (country),FSM,1988,63.4607
Faroe Islands,FRO,1988,76.4861
France,FRA,1988,76.398
Falkland Islands,FLK,1988,51.6967
Fiji,FJI,1988,64.9506
Finland,FIN,1988,74.7646
Ethiopia,ETH,1988,45.6822
Estonia,EST,1988,70.9712
Spain,ESP,1988,76.9491
Western Sahara,ESH,1988,52.0909
Eritrea,ERI,1988,48.0942
Egypt,EGY,1988,61.3581
Ecuador,ECU,1988,67.0383
Algeria,DZA,1988,66.9097
Dominican Republic,DOM,1988,66.9144
Denmark,DNK,1988,74.8395
Dominica,DMA,1988,70.9743
Djibouti,DJI,1988,55.1326
Germany,DEU,1988,75.2806
Czechia,CZE,1988,71.714
Cyprus,CYP,1988,75.3903
Cayman Islands,CYM,1988,72.3513
Curacao,CUW,1988,72.2303
Cuba,CUB,1988,73.7243
Costa Rica,CRI,1988,75.5459
Cape Verde,CPV,1988,63.2419
Comoros,COM,1988,54.6778
Colombia,COL,1988,68.3012
Cook Islands,COK,1988,67.3625
Congo,COG,1988,57.4935
Democratic Republic of Congo,COD,1988,47.755
Cameroon,CMR,1988,54.3594
Cote d'Ivoire,CIV,1988,53.0616
China,CHN,1988,67.6071
Chile,CHL,1988,72.7881
Switzerland,CHE,1988,77.3646
Canada,CAN,1988,76.8618
Central African Republic,CAF,1988,50.2429
Botswana,BWA,1988,61.6957
Bhutan,BTN,1988,54.3848
Brunei,BRN,1988,71.1834
Barbados,BRB,1988,73.4306
Brazil,BRA,1988,65.1613
Bolivia,BOL,1988,55.5046
Bermuda,BMU,1988,73.5551
Belize,BLZ,1988,69.4015
Belarus,BLR,1988,71.7496
Saint Barthelemy,BLM,1988,75.011
Bosnia and Herzegovina,BIH,1988,70.9702
Bahamas,BHS,1988,70.5079
Bahrain,BHR,1988,72.4605
Bulgaria,BGR,1988,71.4156
Bangladesh,BGD,1988,55.1744
Burkina Faso,BFA,1988,49.2152
Bonaire Sint Eustatius and Saba,BES,1988,74.1135
Benin,BEN,1988,52.0188
Belgium,BEL,1988,75.5907
Burundi,BDI,1988,42.8894
Azerbaijan,AZE,1988,62.672
Austria,AUT,1988,75.3743
Australia,AUS,1988,76.3443
Antigua and Barbuda,ATG,1988,73.8107
American Samoa,ASM,1988,70.8826
Armenia,ARM,1988,52.7089
Argentina,ARG,1988,71.0973
United Arab Emirates,ARE,1988,70.8081
Andorra,AND,1988,78.3641
Albania,ALB,1988,72.2167
Anguilla,AIA,1988,71.3964
Angola,AGO,1988,41.4711
Afghanistan,AFG,1988,43.2381
Aruba,ABW,1988,72.5187
Zimbabwe,ZWE,1989,59.4458
Zambia,ZMB,1989,48.8817
South Africa,ZAF,1989,63.0168
Yemen,YEM,1989,58.025
Samoa,WSM,1989,67.6071
Wallis and Futuna,WLF,1989,68.944
Vanuatu,VUT,1989,66.0234
Vietnam,VNM,1989,68.8051
United States Virgin Islands,VIR,1989,70.53
British Virgin Islands,VGB,1989,72.0379
Venezuela,VEN,1989,70.8051
Saint Vincent and the Grenadines,VCT,1989,70.6472
Vatican,VAT,1989,76.7935
Uzbekistan,UZB,1989,65.8435
United States,USA,1989,75.1091
Uruguay,URY,1989,72.6281
Ukraine,UKR,1989,70.8389
Uganda,UGA,1989,47.4882
Tanzania,TZA,1989,52.09
Taiwan,TWN,1989,73.6725
Tuvalu,TUV,1989,61.506
Turkey,TUR,1989,67.3649
Tunisia,TUN,1989,68.8253
Trinidad and Tobago,TTO,1989,67.5178
Tonga,TON,1989,67.4451
East Timor,TLS,1989,44.7954
Turkmenistan,TKM,1989,63.7815
Tokelau,TKL,1989,68.9534
Tajikistan,TJK,1989,61.7356
Thailand,THA,1989,68.5574
Togo,TGO,1989,54.7324
Chad,TCD,1989,46.4337
Turks and Caicos Islands,TCA,1989,69.9163
Syria,SYR,1989,69.4855
Seychelles,SYC,1989,70.0725
Sint Maarten (Dutch part),SXM,1989,72.4411
Eswatini,SWZ,1989,61.6692
Sweden,SWE,1989,77.654
Slovenia,SVN,1989,73.2901
Slovakia,SVK,1989,70.9375
Suriname,SUR,1989,61.9816
Sao Tome and Principe,STP,1989,59.7315
South Sudan,SSD,1989,28.2167
Serbia,SRB,1989,72.3396
Saint Pierre and Miquelon,SPM,1989,72.9685
Somalia,SOM,1989,46.6485
San Marino,SMR,1989,77.6471
El Salvador,SLV,1989,61.2536
Sierra Leone,SLE,1989,43.7413
Solomon Islands,SLB,1989,66.0511
Saint Helena,SHN,1989,71.3392
Singapore,SGP,1989,74.3325
Senegal,SEN,1989,56.2093
Sudan,SDN,1989,54.8826
Saudi Arabia,SAU,1989,68.3595
Rwanda,RWA,1989,49.4846
Russia,RUS,1989,69.6868
Romania,ROU,1989,69.5461
Reunion,REU,1989,73.8573
Qatar,QAT,1989,73.1313
French Polynesia,PYF,1989,73.4944
Palestine,PSE,1989,67.1412
Paraguay,PRY,1989,66.9222
Portugal,PRT,1989,74.6653
North Korea,PRK,1989,70.2694
Puerto Rico,PRI,1989,72.4793
Poland,POL,1989,70.8161
Papua New Guinea,PNG,1989,59.5977
Palau,PLW,1989,62.7767
Philippines,PHL,1989,64.1054
Peru,PER,1989,63.4049
Panama,PAN,1989,70.137
Pakistan,PAK,1989,59.5283
World,OWID_WRL,1989,63.7817
Kosovo,OWID_KOS,1989,65.2342
Oman,OMN,1989,68.3927
New Zealand,NZL,1989,74.8878
Nauru,NRU,1989,58.8996
Nepal,NPL,1989,54.0132
Norway,NOR,1989,76.5435
Netherlands,NLD,1989,76.8363
Niue,NIU,1989,67.3171
Nicaragua,NIC,1989,61.884
Nigeria,NGA,1989,45.8304
Niger,NER,1989,41.1878
New Caledonia,NCL,1989,69.2205
Namibia,NAM,1989,60.773
Mayotte,MYT,1989,73.306
Malaysia,MYS,1989,70.7589
Malawi,MWI,1989,43.5152
Mauritius,MUS,1989,69.535
Martinique,MTQ,1989,75.7805
Montserrat,MSR,1989,68.2617
Mauritania,MRT,1989,57.6994
Mozambique,MOZ,1989,43.8893
Northern Mariana Islands,MNP,1989,69.7842
Mongolia,MNG,1989,58.1296
Montenegro,MNE,1989,73.8142
Myanmar,MMR,1989,56.8887
Malta,MLT,1989,76.168
Mali,MLI,1989,46.2369
North Macedonia,MKD,1989,71.1183
Marshall Islands,MHL,1989,61.7327
Mexico,MEX,1989,68.6209
Maldives,MDV,1989,62.3753
Madagascar,MDG,1989,51.8158
Moldova,MDA,1989,68.1733
Monaco,MCO,1989,79.4156
Morocco,MAR,1989,61.8236
Saint Martin (French part),MAF,1989,74.2049
Macao,MAC,1989,76.2247
Latvia,LVA,1989,70.4035
Luxembourg,LUX,1989,74.2857
Lithuania,LTU,1989,71.6371
Lesotho,LSO,1989,59.5045
Sri Lanka,LKA,1989,67.2839
Liechtenstein,LIE,1989,78.2839
Saint Lucia,LCA,1989,70.028
Libya,LBY,1989,68.9786
Liberia,LBR,1989,43.8633
Lebanon,LBN,1989,65.1135
Laos,LAO,1989,53.5885
Kuwait,KWT,1989,75.0266
South Korea,KOR,1989,70.684
Saint Kitts and Nevis,KNA,1989,65.4496
Kiribati,KIR,1989,60.5386
Cambodia,KHM,1989,54.7681
Kyrgyzstan,KGZ,1989,65.1749
Kenya,KEN,1989,59.9896
Kazakhstan,KAZ,1989,65.9152
Japan,JPN,1989,78.9799
Jordan,JOR,1989,69.8645
Jersey,JEY,1989,75.8026
Jamaica,JAM,1989,71.5119
Italy,ITA,1989,76.9269
Israel,ISR,1989,77.6378
Iceland,ISL,1989,77.9323
Iraq,IRQ,1989,57.501
Iran,IRN,1989,65.3138
Ireland,IRL,1989,74.4512
India,IND,1989,58.1959
Isle of Man,IMN,1989,71.4058
Indonesia,IDN,1989,62.8827
Hungary,HUN,1989,69.3945
Haiti,HTI,1989,52.8802
Croatia,HRV,1989,72.4968
Honduras,HND,1989,64.7816
Hong Kong,HKG,1989,77.2288
Guyana,GUY,1989,62.0537
Guam,GUM,1989,73.5031
French Guiana,GUF,1989,70.6336
Guatemala,GTM,1989,61.7454
Greenland,GRL,1989,63.094
Grenada,GRD,1989,70.2889
Greece,GRC,1989,77.1329
Equatorial Guinea,GNQ,1989,51.292
Guinea-Bissau,GNB,1989,46.6142
Gambia,GMB,1989,50.7249
Guadeloupe,GLP,1989,73.6005
Guinea,GIN,1989,46.8596
Gibraltar,GIB,1989,76.4744
Ghana,GHA,1989,54.9364
Guernsey,GGY,1989,77.6011
Georgia,GEO,1989,68.6351
United Kingdom,GBR,1989,75.3971
Gabon,GAB,1989,60.5844
Micronesia (country),FSM,1989,63.6165
Faroe Islands,FRO,1989,76.7012
France,FRA,1989,76.5432
Falkland Islands,FLK,1989,52.3585
Fiji,FJI,1989,65.3856
Finland,FIN,1989,74.9686
Ethiopia,ETH,1989,45.6436
Estonia,EST,1989,70.498
Spain,ESP,1989,76.998
Western Sahara,ESH,1989,51.4454
Eritrea,ERI,1989,47.8024
Egypt,EGY,1989,61.9485
Ecuador,ECU,1989,67.8172
Algeria,DZA,1989,67.4609
Dominican Republic,DOM,1989,67.3312
Denmark,DNK,1989,74.8597
Dominica,DMA,1989,70.6629
Djibouti,DJI,1989,55.3686
Germany,DEU,1989,75.467
Czechia,CZE,1989,71.7544
Cyprus,CYP,1989,75.8415
Cayman Islands,CYM,1989,72.5452
Curacao,CUW,1989,72.1513
Cuba,CUB,1989,73.6899
Costa Rica,CRI,1989,75.8502
Cape Verde,CPV,1989,63.5656
Comoros,COM,1989,54.9831
Colombia,COL,1989,68.6156
Cook Islands,COK,1989,67.5095
Congo,COG,1989,57.2925
Democratic Republic of Congo,COD,1989,48.1494
Cameroon,CMR,1989,54.3892
Cote d'Ivoire,CIV,1989,52.9552
China,CHN,1989,67.9303
Chile,CHL,1989,73.1876
Switzerland,CHE,1989,77.5573
Canada,CAN,1989,77.1239
Central African Republic,CAF,1989,50.0744
Botswana,BWA,1989,61.1887
Bhutan,BTN,1989,55.12
Brunei,BRN,1989,71.4083
Barbados,BRB,1989,73.3746
Brazil,BRA,1989,65.5141
Bolivia,BOL,1989,56.1463
Bermuda,BMU,1989,73.7326
Belize,BLZ,1989,69.5342
Belarus,BLR,1989,71.5034
Saint Barthelemy,BLM,1989,75.3428
Bosnia and Herzegovina,BIH,1989,71.4447
Bahamas,BHS,1989,70.7188
Bahrain,BHR,1989,72.5238
Bulgaria,BGR,1989,71.4801
Bangladesh,BGD,1989,55.5135
Burkina Faso,BFA,1989,49.2704
Bonaire Sint Eustatius and Saba,BES,1989,74.5527
Benin,BEN,1989,52.4504
Belgium,BEL,1989,75.6465
Burundi,BDI,1989,45.7452
Azerbaijan,AZE,1989,62.9447
Austria,AUT,1989,75.4635
Australia,AUS,1989,76.1973
Antigua and Barbuda,ATG,1989,73.6281
American Samoa,ASM,1989,70.929
Armenia,ARM,1989,67.7222
Argentina,ARG,1989,71.5019
United Arab Emirates,ARE,1989,70.9602
Andorra,AND,1989,78.5571
Albania,ALB,1989,72.4573
Anguilla,AIA,1989,71.7765
Angola,AGO,1989,41.6977
Afghanistan,AFG,1989,44.4961
Aruba,ABW,1989,72.5308
Zimbabwe,ZWE,1990,58.3191
Zambia,ZMB,1990,48.204
South Africa,ZAF,1990,62.9422
Yemen,YEM,1990,58.5282
Samoa,WSM,1990,67.8075
Wallis and Futuna,WLF,1990,69.9192
Vanuatu,VUT,1990,66.6837
Vietnam,VNM,1990,69.0268
United States Virgin Islands,VIR,1990,70.6806
British Virgin Islands,VGB,1990,72.392
Venezuela,VEN,1990,70.9641
Saint Vincent and the Grenadines,VCT,1990,70.6468
Vatican,VAT,1990,76.9016
Uzbekistan,UZB,1990,65.7717
United States,USA,1990,75.3743
Uruguay,URY,1990,72.9937
Ukraine,UKR,1990,70.3538
Uganda,UGA,1990,47.5612
Tanzania,TZA,1990,51.9849
Taiwan,TWN,1990,73.9362
Tuvalu,TUV,1990,61.6431
Turkey,TUR,1990,67.8348
Tunisia,TUN,1990,69.0919
Trinidad and Tobago,TTO,1990,67.5905
Tonga,TON,1990,67.5392
East Timor,TLS,1990,45.1849
Turkmenistan,TKM,1990,63.8665
Tokelau,TKL,1990,69.3765
Tajikistan,TJK,1990,61.6358
Thailand,THA,1990,68.9244
Togo,TGO,1990,54.557
Chad,TCD,1990,45.0738
Turks and Caicos Islands,TCA,1990,70.2177
Syria,SYR,1990,69.8298
Seychelles,SYC,1990,70.1698
Sint Maarten (Dutch part),SXM,1990,72.4137
Eswatini,SWZ,1990,61.1675
Sweden,SWE,1990,77.5886
Slovenia,SVN,1990,73.4654
Slovakia,SVK,1990,70.819
Suriname,SUR,1990,62.0878
Sao Tome and Principe,STP,1990,60.7072
South Sudan,SSD,1990,28.6275
Serbia,SRB,1990,72.2251
Saint Pierre and Miquelon,SPM,1990,73.1602
Somalia,SOM,1990,46.896
San Marino,SMR,1990,77.7826
El Salvador,SLV,1990,61.981
Sierra Leone,SLE,1990,43.7204
Solomon Islands,SLB,1990,66.1942
Saint Helena,SHN,1990,71.5431
Singapore,SGP,1990,74.5982
Senegal,SEN,1990,56.6739
Sudan,SDN,1990,55.4969
Saudi Arabia,SAU,1990,68.8744
Rwanda,RWA,1990,47.7629
Russia,RUS,1990,69.2794
Romania,ROU,1990,69.8412
Reunion,REU,1990,74.1895
Qatar,QAT,1990,73.4048
French Polynesia,PYF,1990,73.9083
Palestine,PSE,1990,67.8035
Paraguay,PRY,1990,67.3405
Portugal,PRT,1990,74.3043
North Korea,PRK,1990,70.4835
Puerto Rico,PRI,1990,72.8274
Poland,POL,1990,70.606
Papua New Guinea,PNG,1990,59.778
Palau,PLW,1990,62.7904
Philippines,PHL,1990,64.3825
Peru,PER,1990,63.9791
Panama,PAN,1990,71.2655
Pakistan,PAK,1990,59.7282
World,OWID_WRL,1990,63.955
Kosovo,OWID_KOS,1990,66.5083
Oman,OMN,1990,69.012
New Zealand,NZL,1990,75.4252
Nauru,NRU,1990,59.1018
Nepal,NPL,1990,54.7708
Norway,NOR,1990,76.5864
Netherlands,NLD,1990,77.0122
Niue,NIU,1990,67.0624
Nicaragua,NIC,1990,62.4729
Nigeria,NGA,1990,45.7327
Niger,NER,1990,41.7324
New Caledonia,NCL,1990,69.5259
Namibia,NAM,1990,61.3586
Mayotte,MYT,1990,73.6112
Malaysia,MYS,1990,70.9516
Malawi,MWI,1990,43.5748
Mauritius,MUS,1990,69.7706
Martinique,MTQ,1990,75.8572
Montserrat,MSR,1990,70.9395
Mauritania,MRT,1990,58.0869
Mozambique,MOZ,1990,44.3369
Northern Mariana Islands,MNP,1990,70.0379
Mongolia,MNG,1990,58.8174
Montenegro,MNE,1990,73.8768
Myanmar,MMR,1990,57.1587
Malta,MLT,1990,76.1597
Mali,MLI,1990,46.5415
North Macedonia,MKD,1990,71.3392
Marshall Islands,MHL,1990,61.7558
Mexico,MEX,1990,69.0342
Maldives,MDV,1990,63.1478
Madagascar,MDG,1990,52.1403
Moldova,MDA,1990,67.9203
Monaco,MCO,1990,79.4356
Morocco,MAR,1990,62.3958
Saint Martin (French part),MAF,1990,74.5646
Macao,MAC,1990,76.5717
Latvia,LVA,1990,69.4572
Luxembourg,LUX,1990,74.9674
Lithuania,LTU,1990,71.3694
Lesotho,LSO,1990,59.3171
Sri Lanka,LKA,1990,69.2389
Liechtenstein,LIE,1990,78.5098
Saint Lucia,LCA,1990,70.0082
Libya,LBY,1990,69.3118
Liberia,LBR,1990,37.6435
Lebanon,LBN,1990,65.479
Laos,LAO,1990,54.035
Kuwait,KWT,1990,72.854
South Korea,KOR,1990,70.9936
Saint Kitts and Nevis,KNA,1990,65.6415
Kiribati,KIR,1990,61.0184
Cambodia,KHM,1990,55.205
Kyrgyzstan,KGZ,1990,64.8247
Kenya,KEN,1990,58.3336
Kazakhstan,KAZ,1990,65.7012
Japan,JPN,1990,78.9928
Jordan,JOR,1990,70.0935
Jersey,JEY,1990,76.0873
Jamaica,JAM,1990,71.7047
Italy,ITA,1990,76.9936
Israel,ISR,1990,78.0385
Iceland,ISL,1990,77.7406
Iraq,IRQ,1990,57.5872
Iran,IRN,1990,64.0656
Ireland,IRL,1990,74.8375
India,IND,1990,58.6184
Isle of Man,IMN,1990,71.8002
Indonesia,IDN,1990,63.2486
Hungary,HUN,1990,69.3718
Haiti,HTI,1990,53.2154
Croatia,HRV,1990,72.2429
Honduras,HND,1990,65.1825
Hong Kong,HKG,1990,77.4481
Guyana,GUY,1990,62.2538
Guam,GUM,1990,73.4554
French Guiana,GUF,1990,70.8509
Guatemala,GTM,1990,61.7673
Greenland,GRL,1990,63.2397
Grenada,GRD,1990,70.5464
Greece,GRC,1990,77.2986
Equatorial Guinea,GNQ,1990,51.3965
Guinea-Bissau,GNB,1990,46.8904
Gambia,GMB,1990,51.2782
Guadeloupe,GLP,1990,73.9321
Guinea,GIN,1990,47.2518
Gibraltar,GIB,1990,76.8143
Ghana,GHA,1990,55.3949
Guernsey,GGY,1990,76.6357
Georgia,GEO,1990,68.6787
United Kingdom,GBR,1990,75.7377
Gabon,GAB,1990,60.7355
Micronesia (country),FSM,1990,63.7217
Faroe Islands,FRO,1990,76.8938
France,FRA,1990,76.8351
Falkland Islands,FLK,1990,53.336
Fiji,FJI,1990,65.056
Finland,FIN,1990,74.9892
Ethiopia,ETH,1990,45.1166
Estonia,EST,1990,69.9173
Spain,ESP,1990,77.0004
Western Sahara,ESH,1990,57.661
Eritrea,ERI,1990,49.7327
Egypt,EGY,1990,62.5132
Ecuador,ECU,1990,68.445
Algeria,DZA,1990,67.6584
Dominican Republic,DOM,1990,67.7459
Denmark,DNK,1990,74.8655
Dominica,DMA,1990,70.4712
Djibouti,DJI,1990,55.4689
Germany,DEU,1990,75.3414
Czechia,CZE,1990,71.4086
Cyprus,CYP,1990,76.0442
Cayman Islands,CYM,1990,72.7439
Curacao,CUW,1990,72.4386
Cuba,CUB,1990,73.8228
Costa Rica,CRI,1990,76.0936
Cape Verde,CPV,1990,63.8691
Comoros,COM,1990,55.6196
Colombia,COL,1990,68.7008
Cook Islands,COK,1990,66.4915
Congo,COG,1990,57.0703
Democratic Republic of Congo,COD,1990,48.5381
Cameroon,CMR,1990,54.3484
Cote d'Ivoire,CIV,1990,52.7959
China,CHN,1990,68.1547
Chile,CHL,1990,73.6752
Switzerland,CHE,1990,77.3851
Canada,CAN,1990,77.4333
Central African Republic,CAF,1990,49.8543
Botswana,BWA,1990,60.104
Bhutan,BTN,1990,55.811
Brunei,BRN,1990,71.6293
Barbados,BRB,1990,73.4625
Brazil,BRA,1990,65.8624
Bolivia,BOL,1990,56.7967
Bermuda,BMU,1990,73.9523
Belize,BLZ,1990,69.5692
Belarus,BLR,1990,71.1446
Saint Barthelemy,BLM,1990,75.7064
Bosnia and Herzegovina,BIH,1990,71.5093
Bahamas,BHS,1990,70.9449
Bahrain,BHR,1990,72.5867
Bulgaria,BGR,1990,71.3213
Bangladesh,BGD,1990,55.8219
Burkina Faso,BFA,1990,49.3145
Bonaire Sint Eustatius and Saba,BES,1990,74.2827
Benin,BEN,1990,53.0205
Belgium,BEL,1990,76.0586
Burundi,BDI,1990,45.184
Azerbaijan,AZE,1990,62.7504
Austria,AUT,1990,75.7385
Australia,AUS,1990,77.0414
Antigua and Barbuda,ATG,1990,73.6024
American Samoa,ASM,1990,71.1074
Armenia,ARM,1990,67.7332
Argentina,ARG,1990,71.6145
United Arab Emirates,ARE,1990,71.0737
Andorra,AND,1990,78.9608
Albania,ALB,1990,72.7096
Anguilla,AIA,1990,72.0868
Angola,AGO,1990,41.8542
Afghanistan,AFG,1990,45.1183
Aruba,ABW,1990,72.546
Zimbabwe,ZWE,1991,57.0371
Zambia,ZMB,1991,47.4431
South Africa,ZAF,1991,62.9827
Yemen,YEM,1991,58.8053
Samoa,WSM,1991,68.0386
Wallis and Futuna,WLF,1991,70.5849
Vanuatu,VUT,1991,67.114
Vietnam,VNM,1991,69.3035
United States Virgin Islands,VIR,1991,70.8089
British Virgin Islands,VGB,1991,72.7502
Venezuela,VEN,1991,71.1719
Saint Vincent and the Grenadines,VCT,1991,70.6402
Vatican,VAT,1991,76.9221
Uzbekistan,UZB,1991,65.5288
United States,USA,1991,75.5243
Uruguay,URY,1991,73.1982
Ukraine,UKR,1991,69.6881
Uganda,UGA,1991,47.549
Tanzania,TZA,1991,51.8373
Taiwan,TWN,1991,74.287
Tuvalu,TUV,1991,61.8086
Turkey,TUR,1991,68.2867
Tunisia,TUN,1991,69.3985
Trinidad and Tobago,TTO,1991,67.7817
Tonga,TON,1991,67.7487
East Timor,TLS,1991,45.0763
Turkmenistan,TKM,1991,63.8424
Tokelau,TKL,1991,69.7972
Tajikistan,TJK,1991,61.6795
Thailand,THA,1991,69.1322
Togo,TGO,1991,54.2551
Chad,TCD,1991,46.5959
Turks and Caicos Islands,TCA,1991,70.5396
Syria,SYR,1991,70.0752
Seychelles,SYC,1991,70.2629
Sint Maarten (Dutch part),SXM,1991,72.384
Eswatini,SWZ,1991,60.3924
Sweden,SWE,1991,77.7285
Slovenia,SVN,1991,73.4746
Slovakia,SVK,1991,70.9212
Suriname,SUR,1991,62.1512
Sao Tome and Principe,STP,1991,60.7921
South Sudan,SSD,1991,29.1851
Serbia,SRB,1991,71.9376
Saint Pierre and Miquelon,SPM,1991,73.3449
Somalia,SOM,1991,25.4184
San Marino,SMR,1991,77.9435
El Salvador,SLV,1991,62.5423
Sierra Leone,SLE,1991,43.287
Solomon Islands,SLB,1991,66.3573
Saint Helena,SHN,1991,71.6346
Singapore,SGP,1991,75.0582
Senegal,SEN,1991,57.0369
Sudan,SDN,1991,55.553
Saudi Arabia,SAU,1991,69.3409
Rwanda,RWA,1991,46.2429
Russia,RUS,1991,68.997
Romania,ROU,1991,70.0455
Reunion,REU,1991,74.4728
Qatar,QAT,1991,73.6537
French Polynesia,PYF,1991,74.295
Palestine,PSE,1991,68.2219
Paraguay,PRY,1991,67.6758
Portugal,PRT,1991,74.2406
North Korea,PRK,1991,70.7174
Puerto Rico,PRI,1991,73.8766
Poland,POL,1991,70.653
Papua New Guinea,PNG,1991,59.94
Palau,PLW,1991,62.8486
Philippines,PHL,1991,64.6224
Peru,PER,1991,64.248
Panama,PAN,1991,71.331
Pakistan,PAK,1991,59.8638
World,OWID_WRL,1991,64.0642
Kosovo,OWID_KOS,1991,66.4562
Oman,OMN,1991,69.5837
New Zealand,NZL,1991,76.0789
Nauru,NRU,1991,59.3124
Nepal,NPL,1991,55.6499
Norway,NOR,1991,77.0382
Netherlands,NLD,1991,77.1617
Niue,NIU,1991,66.8168
Nicaragua,NIC,1991,63.3096
Nigeria,NGA,1991,45.4832
Niger,NER,1991,42.2892
New Caledonia,NCL,1991,69.8205
Namibia,NAM,1991,60.8326
Mayotte,MYT,1991,73.9556
Malaysia,MYS,1991,71.2192
Malawi,MWI,1991,43.5397
Mauritius,MUS,1991,70.0506
Martinique,MTQ,1991,76.4347
Montserrat,MSR,1991,71.1414
Mauritania,MRT,1991,58.2907
Mozambique,MOZ,1991,44.7046
Northern Mariana Islands,MNP,1991,70.3623
Mongolia,MNG,1991,59.8178
Montenegro,MNE,1991,73.9509
Myanmar,MMR,1991,57.3955
Malta,MLT,1991,76.4884
Mali,MLI,1991,46.8892
North Macedonia,MKD,1991,71.7519
Marshall Islands,MHL,1991,61.792
Mexico,MEX,1991,69.3683
Maldives,MDV,1991,63.9106
Madagascar,MDG,1991,52.555
Moldova,MDA,1991,67.5537
Monaco,MCO,1991,79.7494
Morocco,MAR,1991,62.9186
Saint Martin (French part),MAF,1991,74.9252
Macao,MAC,1991,76.6378
Latvia,LVA,1991,69.1819
Luxembourg,LUX,1991,74.9643
Lithuania,LTU,1991,70.5095
Lesotho,LSO,1991,59.0607
Sri Lanka,LKA,1991,69.131
Liechtenstein,LIE,1991,78.6597
Saint Lucia,LCA,1991,70.3089
Libya,LBY,1991,69.6353
Liberia,LBR,1991,43.5745
Lebanon,LBN,1991,70.8648
Laos,LAO,1991,54.7
Kuwait,KWT,1991,73.31
South Korea,KOR,1991,71.4024
Saint Kitts and Nevis,KNA,1991,65.9578
Kiribati,KIR,1991,61.5021
Cambodia,KHM,1991,55.582
Kyrgyzstan,KGZ,1991,64.9404
Kenya,KEN,1991,57.8258
Kazakhstan,KAZ,1991,65.3788
Japan,JPN,1991,79.262
Jordan,JOR,1991,70.2398
Jersey,JEY,1991,76.3152
Jamaica,JAM,1991,71.7867
Italy,ITA,1991,76.9898
Israel,ISR,1991,77.5834
Iceland,ISL,1991,77.7575
Iraq,IRQ,1991,61.3381
Iran,IRN,1991,66.2325
Ireland,IRL,1991,75.0268
India,IND,1991,59.0324
Isle of Man,IMN,1991,72.1827
Indonesia,IDN,1991,63.7031
Hungary,HUN,1991,69.4409
Haiti,HTI,1991,53.5241
Croatia,HRV,1991,70.5745
Honduras,HND,1991,65.5842
Hong Kong,HKG,1991,77.6926
Guyana,GUY,1991,62.4632
Guam,GUM,1991,73.5181
French Guiana,GUF,1991,71.0416
Guatemala,GTM,1991,61.9256
Greenland,GRL,1991,63.5142
Grenada,GRD,1991,70.8233
Greece,GRC,1991,77.386
Equatorial Guinea,GNQ,1991,51.4971
Guinea-Bissau,GNB,1991,47.2012
Gambia,GMB,1991,51.8574
Guadeloupe,GLP,1991,74.2668
Guinea,GIN,1991,47.7813
Gibraltar,GIB,1991,77.1177
Ghana,GHA,1991,55.722
Guernsey,GGY,1991,76.7928
Georgia,GEO,1991,68.2022
United Kingdom,GBR,1991,75.9108
Gabon,GAB,1991,60.8908
Micronesia (country),FSM,1991,63.8813
Faroe Islands,FRO,1991,77.0876
France,FRA,1991,77.0162
Falkland Islands,FLK,1991,54.6171
Fiji,FJI,1991,65.4568
Finland,FIN,1991,75.4069
Ethiopia,ETH,1991,46.6565
Estonia,EST,1991,69.7947
Spain,ESP,1991,77.1285
Western Sahara,ESH,1991,58.1912
Eritrea,ERI,1991,50.5159
Egypt,EGY,1991,63.0594
Ecuador,ECU,1991,69.0402
Algeria,DZA,1991,67.6919
Dominican Republic,DOM,1991,68.1543
Denmark,DNK,1991,75.2271
Dominica,DMA,1991,70.3977
Djibouti,DJI,1991,55.1935
Germany,DEU,1991,75.5597
Czechia,CZE,1991,71.9699
Cyprus,CYP,1991,76.2464
Cayman Islands,CYM,1991,72.9112
Curacao,CUW,1991,72.5356
Cuba,CUB,1991,73.7566
Costa Rica,CRI,1991,76.2375
Cape Verde,CPV,1991,64.066
Comoros,COM,1991,56.1042
Colombia,COL,1991,68.7719
Cook Islands,COK,1991,67.7135
Congo,COG,1991,56.7645
Democratic Republic of Congo,COD,1991,48.9442
Cameroon,CMR,1991,54.1677
Cote d'Ivoire,CIV,1991,52.6211
China,CHN,1991,68.6099
Chile,CHL,1991,74.0824
Switzerland,CHE,1991,77.6485
Canada,CAN,1991,77.5939
Central African Republic,CAF,1991,49.5748
Botswana,BWA,1991,58.9109
Bhutan,BTN,1991,56.4509
Brunei,BRN,1991,71.8583
Barbados,BRB,1991,73.5431
Brazil,BRA,1991,66.203
Bolivia,BOL,1991,57.4388
Bermuda,BMU,1991,74.2043
Belize,BLZ,1991,69.645
Belarus,BLR,1991,70.7224
Saint Barthelemy,BLM,1991,76.1721
Bosnia and Herzegovina,BIH,1991,71.8134
Bahamas,BHS,1991,71.1826
Bahrain,BHR,1991,72.6682
Bulgaria,BGR,1991,71.1938
Bangladesh,BGD,1991,53.7809
Burkina Faso,BFA,1991,49.3296
Bonaire Sint Eustatius and Saba,BES,1991,73.9856
Benin,BEN,1991,53.441
Belgium,BEL,1991,76.1992
Burundi,BDI,1991,44.66
Azerbaijan,AZE,1991,62.5436
Austria,AUT,1991,75.7921
Australia,AUS,1991,77.4806
Antigua and Barbuda,ATG,1991,73.4716
American Samoa,ASM,1991,71.312
Armenia,ARM,1991,67.8008
Argentina,ARG,1991,72.0204
United Arab Emirates,ARE,1991,71.1441
Andorra,AND,1991,79.3458
Albania,ALB,1991,73.0011
Anguilla,AIA,1991,72.4463
Angola,AGO,1991,43.8116
Afghanistan,AFG,1991,45.5207
Aruba,ABW,1991,72.5921
Zimbabwe,ZWE,1992,55.6021
Zambia,ZMB,1992,46.9679
South Africa,ZAF,1992,62.839
Yemen,YEM,1992,59.2596
Samoa,WSM,1992,68.5319
Wallis and Futuna,WLF,1992,71.1318
Vanuatu,VUT,1992,67.4327
Vietnam,VNM,1992,69.6197
United States Virgin Islands,VIR,1992,70.9693
British Virgin Islands,VGB,1992,73.109
Venezuela,VEN,1992,71.1766
Saint Vincent and the Grenadines,VCT,1992,70.7448
Vatican,VAT,1992,77.316
Uzbekistan,UZB,1992,65.2362
United States,USA,1992,75.779
Uruguay,URY,1992,73.1853
Ukraine,UKR,1992,68.9471
Uganda,UGA,1992,47.6706
Tanzania,TZA,1992,51.4317
Taiwan,TWN,1992,74.3047
Tuvalu,TUV,1992,60.2896
Turkey,TUR,1992,68.6031
Tunisia,TUN,1992,69.6836
Trinidad and Tobago,TTO,1992,67.7798
Tonga,TON,1992,67.9269
East Timor,TLS,1992,46.1901
Turkmenistan,TKM,1992,63.7528
Tokelau,TKL,1992,70.2148
Tajikistan,TJK,1992,57.0846
Thailand,THA,1992,69.353
Togo,TGO,1992,54.0767
Chad,TCD,1992,46.7769
Turks and Caicos Islands,TCA,1992,70.887
Syria,SYR,1992,70.2428
Seychelles,SYC,1992,70.3457
Sint Maarten (Dutch part),SXM,1992,72.4022
Eswatini,SWZ,1992,59.2838
Sweden,SWE,1992,78.0712
Slovenia,SVN,1992,73.4192
Slovakia,SVK,1992,71.3652
Suriname,SUR,1992,62.2456
Sao Tome and Principe,STP,1992,60.706
South Sudan,SSD,1992,21.9378
Serbia,SRB,1992,71.6279
Saint Pierre and Miquelon,SPM,1992,73.4045
Somalia,SOM,1992,25.0342
San Marino,SMR,1992,78.1335
El Salvador,SLV,1992,62.9439
Sierra Leone,SLE,1992,43.451
Solomon Islands,SLB,1992,66.4709
Saint Helena,SHN,1992,72.116
Singapore,SGP,1992,75.3265
Senegal,SEN,1992,57.2872
Sudan,SDN,1992,55.952
Saudi Arabia,SAU,1992,69.7995
Rwanda,RWA,1992,44.3972
Russia,RUS,1992,67.8426
Romania,ROU,1992,69.5063
Reunion,REU,1992,74.7866
Qatar,QAT,1992,73.8757
French Polynesia,PYF,1992,74.7459
Palestine,PSE,1992,68.4782
Paraguay,PRY,1992,67.9609
Portugal,PRT,1992,74.8705
North Korea,PRK,1992,71.0092
Puerto Rico,PRI,1992,73.3872
Poland,POL,1992,70.8996
Papua New Guinea,PNG,1992,60.2603
Palau,PLW,1992,62.9256
Philippines,PHL,1992,65.353
Peru,PER,1992,65.0311
Panama,PAN,1992,71.4613
Pakistan,PAK,1992,59.9826
World,OWID_WRL,1992,64.2879
Kosovo,OWID_KOS,1992,67.3807
Oman,OMN,1992,70.1139
New Zealand,NZL,1992,76.1907
Nauru,NRU,1992,59.5184
Nepal,NPL,1992,56.6864
Norway,NOR,1992,77.2461
Netherlands,NLD,1992,77.3648
Niue,NIU,1992,66.543
Nicaragua,NIC,1992,63.6717
Nigeria,NGA,1992,45.5874
Niger,NER,1992,43.0644
New Caledonia,NCL,1992,70.1431
Namibia,NAM,1992,60.1601
Mayotte,MYT,1992,74.2506
Malaysia,MYS,1992,71.4832
Malawi,MWI,1992,43.6363
Mauritius,MUS,1992,70.2128
Martinique,MTQ,1992,76.6254
Montserrat,MSR,1992,71.3995
Mauritania,MRT,1992,58.5683
Mozambique,MOZ,1992,45.0953
Northern Mariana Islands,MNP,1992,70.7618
Mongolia,MNG,1992,60.4404
Montenegro,MNE,1992,73.7998
Myanmar,MMR,1992,57.681
Malta,MLT,1992,76.68
Mali,MLI,1992,47.2381
North Macedonia,MKD,1992,71.3018
Marshall Islands,MHL,1992,61.8996
Mexico,MEX,1992,69.6633
Maldives,MDV,1992,64.6643
Madagascar,MDG,1992,52.9464
Moldova,MDA,1992,66.7485
Monaco,MCO,1992,80.0654
Morocco,MAR,1992,63.3883
Saint Martin (French part),MAF,1992,75.1502
Macao,MAC,1992,77.0697
Latvia,LVA,1992,68.4514
Luxembourg,LUX,1992,74.7464
Lithuania,LTU,1992,70.3368
Lesotho,LSO,1992,58.6382
Sri Lanka,LKA,1992,69.6191
Liechtenstein,LIE,1992,78.654
Saint Lucia,LCA,1992,70.7339
Libya,LBY,1992,69.9735
Liberia,LBR,1992,43.5661
Lebanon,LBN,1992,71.1693
Laos,LAO,1992,55.0976
Kuwait,KWT,1992,75.7351
South Korea,KOR,1992,72.1755
Saint Kitts and Nevis,KNA,1992,66.3393
Kiribati,KIR,1992,61.9682
Cambodia,KHM,1992,55.7473
Kyrgyzstan,KGZ,1992,64.4265
Kenya,KEN,1992,57.095
Kazakhstan,KAZ,1992,64.9779
Japan,JPN,1992,79.303
Jordan,JOR,1992,70.3998
Jersey,JEY,1992,76.5593
Jamaica,JAM,1992,71.8163
Italy,ITA,1992,77.3647
Israel,ISR,1992,77.2727
Iceland,ISL,1992,78.5865
Iraq,IRQ,1992,65.3436
Iran,IRN,1992,66.6528
Ireland,IRL,1992,75.4231
India,IND,1992,59.445
Isle of Man,IMN,1992,72.5439
Indonesia,IDN,1992,64.1821
Hungary,HUN,1992,69.1672
Haiti,HTI,1992,54.0414
Croatia,HRV,1992,71.7206
Honduras,HND,1992,65.9078
Hong Kong,HKG,1992,77.9881
Guyana,GUY,1992,62.816
Guam,GUM,1992,73.6322
French Guiana,GUF,1992,71.2419
Guatemala,GTM,1992,61.9922
Greenland,GRL,1992,63.7924
Grenada,GRD,1992,71.1249
Greece,GRC,1992,77.3061
Equatorial Guinea,GNQ,1992,51.5792
Guinea-Bissau,GNB,1992,47.5184
Gambia,GMB,1992,52.4771
Guadeloupe,GLP,1992,74.6192
Guinea,GIN,1992,48.2662
Gibraltar,GIB,1992,77.412
Ghana,GHA,1992,56.0554
Guernsey,GGY,1992,77.8223
Georgia,GEO,1992,67.7801
United Kingdom,GBR,1992,76.3074
Gabon,GAB,1992,61.0134
Micronesia (country),FSM,1992,63.9961
Faroe Islands,FRO,1992,77.2675
France,FRA,1992,77.2973
Falkland Islands,FLK,1992,56.2832
Fiji,FJI,1992,65.4074
Finland,FIN,1992,75.6469
Ethiopia,ETH,1992,47.2788
Estonia,EST,1992,69.1592
Spain,ESP,1992,77.5888
Western Sahara,ESH,1992,58.7132
Eritrea,ERI,1992,52.4358
Egypt,EGY,1992,63.5852
Ecuador,ECU,1992,69.4678
Algeria,DZA,1992,67.7245
Dominican Republic,DOM,1992,68.5251
Denmark,DNK,1992,75.2686
Dominica,DMA,1992,70.4726
Djibouti,DJI,1992,54.3753
Germany,DEU,1992,76.0035
Czechia,CZE,1992,72.3298
Cyprus,CYP,1992,76.2908
Cayman Islands,CYM,1992,73.0882
Curacao,CUW,1992,72.65
Cuba,CUB,1992,73.8464
Costa Rica,CRI,1992,76.3849
Cape Verde,CPV,1992,64.2529
Comoros,COM,1992,56.5762
Colombia,COL,1992,68.7643
Cook Islands,COK,1992,67.8393
Congo,COG,1992,56.4826
Democratic Republic of Congo,COD,1992,49.3232
Cameroon,CMR,1992,54.0527
Cote d'Ivoire,CIV,1992,52.4291
China,CHN,1992,69.0587
Chile,CHL,1992,74.3673
Switzerland,CHE,1992,77.9441
Canada,CAN,1992,77.8525
Central African Republic,CAF,1992,49.2128
Botswana,BWA,1992,58.1903
Bhutan,BTN,1992,57.208
Brunei,BRN,1992,72.0903
Barbados,BRB,1992,73.6101
Brazil,BRA,1992,66.5393
Bolivia,BOL,1992,57.9227
Bermuda,BMU,1992,74.446
Belize,BLZ,1992,69.6012
Belarus,BLR,1992,70.119
Saint Barthelemy,BLM,1992,76.6235
Bosnia and Herzegovina,BIH,1992,51.9671
Bahamas,BHS,1992,71.2981
Bahrain,BHR,1992,72.7846
Bulgaria,BGR,1992,71.178
Bangladesh,BGD,1992,56.5915
Burkina Faso,BFA,1992,49.378
Bonaire Sint Eustatius and Saba,BES,1992,73.3925
Benin,BEN,1992,54.1366
Belgium,BEL,1992,76.3582
Burundi,BDI,1992,44.469
Azerbaijan,AZE,1992,60.7729
Austria,AUT,1992,75.992
Australia,AUS,1992,77.4731
Antigua and Barbuda,ATG,1992,73.3864
American Samoa,ASM,1992,71.5106
Armenia,ARM,1992,67.8819
Argentina,ARG,1992,72.0958
United Arab Emirates,ARE,1992,71.1664
Andorra,AND,1992,79.7941
Albania,ALB,1992,73.303
Anguilla,AIA,1992,72.7807
Angola,AGO,1992,42.2673
Afghanistan,AFG,1992,46.5691
Aruba,ABW,1992,72.7174
Zimbabwe,ZWE,1993,53.9764
Zambia,ZMB,1993,46.6781
South Africa,ZAF,1993,62.6183
Yemen,YEM,1993,59.6551
Samoa,WSM,1993,68.8182
Wallis and Futuna,WLF,1993,70.5926
Vanuatu,VUT,1993,67.7241
Vietnam,VNM,1993,69.9569
United States Virgin Islands,VIR,1993,71.0895
British Virgin Islands,VGB,1993,73.4314
Venezuela,VEN,1993,71.3849
Saint Vincent and the Grenadines,VCT,1993,70.621
Vatican,VAT,1993,77.0195
Uzbekistan,UZB,1993,64.9239
United States,USA,1993,75.5677
Uruguay,URY,1993,73.1466
Ukraine,UKR,1993,68.2873
Uganda,UGA,1993,47.6808
Tanzania,TZA,1993,51.2153
Taiwan,TWN,1993,74.5644
Tuvalu,TUV,1993,62.1097
Turkey,TUR,1993,69.0178
Tunisia,TUN,1993,69.9921
Trinidad and Tobago,TTO,1993,67.8246
Tonga,TON,1993,68.1572
East Timor,TLS,1993,47.0075
Turkmenistan,TKM,1993,63.5855
Tokelau,TKL,1993,70.5855
Tajikistan,TJK,1993,55.5119
Thailand,THA,1993,69.5677
Togo,TGO,1993,53.8516
Chad,TCD,1993,47.0023
Turks and Caicos Islands,TCA,1993,71.1937
Syria,SYR,1993,70.3087
Seychelles,SYC,1993,70.4148
Sint Maarten (Dutch part),SXM,1993,72.462
Eswatini,SWZ,1993,58.0917
Sweden,SWE,1993,78.1356
Slovenia,SVN,1993,73.584
Slovakia,SVK,1993,71.8803
Suriname,SUR,1993,62.3817
Sao Tome and Principe,STP,1993,60.6179
South Sudan,SSD,1993,22.2634
Serbia,SRB,1993,71.8756
Saint Pierre and Miquelon,SPM,1993,73.5239
Somalia,SOM,1993,50.5506
San Marino,SMR,1993,78.3731
El Salvador,SLV,1993,63.9976
Sierra Leone,SLE,1993,43.4277
Solomon Islands,SLB,1993,66.5577
Saint Helena,SHN,1993,72.2511
Singapore,SGP,1993,75.5328
Senegal,SEN,1993,57.3483
Sudan,SDN,1993,56.102
Saudi Arabia,SAU,1993,70.2076
Rwanda,RWA,1993,42.9371
Russia,RUS,1993,65.0389
Romania,ROU,1993,69.512
Reunion,REU,1993,75.0373
Qatar,QAT,1993,74.0708
French Polynesia,PYF,1993,75.1912
Palestine,PSE,1993,68.759
Paraguay,PRY,1993,68.2336
Portugal,PRT,1993,74.7615
North Korea,PRK,1993,70.7937
Puerto Rico,PRI,1993,73.309
Poland,POL,1993,71.3445
Papua New Guinea,PNG,1993,60.4658
Palau,PLW,1993,62.9796
Philippines,PHL,1993,65.6614
Peru,PER,1993,65.7319
Panama,PAN,1993,71.8046
Pakistan,PAK,1993,60.0829
World,OWID_WRL,1993,64.4334
Kosovo,OWID_KOS,1993,67.9451
Oman,OMN,1993,70.6076
New Zealand,NZL,1993,76.4987
Nauru,NRU,1993,59.7613
Nepal,NPL,1993,57.5974
Norway,NOR,1993,77.2207
Netherlands,NLD,1993,77.0408
Niue,NIU,1993,66.4086
Nicaragua,NIC,1993,64.0928
Nigeria,NGA,1993,45.7826
Niger,NER,1993,43.8382
New Caledonia,NCL,1993,70.5038
Namibia,NAM,1993,59.2604
Mayotte,MYT,1993,74.5428
Malaysia,MYS,1993,71.7209
Malawi,MWI,1993,43.6485
Mauritius,MUS,1993,70.3647
Martinique,MTQ,1993,76.8155
Montserrat,MSR,1993,71.6541
Mauritania,MRT,1993,58.7327
Mozambique,MOZ,1993,45.6746
Northern Mariana Islands,MNP,1993,71.1556
Mongolia,MNG,1993,60.8286
Montenegro,MNE,1993,73.8689
Myanmar,MMR,1993,58.0324
Malta,MLT,1993,76.8337
Mali,MLI,1993,47.5855
North Macedonia,MKD,1993,71.7311
Marshall Islands,MHL,1993,62.085
Mexico,MEX,1993,69.9607
Maldives,MDV,1993,65.4343
Madagascar,MDG,1993,53.7325
Moldova,MDA,1993,66.66
Monaco,MCO,1993,80.3646
Morocco,MAR,1993,63.8679
Saint Martin (French part),MAF,1993,75.3488
Macao,MAC,1993,77.4706
Latvia,LVA,1993,66.6288
Luxembourg,LUX,1993,75.4257
Lithuania,LTU,1993,68.9336
Lesotho,LSO,1993,58.0604
Sri Lanka,LKA,1993,70.0485
Liechtenstein,LIE,1993,78.4518
Saint Lucia,LCA,1993,71.0499
Libya,LBY,1993,70.2474
Liberia,LBR,1993,43.0215
Lebanon,LBN,1993,71.5588
Laos,LAO,1993,55.5833
Kuwait,KWT,1993,75.7718
South Korea,KOR,1993,72.7453
Saint Kitts and Nevis,KNA,1993,66.7081
Kiribati,KIR,1993,62.406
Cambodia,KHM,1993,56.0364
Kyrgyzstan,KGZ,1993,63.6459
Kenya,KEN,1993,56.6681
Kazakhstan,KAZ,1993,64.5377
Japan,JPN,1993,79.4461
Jordan,JOR,1993,70.5678
Jersey,JEY,1993,76.766
Jamaica,JAM,1993,71.7577
Italy,ITA,1993,77.6529
Israel,ISR,1993,77.8618
Iceland,ISL,1993,78.8093
Iraq,IRQ,1993,65.3097
Iran,IRN,1993,67.0373
Ireland,IRL,1993,75.289
India,IND,1993,59.823
Isle of Man,IMN,1993,72.8223
Indonesia,IDN,1993,64.8509
Hungary,HUN,1993,69.1803
Haiti,HTI,1993,54.4779
Croatia,HRV,1993,72.3053
Honduras,HND,1993,66.0744
Hong Kong,HKG,1993,78.3271
Guyana,GUY,1993,63.0161
Guam,GUM,1993,74.0045
French Guiana,GUF,1993,71.4598
Guatemala,GTM,1993,62.4421
Greenland,GRL,1993,64.0794
Grenada,GRD,1993,71.45
Greece,GRC,1993,77.691
Equatorial Guinea,GNQ,1993,51.6713
Guinea-Bissau,GNB,1993,47.8404
Gambia,GMB,1993,53.1503
Guadeloupe,GLP,1993,74.8951
Guinea,GIN,1993,48.8185
Gibraltar,GIB,1993,77.7223
Ghana,GHA,1993,56.2862
Guernsey,GGY,1993,76.7998
Georgia,GEO,1993,67.4052
United Kingdom,GBR,1993,76.1602
Gabon,GAB,1993,61.1248
Micronesia (country),FSM,1993,64.041
Faroe Islands,FRO,1993,77.4064
France,FRA,1993,77.3488
Falkland Islands,FLK,1993,58.1758
Fiji,FJI,1993,65.5103
Finland,FIN,1993,75.8848
Ethiopia,ETH,1993,47.6757
Estonia,EST,1993,68.2217
Spain,ESP,1993,77.728
Western Sahara,ESH,1993,59.2241
Eritrea,ERI,1993,53.1887
Egypt,EGY,1993,64.1471
Ecuador,ECU,1993,70.0695
Algeria,DZA,1993,67.7974
Dominican Republic,DOM,1993,68.8601
Denmark,DNK,1993,75.1891
Dominica,DMA,1993,70.6121
Djibouti,DJI,1993,55.734
Germany,DEU,1993,76.0803
Czechia,CZE,1993,72.8528
Cyprus,CYP,1993,76.2943
Cayman Islands,CYM,1993,73.2499
Curacao,CUW,1993,72.7027
Cuba,CUB,1993,73.8735
Costa Rica,CRI,1993,76.3153
Cape Verde,CPV,1993,64.4581
Comoros,COM,1993,57.0256
Colombia,COL,1993,69.0831
Cook Islands,COK,1993,67.9969
Congo,COG,1993,56.0414
Democratic Republic of Congo,COD,1993,49.6213
Cameroon,CMR,1993,53.8723
Cote d'Ivoire,CIV,1993,52.2468
China,CHN,1993,69.4924
Chile,CHL,1993,74.6793
Switzerland,CHE,1993,78.2335
Canada,CAN,1993,77.7251
Central African Republic,CAF,1993,48.8994
Botswana,BWA,1993,57.3159
Bhutan,BTN,1993,57.9059
Brunei,BRN,1993,72.3327
Barbados,BRB,1993,73.7394
Brazil,BRA,1993,66.8923
Bolivia,BOL,1993,58.6598
Bermuda,BMU,1993,74.7659
Belize,BLZ,1993,69.5946
Belarus,BLR,1993,69.5221
Saint Barthelemy,BLM,1993,77.0924
Bosnia and Herzegovina,BIH,1993,50.8941
Bahamas,BHS,1993,71.4202
Bahrain,BHR,1993,72.9393
Bulgaria,BGR,1993,71.1853
Bangladesh,BGD,1993,57.0729
Burkina Faso,BFA,1993,49.4119
Bonaire Sint Eustatius and Saba,BES,1993,73.6815
Benin,BEN,1993,54.6123
Belgium,BEL,1993,76.3632
Burundi,BDI,1993,37.2214
Azerbaijan,AZE,1993,61.4261
Austria,AUT,1993,76.2247
Australia,AUS,1993,78.006
Antigua and Barbuda,ATG,1993,73.3902
American Samoa,ASM,1993,71.5399
Armenia,ARM,1993,68.1432
Argentina,ARG,1993,72.3033
United Arab Emirates,ARE,1993,71.1594
Andorra,AND,1993,80.186
Albania,ALB,1993,73.6377
Anguilla,AIA,1993,73.12
Angola,AGO,1993,42.1902
Afghanistan,AFG,1993,51.0212
Aruba,ABW,1993,72.7767
Zimbabwe,ZWE,1994,52.5367
Zambia,ZMB,1994,46.3439
South Africa,ZAF,1994,62.0693
Yemen,YEM,1994,59.8279
Samoa,WSM,1994,69.1615
Wallis and Futuna,WLF,1994,71.9968
Vanuatu,VUT,1994,67.9842
Vietnam,VNM,1994,70.3789
United States Virgin Islands,VIR,1994,71.2404
British Virgin Islands,VGB,1994,73.7938
Venezuela,VEN,1994,71.2826
Saint Vincent and the Grenadines,VCT,1994,70.6018
Vatican,VAT,1994,77.6575
Uzbekistan,UZB,1994,64.6815
United States,USA,1994,75.7381
Uruguay,URY,1994,73.1616
Ukraine,UKR,1994,67.5337
Uganda,UGA,1994,47.6748
Tanzania,TZA,1994,51.0772
Taiwan,TWN,1994,74.7036
Tuvalu,TUV,1994,62.317
Turkey,TUR,1994,69.4024
Tunisia,TUN,1994,70.3628
Trinidad and Tobago,TTO,1994,67.8368
Tonga,TON,1994,68.3705
East Timor,TLS,1994,47.8608
Turkmenistan,TKM,1994,63.5148
Tokelau,TKL,1994,70.9236
Tajikistan,TJK,1994,60.0935
Thailand,THA,1994,69.6609
Togo,TGO,1994,53.7069
Chad,TCD,1994,47.0796
Turks and Caicos Islands,TCA,1994,71.5754
Syria,SYR,1994,70.2958
Seychelles,SYC,1994,70.5039
Sint Maarten (Dutch part),SXM,1994,72.5975
Eswatini,SWZ,1994,56.6433
Sweden,SWE,1994,78.7471
Slovenia,SVN,1994,73.9062
Slovakia,SVK,1994,72.3295
Suriname,SUR,1994,62.542
Sao Tome and Principe,STP,1994,60.5518
South Sudan,SSD,1994,44.8582
Serbia,SRB,1994,72.3036
Saint Pierre and Miquelon,SPM,1994,73.6622
Somalia,SOM,1994,50.3025
San Marino,SMR,1994,78.67
El Salvador,SLV,1994,64.47
Sierra Leone,SLE,1994,42.808
Solomon Islands,SLB,1994,66.6614
Saint Helena,SHN,1994,72.5928
Singapore,SGP,1994,75.6269
Senegal,SEN,1994,57.4792
Sudan,SDN,1994,57.0223
Saudi Arabia,SAU,1994,70.5867
Rwanda,RWA,1994,12.1575
Russia,RUS,1994,63.8225
Romania,ROU,1994,69.3255
Reunion,REU,1994,75.409
Qatar,QAT,1994,74.2445
French Polynesia,PYF,1994,75.6504
Palestine,PSE,1994,69.3283
Paraguay,PRY,1994,68.5039
Portugal,PRT,1994,75.7296
North Korea,PRK,1994,70.4716
Puerto Rico,PRI,1994,73.6218
Poland,POL,1994,71.6825
Papua New Guinea,PNG,1994,60.7258
Palau,PLW,1994,63.1041
Philippines,PHL,1994,65.9998
Peru,PER,1994,66.5439
Panama,PAN,1994,71.9429
Pakistan,PAK,1994,60.1968
World,OWID_WRL,1994,64.2995
Kosovo,OWID_KOS,1994,68.5949
Oman,OMN,1994,71.0722
New Zealand,NZL,1994,76.9178
Nauru,NRU,1994,59.9538
Nepal,NPL,1994,58.6307
Norway,NOR,1994,77.7728
Netherlands,NLD,1994,77.5183
Niue,NIU,1994,66.3923
Nicaragua,NIC,1994,64.549
Nigeria,NGA,1994,45.7476
Niger,NER,1994,44.5862
New Caledonia,NCL,1994,70.8967
Namibia,NAM,1994,58.4407
Mayotte,MYT,1994,74.8366
Malaysia,MYS,1994,71.8651
Malawi,MWI,1994,43.8
Mauritius,MUS,1994,70.4197
Martinique,MTQ,1994,77.0176
Montserrat,MSR,1994,71.9123
Mauritania,MRT,1994,58.7633
Mozambique,MOZ,1994,46.0858
Northern Mariana Islands,MNP,1994,71.533
Mongolia,MNG,1994,60.8555
Montenegro,MNE,1994,73.7639
Myanmar,MMR,1994,58.3256
Malta,MLT,1994,76.9457
Mali,MLI,1994,47.914
North Macedonia,MKD,1994,71.487
Marshall Islands,MHL,1994,62.3083
Mexico,MEX,1994,70.3017
Maldives,MDV,1994,66.1968
Madagascar,MDG,1994,54.2469
Moldova,MDA,1994,66.3188
Monaco,MCO,1994,80.6543
Morocco,MAR,1994,64.3459
Saint Martin (French part),MAF,1994,75.5334
Macao,MAC,1994,77.4279
Latvia,LVA,1994,65.1828
Luxembourg,LUX,1994,75.9312
Lithuania,LTU,1994,68.5026
Lesotho,LSO,1994,57.2879
Sri Lanka,LKA,1994,70.2114
Liechtenstein,LIE,1994,78.1798
Saint Lucia,LCA,1994,71.0758
Libya,LBY,1994,70.4725
Liberia,LBR,1994,42.6212
Lebanon,LBN,1994,72.0301
Laos,LAO,1994,55.8101
Kuwait,KWT,1994,75.7279
South Korea,KOR,1994,72.889
Saint Kitts and Nevis,KNA,1994,67.0018
Kiribati,KIR,1994,62.7966
Cambodia,KHM,1994,56.2205
Kyrgyzstan,KGZ,1994,62.718
Kenya,KEN,1994,56.1013
Kazakhstan,KAZ,1994,64.1077
Japan,JPN,1994,79.8366
Jordan,JOR,1994,70.738
Jersey,JEY,1994,77.0621
Jamaica,JAM,1994,71.6244
Italy,ITA,1994,77.8725
Israel,ISR,1994,78.0448
Iceland,ISL,1994,79.0221
Iraq,IRQ,1994,65.0269
Iran,IRN,1994,67.4901
Ireland,IRL,1994,75.7963
India,IND,1994,60.2372
Isle of Man,IMN,1994,73.1403
Indonesia,IDN,1994,65.0413
Hungary,HUN,1994,69.6042
Haiti,HTI,1994,54.7312
Croatia,HRV,1994,72.6142
Honduras,HND,1994,66.5234
Hong Kong,HKG,1994,78.7177
Guyana,GUY,1994,63.0066
Guam,GUM,1994,74.3445
French Guiana,GUF,1994,71.6908
Guatemala,GTM,1994,63.0264
Greenland,GRL,1994,63.9129
Grenada,GRD,1994,71.78
Greece,GRC,1994,77.8579
Equatorial Guinea,GNQ,1994,51.7851
Guinea-Bissau,GNB,1994,47.7747
Gambia,GMB,1994,53.7676
Guadeloupe,GLP,1994,75.2063
Guinea,GIN,1994,49.1884
Gibraltar,GIB,1994,78.0515
Ghana,GHA,1994,56.2339
Guernsey,GGY,1994,77.0163
Georgia,GEO,1994,68.6692
United Kingdom,GBR,1994,76.7198
Gabon,GAB,1994,61.183
Micronesia (country),FSM,1994,64.0825
Faroe Islands,FRO,1994,77.5418
France,FRA,1994,77.7681
Falkland Islands,FLK,1994,60.2304
Fiji,FJI,1994,65.7958
Finland,FIN,1994,76.5747
Ethiopia,ETH,1994,47.9256
Estonia,EST,1994,66.7441
Spain,ESP,1994,78.1141
Western Sahara,ESH,1994,59.7437
Eritrea,ERI,1994,54.0274
Egypt,EGY,1994,64.6632
Ecuador,ECU,1994,70.8759
Algeria,DZA,1994,67.2844
Dominican Republic,DOM,1994,69.1597
Denmark,DNK,1994,75.4408
Dominica,DMA,1994,70.7766
Djibouti,DJI,1994,55.5916
Germany,DEU,1994,76.3799
Czechia,CZE,1994,73.0817
Cyprus,CYP,1994,76.3831
Cayman Islands,CYM,1994,73.42
Curacao,CUW,1994,72.7911
Cuba,CUB,1994,74.0922
Costa Rica,CRI,1994,76.3287
Cape Verde,CPV,1994,64.6485
Comoros,COM,1994,57.4582
Colombia,COL,1994,69.4223
Cook Islands,COK,1994,68.2004
Congo,COG,1994,55.6414
Democratic Republic of Congo,COD,1994,49.8795
Cameroon,CMR,1994,53.5366
Cote d'Ivoire,CIV,1994,52.0052
China,CHN,1994,69.8355
Chile,CHL,1994,74.973
Switzerland,CHE,1994,78.4946
Canada,CAN,1994,77.9007
Central African Republic,CAF,1994,48.5087
Botswana,BWA,1994,55.9696
Bhutan,BTN,1994,58.3951
Brunei,BRN,1994,72.5706
Barbados,BRB,1994,73.7551
Brazil,BRA,1994,67.2934
Bolivia,BOL,1994,59.2821
Bermuda,BMU,1994,75.2756
Belize,BLZ,1994,69.5846
Belarus,BLR,1994,68.9659
Saint Barthelemy,BLM,1994,77.455
Bosnia and Herzegovina,BIH,1994,66.6025
Bahamas,BHS,1994,71.4292
Bahrain,BHR,1994,73.1344
Bulgaria,BGR,1994,70.8608
Bangladesh,BGD,1994,57.6403
Burkina Faso,BFA,1994,49.4695
Bonaire Sint Eustatius and Saba,BES,1994,74.6735
Benin,BEN,1994,54.9884
Belgium,BEL,1994,76.7159
Burundi,BDI,1994,44.5152
Azerbaijan,AZE,1994,60.277
Austria,AUT,1994,76.5414
Australia,AUS,1994,77.8515
Antigua and Barbuda,ATG,1994,73.4934
American Samoa,ASM,1994,71.5688
Armenia,ARM,1994,68.4477
Argentina,ARG,1994,72.7317
United Arab Emirates,ARE,1994,71.2037
Andorra,AND,1994,80.5868
Albania,ALB,1994,73.8367
Anguilla,AIA,1994,73.4412
Angola,AGO,1994,43.5671
Afghanistan,AFG,1994,50.9689
Aruba,ABW,1994,72.796
Zimbabwe,ZWE,1995,51.1435
Zambia,ZMB,1995,46.0509
South Africa,ZAF,1995,61.6033
Yemen,YEM,1995,60.5324
Samoa,WSM,1995,69.4695
Wallis and Futuna,WLF,1995,72.495
Vanuatu,VUT,1995,68.1036
Vietnam,VNM,1995,70.8714
United States Virgin Islands,VIR,1995,71.1893
British Virgin Islands,VGB,1995,74.0892
Venezuela,VEN,1995,71.7138
Saint Vincent and the Grenadines,VCT,1995,70.5748
Vatican,VAT,1995,77.8022
Uzbekistan,UZB,1995,64.6696
United States,USA,1995,75.8522
Uruguay,URY,1995,73.4927
Ukraine,UKR,1995,67.1138
Uganda,UGA,1995,47.7062
Tanzania,TZA,1995,51.0048
Taiwan,TWN,1995,74.6174
Tuvalu,TUV,1995,62.5047
Turkey,TUR,1995,69.7341
Tunisia,TUN,1995,70.7855
Trinidad and Tobago,TTO,1995,67.9952
Tonga,TON,1995,68.592
East Timor,TLS,1995,47.5429
Turkmenistan,TKM,1995,63.5137
Tokelau,TKL,1995,71.2134
Tajikistan,TJK,1995,61.389
Thailand,THA,1995,69.7565
Togo,TGO,1995,53.6922
Chad,TCD,1995,47.4533
Turks and Caicos Islands,TCA,1995,71.9485
Syria,SYR,1995,70.2093
Seychelles,SYC,1995,70.6341
Sint Maarten (Dutch part),SXM,1995,72.8492
Eswatini,SWZ,1995,55.0795
Sweden,SWE,1995,78.8222
Slovenia,SVN,1995,74.4188
Slovakia,SVK,1995,72.2537
Suriname,SUR,1995,62.7792
Sao Tome and Principe,STP,1995,60.5359
South Sudan,SSD,1995,31.5104
Serbia,SRB,1995,72.7264
Saint Pierre and Miquelon,SPM,1995,73.8039
Somalia,SOM,1995,50.6499
San Marino,SMR,1995,79.0308
El Salvador,SLV,1995,64.9031
Sierra Leone,SLE,1995,42.5787
Solomon Islands,SLB,1995,66.717
Saint Helena,SHN,1995,73.196
Singapore,SGP,1995,75.7249
Senegal,SEN,1995,57.3356
Sudan,SDN,1995,57.4465
Saudi Arabia,SAU,1995,70.9443
Rwanda,RWA,1995,41.5183
Russia,RUS,1995,63.9945
Romania,ROU,1995,69.323
Reunion,REU,1995,75.7109
Qatar,QAT,1995,74.4041
French Polynesia,PYF,1995,76.2426
Palestine,PSE,1995,69.5829
Paraguay,PRY,1995,68.7775
Portugal,PRT,1995,75.5498
North Korea,PRK,1995,60.766
Puerto Rico,PRI,1995,73.5707
Poland,POL,1995,71.9588
Papua New Guinea,PNG,1995,60.9288
Palau,PLW,1995,63.2551
Philippines,PHL,1995,66.311
Peru,PER,1995,67.2196
Panama,PAN,1995,71.9944
Pakistan,PAK,1995,60.2735
World,OWID_WRL,1995,64.8817
Kosovo,OWID_KOS,1995,68.7816
Oman,OMN,1995,71.5603
New Zealand,NZL,1995,76.7853
Nauru,NRU,1995,60.0627
Nepal,NPL,1995,59.3229
Norway,NOR,1995,77.7966
Netherlands,NLD,1995,77.5512
Niue,NIU,1995,66.3785
Nicaragua,NIC,1995,64.8693
Nigeria,NGA,1995,45.8701
Niger,NER,1995,45.5039
New Caledonia,NCL,1995,71.3138
Namibia,NAM,1995,57.5178
Mayotte,MYT,1995,75.0747
Malaysia,MYS,1995,71.9792
Malawi,MWI,1995,43.8043
Mauritius,MUS,1995,70.5995
Martinique,MTQ,1995,77.201
Montserrat,MSR,1995,72.1731
Mauritania,MRT,1995,58.8615
Mozambique,MOZ,1995,46.5463
Northern Mariana Islands,MNP,1995,71.938
Mongolia,MNG,1995,60.8909
Montenegro,MNE,1995,73.7395
Myanmar,MMR,1995,58.6708
Malta,MLT,1995,76.9817
Mali,MLI,1995,48.2925
North Macedonia,MKD,1995,71.9651
Marshall Islands,MHL,1995,62.5147
Mexico,MEX,1995,70.703
Maldives,MDV,1995,66.9619
Madagascar,MDG,1995,54.845
Moldova,MDA,1995,66.2179
Monaco,MCO,1995,80.9021
Morocco,MAR,1995,64.7246
Saint Martin (French part),MAF,1995,75.7139
Macao,MAC,1995,77.8464
Latvia,LVA,1995,65.9954
Luxembourg,LUX,1995,75.8777
Lithuania,LTU,1995,69.0184
Lesotho,LSO,1995,56.3684
Sri Lanka,LKA,1995,69.7456
Liechtenstein,LIE,1995,77.9183
Saint Lucia,LCA,1995,71.1725
Libya,LBY,1995,70.6415
Liberia,LBR,1995,44.5732
Lebanon,LBN,1995,72.3835
Laos,LAO,1995,56.3441
Kuwait,KWT,1995,75.6648
South Korea,KOR,1995,73.3752
Saint Kitts and Nevis,KNA,1995,67.2304
Kiribati,KIR,1995,63.146
Cambodia,KHM,1995,56.562
Kyrgyzstan,KGZ,1995,62.9186
Kenya,KEN,1995,55.8557
Kazakhstan,KAZ,1995,63.7169
Japan,JPN,1995,79.6837
Jordan,JOR,1995,70.915
Jersey,JEY,1995,77.3274
Jamaica,JAM,1995,71.4881
Italy,ITA,1995,78.1253
Israel,ISR,1995,78.0516
Iceland,ISL,1995,77.5426
Iraq,IRQ,1995,64.7614
Iran,IRN,1995,67.9036
Ireland,IRL,1995,75.4743
India,IND,1995,60.6295
Isle of Man,IMN,1995,73.3711
Indonesia,IDN,1995,65.2633
Hungary,HUN,1995,69.9689
Haiti,HTI,1995,55.5816
Croatia,HRV,1995,72.5612
Honduras,HND,1995,66.919
Hong Kong,HKG,1995,79.1059
Guyana,GUY,1995,62.668
Guam,GUM,1995,74.511
French Guiana,GUF,1995,71.9176
Guatemala,GTM,1995,63.6619
Greenland,GRL,1995,64.1569
Grenada,GRD,1995,72.0936
Greece,GRC,1995,77.893
Equatorial Guinea,GNQ,1995,51.9261
Guinea-Bissau,GNB,1995,48.5313
Gambia,GMB,1995,54.2923
Guadeloupe,GLP,1995,75.5334
Guinea,GIN,1995,49.8359
Gibraltar,GIB,1995,78.345
Ghana,GHA,1995,56.662
Guernsey,GGY,1995,78.1235
Georgia,GEO,1995,69.3982
United Kingdom,GBR,1995,76.614
Gabon,GAB,1995,61.2696
Micronesia (country),FSM,1995,64.1421
Faroe Islands,FRO,1995,77.658
France,FRA,1995,77.8715
Falkland Islands,FLK,1995,62.3609
Fiji,FJI,1995,66.007
Finland,FIN,1995,76.6037
Ethiopia,ETH,1995,48.1562
Estonia,EST,1995,67.8143
Spain,ESP,1995,78.2002
Western Sahara,ESH,1995,60.244
Eritrea,ERI,1995,54.8222
Egypt,EGY,1995,65.2143
Ecuador,ECU,1995,71.3485
Algeria,DZA,1995,67.6914
Dominican Republic,DOM,1995,69.3937
Denmark,DNK,1995,75.287
Dominica,DMA,1995,70.8316
Djibouti,DJI,1995,56.234
Germany,DEU,1995,76.5515
Czechia,CZE,1995,73.1772
Cyprus,CYP,1995,76.5828
Cayman Islands,CYM,1995,73.5972
Curacao,CUW,1995,72.8305
Cuba,CUB,1995,74.3461
Costa Rica,CRI,1995,76.44
Cape Verde,CPV,1995,63.6911
Comoros,COM,1995,57.8299
Colombia,COL,1995,69.8096
Cook Islands,COK,1995,68.4562
Congo,COG,1995,55.4737
Democratic Republic of Congo,COD,1995,50.381
Cameroon,CMR,1995,53.3471
Cote d'Ivoire,CIV,1995,51.7133
China,CHN,1995,70.3631
Chile,CHL,1995,75.2984
Switzerland,CHE,1995,78.565
Canada,CAN,1995,78.0206
Central African Republic,CAF,1995,48.1087
Botswana,BWA,1995,54.7127
Bhutan,BTN,1995,59.2766
Brunei,BRN,1995,72.8379
Barbados,BRB,1995,73.8796
Brazil,BRA,1995,67.7006
Bolivia,BOL,1995,59.7873
Bermuda,BMU,1995,75.9203
Belize,BLZ,1995,69.4839
Belarus,BLR,1995,68.7521
Saint Barthelemy,BLM,1995,77.782
Bosnia and Herzegovina,BIH,1995,70.1882
Bahamas,BHS,1995,71.4225
Bahrain,BHR,1995,73.3613
Bulgaria,BGR,1995,70.962
Bangladesh,BGD,1995,58.2442
Burkina Faso,BFA,1995,49.5545
Bonaire Sint Eustatius and Saba,BES,1995,75.502
Benin,BEN,1995,55.3657
Belgium,BEL,1995,76.8403
Burundi,BDI,1995,44.5888
Azerbaijan,AZE,1995,61.9313
Austria,AUT,1995,76.7753
Australia,AUS,1995,78.2569
Antigua and Barbuda,ATG,1995,73.5759
American Samoa,ASM,1995,71.5652
Armenia,ARM,1995,68.8131
Argentina,ARG,1995,72.8644
United Arab Emirates,ARE,1995,71.3917
Andorra,AND,1995,80.8037
Albania,ALB,1995,74.0218
Anguilla,AIA,1995,73.7432
Angola,AGO,1995,46.1391
Afghanistan,AFG,1995,52.1032
Aruba,ABW,1995,72.8322
Zimbabwe,ZWE,1996,48.9815
Zambia,ZMB,1996,45.7565
South Africa,ZAF,1996,61.0786
Yemen,YEM,1996,60.8838
Samoa,WSM,1996,69.7673
Wallis and Futuna,WLF,1996,73.1284
Vanuatu,VUT,1996,68.1756
Vietnam,VNM,1996,71.2961
United States Virgin Islands,VIR,1996,71.6013
British Virgin Islands,VGB,1996,74.3408
Venezuela,VEN,1996,71.9196
Saint Vincent and the Grenadines,VCT,1996,70.4662
Vatican,VAT,1996,78.5087
Uzbekistan,UZB,1996,64.7799
United States,USA,1996,76.1749
Uruguay,URY,1996,73.8121
Ukraine,UKR,1996,67.0972
Uganda,UGA,1996,47.759
Tanzania,TZA,1996,51.1321
Taiwan,TWN,1996,74.9181
Tuvalu,TUV,1996,62.7086
Turkey,TUR,1996,70.2454
Tunisia,TUN,1996,71.2472
Trinidad and Tobago,TTO,1996,68.0386
Tonga,TON,1996,68.8031
East Timor,TLS,1996,48.2602
Turkmenistan,TKM,1996,63.5378
Tokelau,TKL,1996,71.4674
Tajikistan,TJK,1996,60.8059
Thailand,THA,1996,69.94
Togo,TGO,1996,53.8172
Chad,TCD,1996,47.5508
Turks and Caicos Islands,TCA,1996,72.328
Syria,SYR,1996,70.1565
Seychelles,SYC,1996,70.7952
Sint Maarten (Dutch part),SXM,1996,73.1877
Eswatini,SWZ,1996,53.2956
Sweden,SWE,1996,79.0447
Slovenia,SVN,1996,74.7968
Slovakia,SVK,1996,72.7385
Suriname,SUR,1996,63.0786
Sao Tome and Principe,STP,1996,60.5756
South Sudan,SSD,1996,32.124
Serbia,SRB,1996,72.916
Saint Pierre and Miquelon,SPM,1996,73.9726
Somalia,SOM,1996,50.5244
San Marino,SMR,1996,79.3324
El Salvador,SLV,1996,65.4804
Sierra Leone,SLE,1996,43.5283
Solomon Islands,SLB,1996,66.7391
Saint Helena,SHN,1996,73.6832
Singapore,SGP,1996,76.0504
Senegal,SEN,1996,57.1285
Sudan,SDN,1996,57.6379
Saudi Arabia,SAU,1996,71.2878
Rwanda,RWA,1996,42.4858
Russia,RUS,1996,65.4488
Romania,ROU,1996,68.8211
Reunion,REU,1996,76.0275
Qatar,QAT,1996,74.5577
French Polynesia,PYF,1996,76.8134
Palestine,PSE,1996,69.9816
Paraguay,PRY,1996,69.0504
Portugal,PRT,1996,75.4758
North Korea,PRK,1996,60.8204
Puerto Rico,PRI,1996,73.9948
Poland,POL,1996,72.2531
Papua New Guinea,PNG,1996,61.0705
Palau,PLW,1996,63.4551
Philippines,PHL,1996,66.691
Peru,PER,1996,67.8499
Panama,PAN,1996,72.199
Pakistan,PAK,1996,60.4659
World,OWID_WRL,1996,65.1995
Kosovo,OWID_KOS,1996,69.3586
Oman,OMN,1996,72.0231
New Zealand,NZL,1996,76.8069
Nauru,NRU,1996,60.0704
Nepal,NPL,1996,60.0437
Norway,NOR,1996,78.2326
Netherlands,NLD,1996,77.5561
Niue,NIU,1996,66.3903
Nicaragua,NIC,1996,65.2148
Nigeria,NGA,1996,45.8328
Niger,NER,1996,46.3133
New Caledonia,NCL,1996,71.7497
Namibia,NAM,1996,56.6387
Mayotte,MYT,1996,75.3273
Malaysia,MYS,1996,72.1191
Malawi,MWI,1996,44.0051
Mauritius,MUS,1996,70.5243
Martinique,MTQ,1996,77.4153
Montserrat,MSR,1996,72.415
Mauritania,MRT,1996,58.9149
Mozambique,MOZ,1996,47.1208
Northern Mariana Islands,MNP,1996,72.4416
Mongolia,MNG,1996,60.9996
Montenegro,MNE,1996,73.6108
Myanmar,MMR,1996,59.1689
Malta,MLT,1996,76.3211
Mali,MLI,1996,48.4997
North Macedonia,MKD,1996,71.8537
Marshall Islands,MHL,1996,62.7654
Mexico,MEX,1996,71.0876
Maldives,MDV,1996,67.7337
Madagascar,MDG,1996,55.4768
Moldova,MDA,1996,66.2481
Monaco,MCO,1996,81.1335
Morocco,MAR,1996,65.2257
Saint Martin (French part),MAF,1996,75.8855
Macao,MAC,1996,77.4285
Latvia,LVA,1996,68.5859
Luxembourg,LUX,1996,76.1684
Lithuania,LTU,1996,70.1931
Lesotho,LSO,1996,55.1362
Sri Lanka,LKA,1996,69.8405
Liechtenstein,LIE,1996,77.6657
Saint Lucia,LCA,1996,70.9627
Libya,LBY,1996,70.7358
Liberia,LBR,1996,44.9454
Lebanon,LBN,1996,72.6144
Laos,LAO,1996,56.8214
Kuwait,KWT,1996,75.6015
South Korea,KOR,1996,74.0207
Saint Kitts and Nevis,KNA,1996,67.4878
Kiribati,KIR,1996,63.4703
Cambodia,KHM,1996,56.832
Kyrgyzstan,KGZ,1996,63.4469
Kenya,KEN,1996,55.5748
Kazakhstan,KAZ,1996,63.4551
Japan,JPN,1996,80.3627
Jordan,JOR,1996,71.1045
Jersey,JEY,1996,77.5831
Jamaica,JAM,1996,71.3277
Italy,ITA,1996,78.4381
Israel,ISR,1996,78.5705
Iceland,ISL,1996,78.6456
Iraq,IRQ,1996,64.6178
Iran,IRN,1996,68.328
Ireland,IRL,1996,75.8263
India,IND,1996,61.0269
Isle of Man,IMN,1996,73.6342
Indonesia,IDN,1996,65.4648
Hungary,HUN,1996,70.5972
Haiti,HTI,1996,56.1112
Croatia,HRV,1996,72.9752
Honduras,HND,1996,67.2627
Hong Kong,HKG,1996,79.4544
Guyana,GUY,1996,62.6909
Guam,GUM,1996,74.6376
French Guiana,GUF,1996,72.1263
Guatemala,GTM,1996,64.5396
Greenland,GRL,1996,64.3306
Grenada,GRD,1996,72.373
Greece,GRC,1996,78.0364
Equatorial Guinea,GNQ,1996,52.1227
Guinea-Bissau,GNB,1996,48.7718
Gambia,GMB,1996,54.8493
Guadeloupe,GLP,1996,75.8501
Guinea,GIN,1996,50.5458
Gibraltar,GIB,1996,78.6957
Ghana,GHA,1996,56.9568
Guernsey,GGY,1996,78.0918
Georgia,GEO,1996,70.637
United Kingdom,GBR,1996,76.8719
Gabon,GAB,1996,61.2648
Micronesia (country),FSM,1996,64.2534
Faroe Islands,FRO,1996,77.764
France,FRA,1996,78.0613
Falkland Islands,FLK,1996,64.4358
Fiji,FJI,1996,66.2018
Finland,FIN,1996,76.8695
Ethiopia,ETH,1996,48.6974
Estonia,EST,1996,70.0314
Spain,ESP,1996,78.3389
Western Sahara,ESH,1996,60.72
Eritrea,ERI,1996,55.4979
Egypt,EGY,1996,65.7334
Ecuador,ECU,1996,71.8201
Algeria,DZA,1996,68.2186
Dominican Republic,DOM,1996,69.5951
Denmark,DNK,1996,75.6636
Dominica,DMA,1996,71.0394
Djibouti,DJI,1996,56.3297
Germany,DEU,1996,76.7833
Czechia,CZE,1996,73.8344
Cyprus,CYP,1996,76.8797
Cayman Islands,CYM,1996,73.7403
Curacao,CUW,1996,72.9449
Cuba,CUB,1996,74.6904
Costa Rica,CRI,1996,76.4276
Cape Verde,CPV,1996,65.5207
Comoros,COM,1996,58.1506
Colombia,COL,1996,70.2085
Cook Islands,COK,1996,68.7393
Congo,COG,1996,55.2403
Democratic Republic of Congo,COD,1996,49.3762
Cameroon,CMR,1996,53.2003
Cote d'Ivoire,CIV,1996,51.5961
China,CHN,1996,70.8225
Chile,CHL,1996,75.5548
Switzerland,CHE,1996,79.0494
Canada,CAN,1996,78.272
Central African Republic,CAF,1996,47.6995
Botswana,BWA,1996,54.2842
Bhutan,BTN,1996,59.9816
Brunei,BRN,1996,73.0794
Barbados,BRB,1996,74.0647
Brazil,BRA,1996,68.1084
Bolivia,BOL,1996,60.2866
Bermuda,BMU,1996,76.52
Belize,BLZ,1996,69.3627
Belarus,BLR,1996,68.5655
Saint Barthelemy,BLM,1996,78.0629
Bosnia and Herzegovina,BIH,1996,73.4537
Bahamas,BHS,1996,71.4638
Bahrain,BHR,1996,73.6103
Bulgaria,BGR,1996,70.8357
Bangladesh,BGD,1996,58.9395
Burkina Faso,BFA,1996,49.6934
Bonaire Sint Eustatius and Saba,BES,1996,75.6076
Benin,BEN,1996,55.648
Belgium,BEL,1996,77.1847
Burundi,BDI,1996,44.8069
Azerbaijan,AZE,1996,62.6603
Austria,AUT,1996,77.0256
Australia,AUS,1996,78.3436
Antigua and Barbuda,ATG,1996,73.8389
American Samoa,ASM,1996,71.5763
Armenia,ARM,1996,69.1975
Argentina,ARG,1996,73.0565
United Arab Emirates,ARE,1996,71.8203
Andorra,AND,1996,81.009
Albania,ALB,1996,74.1134
Anguilla,AIA,1996,74.0452
Angola,AGO,1996,46.4177
Afghanistan,AFG,1996,52.8302
Aruba,ABW,1996,72.8561
Zimbabwe,ZWE,1997,48.5361
Zambia,ZMB,1997,45.7429
South Africa,ZAF,1997,60.538
Yemen,YEM,1997,61.3404
Samoa,WSM,1997,70.0449
Wallis and Futuna,WLF,1997,73.8346
Vanuatu,VUT,1997,68.3087
Vietnam,VNM,1997,71.67
United States Virgin Islands,VIR,1997,70.9082
British Virgin Islands,VGB,1997,74.4693
Venezuela,VEN,1997,72.5598
Saint Vincent and the Grenadines,VCT,1997,70.3817
Vatican,VAT,1997,78.1935
Uzbekistan,UZB,1997,65.0285
United States,USA,1997,76.4981
Uruguay,URY,1997,73.9199
Ukraine,UKR,1997,67.658
Uganda,UGA,1997,48.0259
Tanzania,TZA,1997,51.2457
Taiwan,TWN,1997,75.3222
Tuvalu,TUV,1997,62.9417
Turkey,TUR,1997,70.6681
Tunisia,TUN,1997,71.6696
Trinidad and Tobago,TTO,1997,68.1434
Tonga,TON,1997,69.0122
East Timor,TLS,1997,48.9681
Turkmenistan,TKM,1997,63.6674
Tokelau,TKL,1997,71.6523
Tajikistan,TJK,1997,61.9285
Thailand,THA,1997,70.3622
Togo,TGO,1997,53.8453
Chad,TCD,1997,47.7622
Turks and Caicos Islands,TCA,1997,72.7134
Syria,SYR,1997,70.1582
Seychelles,SYC,1997,70.7594
Sint Maarten (Dutch part),SXM,1997,73.5508
Eswatini,SWZ,1997,51.6985
Sweden,SWE,1997,79.2724
Slovenia,SVN,1997,74.9886
Slovakia,SVK,1997,72.6887
Suriname,SUR,1997,63.3853
Sao Tome and Principe,STP,1997,60.6475
South Sudan,SSD,1997,33.0682
Serbia,SRB,1997,72.9467
Saint Pierre and Miquelon,SPM,1997,74.1812
Somalia,SOM,1997,50.278
San Marino,SMR,1997,79.6773
El Salvador,SLV,1997,66.2484
Sierra Leone,SLE,1997,43.6493
Solomon Islands,SLB,1997,66.7678
Saint Helena,SHN,1997,74.357
Singapore,SGP,1997,76.3889
Senegal,SEN,1997,57.1069
Sudan,SDN,1997,58.0579
Saudi Arabia,SAU,1997,71.6238
Rwanda,RWA,1997,41.9785
Russia,RUS,1997,66.5938
Romania,ROU,1997,69.0857
Reunion,REU,1997,76.3375
Qatar,QAT,1997,74.7128
French Polynesia,PYF,1997,77.3803
Palestine,PSE,1997,70.3277
Paraguay,PRY,1997,69.2835
Portugal,PRT,1997,75.9221
North Korea,PRK,1997,60.8694
Puerto Rico,PRI,1997,74.6738
Poland,POL,1997,72.5915
Papua New Guinea,PNG,1997,61.2697
Palau,PLW,1997,63.7074
Philippines,PHL,1997,66.9939
Peru,PER,1997,68.3241
Panama,PAN,1997,72.5415
Pakistan,PAK,1997,60.6234
World,OWID_WRL,1997,65.5406
Kosovo,OWID_KOS,1997,69.8621
Oman,OMN,1997,72.463
New Zealand,NZL,1997,77.3441
Nauru,NRU,1997,59.9848
Nepal,NPL,1997,60.8226
Norway,NOR,1997,78.2382
Netherlands,NLD,1997,77.9311
Niue,NIU,1997,66.4372
Nicaragua,NIC,1997,65.5231
Nigeria,NGA,1997,45.9598
Niger,NER,1997,47.0975
New Caledonia,NCL,1997,72.2035
Namibia,NAM,1997,55.8444
Mayotte,MYT,1997,75.5946
Malaysia,MYS,1997,72.2959
Malawi,MWI,1997,44.1995
Mauritius,MUS,1997,70.6836
Martinique,MTQ,1997,77.6312
Montserrat,MSR,1997,63.2197
Mauritania,MRT,1997,59.4171
Mozambique,MOZ,1997,47.7996
Northern Mariana Islands,MNP,1997,72.9466
Mongolia,MNG,1997,61.4377
Montenegro,MNE,1997,73.5036
Myanmar,MMR,1997,59.5226
Malta,MLT,1997,77.3158
Mali,MLI,1997,49.0859
North Macedonia,MKD,1997,71.8806
Marshall Islands,MHL,1997,63.0146
Mexico,MEX,1997,71.4723
Maldives,MDV,1997,68.5171
Madagascar,MDG,1997,56.1267
Moldova,MDA,1997,66.4843
Monaco,MCO,1997,81.358
Morocco,MAR,1997,65.6159
Saint Martin (French part),MAF,1997,76.1047
Macao,MAC,1997,78.4397
Latvia,LVA,1997,69.2247
Luxembourg,LUX,1997,76.3903
Lithuania,LTU,1997,71.0289
Lesotho,LSO,1997,53.7334
Sri Lanka,LKA,1997,69.9345
Liechtenstein,LIE,1997,77.596
Saint Lucia,LCA,1997,70.7782
Libya,LBY,1997,70.7197
Liberia,LBR,1997,48.3022
Lebanon,LBN,1997,72.9402
Laos,LAO,1997,57.3023
Kuwait,KWT,1997,75.5648
South Korea,KOR,1997,74.5313
Saint Kitts and Nevis,KNA,1997,67.8107
Kiribati,KIR,1997,63.7971
Cambodia,KHM,1997,57.2661
Kyrgyzstan,KGZ,1997,64.1625
Kenya,KEN,1997,55.4779
Kazakhstan,KAZ,1997,63.3182
Japan,JPN,1997,80.5836
Jordan,JOR,1997,71.3236
Jersey,JEY,1997,77.8404
Jamaica,JAM,1997,71.2161
Italy,ITA,1997,78.7346
Israel,ISR,1997,78.5522
Iceland,ISL,1997,78.6723
Iraq,IRQ,1997,64.2412
Iran,IRN,1997,68.649
Ireland,IRL,1997,75.9765
India,IND,1997,61.4393
Isle of Man,IMN,1997,73.9
Indonesia,IDN,1997,65.7737
Hungary,HUN,1997,71.0034
Haiti,HTI,1997,56.6749
Croatia,HRV,1997,72.9898
Honduras,HND,1997,67.5418
Hong Kong,HKG,1997,79.7316
Guyana,GUY,1997,62.8794
Guam,GUM,1997,74.7004
French Guiana,GUF,1997,72.2186
Guatemala,GTM,1997,65.2489
Greenland,GRL,1997,64.4872
Grenada,GRD,1997,72.6004
Greece,GRC,1997,78.3991
Equatorial Guinea,GNQ,1997,52.3648
Guinea-Bissau,GNB,1997,48.0331
Gambia,GMB,1997,55.2254
Guadeloupe,GLP,1997,76.1559
Guinea,GIN,1997,51.1134
Gibraltar,GIB,1997,79.0973
Ghana,GHA,1997,57.2414
Guernsey,GGY,1997,78.7018
Georgia,GEO,1997,69.6832
United Kingdom,GBR,1997,77.1389
Gabon,GAB,1997,61.3955
Micronesia (country),FSM,1997,64.3714
Faroe Islands,FRO,1997,77.8983
France,FRA,1997,78.4246
Falkland Islands,FLK,1997,66.3869
Fiji,FJI,1997,66.2927
Finland,FIN,1997,77.0641
Ethiopia,ETH,1997,49.21
Estonia,EST,1997,70.2438
Spain,ESP,1997,78.8504
Western Sahara,ESH,1997,61.2122
Eritrea,ERI,1997,56.1551
Egypt,EGY,1997,66.2066
Ecuador,ECU,1997,72.007
Algeria,DZA,1997,68.8594
Dominican Republic,DOM,1997,69.8089
Denmark,DNK,1997,76.0409
Dominica,DMA,1997,71.1955
Djibouti,DJI,1997,56.207
Germany,DEU,1997,77.2182
Czechia,CZE,1997,73.946
Cyprus,CYP,1997,77.1187
Cayman Islands,CYM,1997,73.9038
Curacao,CUW,1997,73.0349
Cuba,CUB,1997,75.0636
Costa Rica,CRI,1997,76.6035
Cape Verde,CPV,1997,66.0824
Comoros,COM,1997,58.2281
Colombia,COL,1997,70.632
Cook Islands,COK,1997,66.3964
Congo,COG,1997,48.5746
Democratic Republic of Congo,COD,1997,50.4609
Cameroon,CMR,1997,53.1048
Cote d'Ivoire,CIV,1997,51.4983
China,CHN,1997,71.2271
Chile,CHL,1997,75.8262
Switzerland,CHE,1997,79.2329
Canada,CAN,1997,78.4649
Central African Republic,CAF,1997,47.2836
Botswana,BWA,1997,53.594
Bhutan,BTN,1997,60.6392
Brunei,BRN,1997,73.3262
Barbados,BRB,1997,73.9884
Brazil,BRA,1997,68.505
Bolivia,BOL,1997,60.745
Bermuda,BMU,1997,76.9717
Belize,BLZ,1997,69.1828
Belarus,BLR,1997,68.5006
Saint Barthelemy,BLM,1997,78.3875
Bosnia and Herzegovina,BIH,1997,73.8955
Bahamas,BHS,1997,71.5975
Bahrain,BHR,1997,73.8717
Bulgaria,BGR,1997,70.3137
Bangladesh,BGD,1997,59.6713
Burkina Faso,BFA,1997,49.5597
Bonaire Sint Eustatius and Saba,BES,1997,74.771
Benin,BEN,1997,55.9859
Belgium,BEL,1997,77.4025
Burundi,BDI,1997,45.7207
Azerbaijan,AZE,1997,62.9533
Austria,AUT,1997,77.4279
Australia,AUS,1997,78.6256
Antigua and Barbuda,ATG,1997,74.0454
American Samoa,ASM,1997,71.6065
Armenia,ARM,1997,69.5924
Argentina,ARG,1997,73.4071
United Arab Emirates,ARE,1997,72.5589
Andorra,AND,1997,81.1446
Albania,ALB,1997,73.3832
Anguilla,AIA,1997,74.3392
Angola,AGO,1997,46.6882
Afghanistan,AFG,1997,53.2123
Aruba,ABW,1997,72.904
Zimbabwe,ZWE,1998,47.5508
Zambia,ZMB,1998,45.7095
South Africa,ZAF,1998,59.9124
Yemen,YEM,1998,61.7878
Samoa,WSM,1998,70.3077
Wallis and Futuna,WLF,1998,74.5222
Vanuatu,VUT,1998,68.3722
Vietnam,VNM,1998,72.2829
United States Virgin Islands,VIR,1998,71.2644
British Virgin Islands,VGB,1998,74.5687
Venezuela,VEN,1998,72.446
Saint Vincent and the Grenadines,VCT,1998,70.2629
Vatican,VAT,1998,78.34
Uzbekistan,UZB,1998,65.1686
United States,USA,1998,76.6592
Uruguay,URY,1998,74.0293
Ukraine,UKR,1998,67.9929
Uganda,UGA,1998,48.2634
Tanzania,TZA,1998,51.8074
Taiwan,TWN,1998,75.4752
Tuvalu,TUV,1998,63.1619
Turkey,TUR,1998,71.144
Tunisia,TUN,1998,72.0672
Trinidad and Tobago,TTO,1998,68.3306
Tonga,TON,1998,69.2244
East Timor,TLS,1998,48.5826
Turkmenistan,TKM,1998,63.9664
Tokelau,TKL,1998,71.8105
Tajikistan,TJK,1998,62.4037
Thailand,THA,1998,70.7029
Togo,TGO,1998,53.9561
Chad,TCD,1998,47.8024
Turks and Caicos Islands,TCA,1998,73.1126
Syria,SYR,1998,70.2372
Seychelles,SYC,1998,71.092
Sint Maarten (Dutch part),SXM,1998,73.9001
Eswatini,SWZ,1998,50.0657
Sweden,SWE,1998,79.4163
Slovenia,SVN,1998,75.1392
Slovakia,SVK,1998,72.573
Suriname,SUR,1998,63.706
Sao Tome and Principe,STP,1998,60.7851
South Sudan,SSD,1998,19.0479
Serbia,SRB,1998,72.2993
Saint Pierre and Miquelon,SPM,1998,74.405
Somalia,SOM,1998,50.7552
San Marino,SMR,1998,79.9176
El Salvador,SLV,1998,66.6548
Sierra Leone,SLE,1998,42.7144
Solomon Islands,SLB,1998,66.8904
Saint Helena,SHN,1998,75.3254
Singapore,SGP,1998,76.851
Senegal,SEN,1998,57.0764
Sudan,SDN,1998,58.3082
Saudi Arabia,SAU,1998,71.9574
Rwanda,RWA,1998,43.0985
Russia,RUS,1998,66.916
Romania,ROU,1998,69.8918
Reunion,REU,1998,76.621
Qatar,QAT,1998,74.8721
French Polynesia,PYF,1998,77.8419
Palestine,PSE,1998,70.5642
Paraguay,PRY,1998,69.5075
Portugal,PRT,1998,76.1161
North Korea,PRK,1998,60.887
Puerto Rico,PRI,1998,74.5557
Poland,POL,1998,72.8465
Papua New Guinea,PNG,1998,60.4348
Palau,PLW,1998,63.9507
Philippines,PHL,1998,67.2122
Peru,PER,1998,68.724
Panama,PAN,1998,72.7846
Pakistan,PAK,1998,61.1338
World,OWID_WRL,1998,65.7408
Kosovo,OWID_KOS,1998,68.5798
Oman,OMN,1998,72.8817
New Zealand,NZL,1998,78.1667
Nauru,NRU,1998,59.86
Nepal,NPL,1998,61.5322
Norway,NOR,1998,78.4081
Netherlands,NLD,1998,78.0044
Niue,NIU,1998,66.5763
Nicaragua,NIC,1998,64.1109
Nigeria,NGA,1998,46.1479
Niger,NER,1998,47.8066
New Caledonia,NCL,1998,72.6766
Namibia,NAM,1998,54.7672
Mayotte,MYT,1998,75.8625
Malaysia,MYS,1998,72.3854
Malawi,MWI,1998,44.2995
Mauritius,MUS,1998,70.8944
Martinique,MTQ,1998,77.8386
Montserrat,MSR,1998,72.8449
Mauritania,MRT,1998,59.8896
Mozambique,MOZ,1998,48.2121
Northern Mariana Islands,MNP,1998,73.5727
Mongolia,MNG,1998,62.1208
Montenegro,MNE,1998,73.4418
Myanmar,MMR,1998,59.896
Malta,MLT,1998,77.7987
Mali,MLI,1998,49.5919
North Macedonia,MKD,1998,71.8025
Marshall Islands,MHL,1998,63.2175
Mexico,MEX,1998,71.7924
Maldives,MDV,1998,69.303
Madagascar,MDG,1998,56.8028
Moldova,MDA,1998,66.8403
Monaco,MCO,1998,81.6054
Morocco,MAR,1998,66.0078
Saint Martin (French part),MAF,1998,76.338
Macao,MAC,1998,78.7453
Latvia,LVA,1998,68.8508
Luxembourg,LUX,1998,76.5712
Lithuania,LTU,1998,71.3303
Lesotho,LSO,1998,52.0287
Sri Lanka,LKA,1998,70.1342
Liechtenstein,LIE,1998,77.8058
Saint Lucia,LCA,1998,70.6798
Libya,LBY,1998,70.6567
Liberia,LBR,1998,49.3671
Lebanon,LBN,1998,73.2005
Laos,LAO,1998,57.5489
Kuwait,KWT,1998,75.612
South Korea,KOR,1998,75.035
Saint Kitts and Nevis,KNA,1998,67.8906
Kiribati,KIR,1998,64.1
Cambodia,KHM,1998,57.8595
Kyrgyzstan,KGZ,1998,64.5788
Kenya,KEN,1998,55.5681
Kazakhstan,KAZ,1998,63.349
Japan,JPN,1998,80.6487
Jordan,JOR,1998,71.521
Jersey,JEY,1998,78.064
Jamaica,JAM,1998,71.1697
Italy,ITA,1998,78.8068
Israel,ISR,1998,78.5881
Iceland,ISL,1998,79.3963
Iraq,IRQ,1998,64.4049
Iran,IRN,1998,69.2136
Ireland,IRL,1998,76.1848
India,IND,1998,61.8525
Isle of Man,IMN,1998,74.2043
Indonesia,IDN,1998,65.9416
Hungary,HUN,1998,70.9186
Haiti,HTI,1998,57.1373
Croatia,HRV,1998,73.1929
Honduras,HND,1998,62.4316
Hong Kong,HKG,1998,80.0723
Guyana,GUY,1998,63.4292
Guam,GUM,1998,74.7533
French Guiana,GUF,1998,72.4918
Guatemala,GTM,1998,65.9688
Greenland,GRL,1998,64.6589
Grenada,GRD,1998,72.7622
Greece,GRC,1998,78.3027
Equatorial Guinea,GNQ,1998,52.6464
Guinea-Bissau,GNB,1998,48.1231
Gambia,GMB,1998,56.0074
Guadeloupe,GLP,1998,76.4287
Guinea,GIN,1998,51.6099
Gibraltar,GIB,1998,79.4765
Ghana,GHA,1998,57.5245
Guernsey,GGY,1998,79.1567
Georgia,GEO,1998,69.7869
United Kingdom,GBR,1998,77.2745
Gabon,GAB,1998,61.506
Micronesia (country),FSM,1998,64.5091
Faroe Islands,FRO,1998,78.0235
France,FRA,1998,78.5879
Falkland Islands,FLK,1998,68.1614
Fiji,FJI,1998,66.5364
Finland,FIN,1998,77.2592
Ethiopia,ETH,1998,49.7854
Estonia,EST,1998,69.8404
Spain,ESP,1998,78.9395
Western Sahara,ESH,1998,61.7098
Eritrea,ERI,1998,49.9968
Egypt,EGY,1998,66.6355
Ecuador,ECU,1998,71.9493
Algeria,DZA,1998,69.3271
Dominican Republic,DOM,1998,69.8754
Denmark,DNK,1998,76.4357
Dominica,DMA,1998,71.3524
Djibouti,DJI,1998,56.4263
Germany,DEU,1998,77.5759
Czechia,CZE,1998,74.5527
Cyprus,CYP,1998,77.1641
Cayman Islands,CYM,1998,74.08
Curacao,CUW,1998,73.0839
Cuba,CUB,1998,75.4123
Costa Rica,CRI,1998,76.8686
Cape Verde,CPV,1998,66.7144
Comoros,COM,1998,58.3008
Colombia,COL,1998,70.9236
Cook Islands,COK,1998,69.3244
Congo,COG,1998,52.5509
Democratic Republic of Congo,COD,1998,49.6637
Cameroon,CMR,1998,53.0433
Cote d'Ivoire,CIV,1998,51.22
China,CHN,1998,71.6014
Chile,CHL,1998,76.3241
Switzerland,CHE,1998,79.4752
Canada,CAN,1998,78.6741
Central African Republic,CAF,1998,47.0892
Botswana,BWA,1998,52.9685
Bhutan,BTN,1998,61.3225
Brunei,BRN,1998,73.584
Barbados,BRB,1998,74.4652
Brazil,BRA,1998,68.8482
Bolivia,BOL,1998,61.2274
Bermuda,BMU,1998,77.389
Belize,BLZ,1998,68.9063
Belarus,BLR,1998,68.2715
Saint Barthelemy,BLM,1998,78.7251
Bosnia and Herzegovina,BIH,1998,74.4725
Bahamas,BHS,1998,71.8399
Bahrain,BHR,1998,74.1381
Bulgaria,BGR,1998,70.8733
Bangladesh,BGD,1998,60.4291
Burkina Faso,BFA,1998,50.1629
Bonaire Sint Eustatius and Saba,BES,1998,75.8261
Benin,BEN,1998,56.1545
Belgium,BEL,1998,77.4763
Burundi,BDI,1998,46.6781
Azerbaijan,AZE,1998,63.7498
Austria,AUT,1998,77.7823
Australia,AUS,1998,79.0202
Antigua and Barbuda,ATG,1998,74.1873
American Samoa,ASM,1998,71.5421
Armenia,ARM,1998,70.0054
Argentina,ARG,1998,73.4121
United Arab Emirates,ARE,1998,73.66
Andorra,AND,1998,81.2803
Albania,ALB,1998,74.3572
Anguilla,AIA,1998,74.6097
Angola,AGO,1998,45.4515
Afghanistan,AFG,1998,52.487
Aruba,ABW,1998,72.9397
Zimbabwe,ZWE,1999,46.3786
Zambia,ZMB,1999,45.924
South Africa,ZAF,1999,59.1895
Yemen,YEM,1999,62.2754
Samoa,WSM,1999,70.555
Wallis and Futuna,WLF,1999,75.0162
Vanuatu,VUT,1999,67.9244
Vietnam,VNM,1999,72.5754
United States Virgin Islands,VIR,1999,71.1089
British Virgin Islands,VGB,1999,74.6516
Venezuela,VEN,1999,72.0883
Saint Vincent and the Grenadines,VCT,1999,70.312
Vatican,VAT,1999,78.668
Uzbekistan,UZB,1999,65.3071
United States,USA,1999,76.6691
Uruguay,URY,1999,74.2926
Ukraine,UKR,1999,68.0037
Uganda,UGA,1999,48.9771
Tanzania,TZA,1999,52.3988
Taiwan,TWN,1999,75.6198
Tuvalu,TUV,1999,63.3457
Turkey,TUR,1999,70.7523
Tunisia,TUN,1999,72.3435
Trinidad and Tobago,TTO,1999,68.5087
Tonga,TON,1999,69.4315
East Timor,TLS,1999,45.2456
Turkmenistan,TKM,1999,64.4749
Tokelau,TKL,1999,71.9999
Tajikistan,TJK,1999,63.1138
Thailand,THA,1999,70.9787
Togo,TGO,1999,54.3101
Chad,TCD,1999,47.9336
Turks and Caicos Islands,TCA,1999,73.5309
Syria,SYR,1999,70.5065
Seychelles,SYC,1999,71.2079
Sint Maarten (Dutch part),SXM,1999,74.2222
Eswatini,SWZ,1999,48.8076
Sweden,SWE,1999,79.5085
Slovenia,SVN,1999,75.4538
Slovakia,SVK,1999,72.9625
Suriname,SUR,1999,64.0353
Sao Tome and Principe,STP,1999,60.9761
South Sudan,SSD,1999,44.5371
Serbia,SRB,1999,69.9939
Saint Pierre and Miquelon,SPM,1999,74.6456
Somalia,SOM,1999,50.611
San Marino,SMR,1999,80.1998
El Salvador,SLV,1999,67.2851
Sierra Leone,SLE,1999,41.9622
Solomon Islands,SLB,1999,67.001
Saint Helena,SHN,1999,76.0399
Singapore,SGP,1999,77.2711
Senegal,SEN,1999,57.3145
Sudan,SDN,1999,58.6073
Saudi Arabia,SAU,1999,72.2903
Rwanda,RWA,1999,45.7487
Russia,RUS,1999,65.5954
Romania,ROU,1999,70.5814
Reunion,REU,1999,76.8402
Qatar,QAT,1999,75.0483
French Polynesia,PYF,1999,78.5739
Palestine,PSE,1999,70.7887
Paraguay,PRY,1999,69.7739
Portugal,PRT,1999,76.3218
North Korea,PRK,1999,60.9098
Puerto Rico,PRI,1999,75.2783
Poland,POL,1999,73.2237
Papua New Guinea,PNG,1999,61.5053
Palau,PLW,1999,64.2298
Philippines,PHL,1999,67.5027
Peru,PER,1999,69.302
Panama,PAN,1999,73.1239
Pakistan,PAK,1999,61.5396
World,OWID_WRL,1999,66.0412
Kosovo,OWID_KOS,1999,58.2652
Oman,OMN,1999,73.2761
New Zealand,NZL,1999,77.9107
Nauru,NRU,1999,59.7007
Nepal,NPL,1999,62.0353
Norway,NOR,1999,78.3864
Netherlands,NLD,1999,77.9678
Niue,NIU,1999,65.6411
Nicaragua,NIC,1999,65.8924
Nigeria,NGA,1999,46.6088
Niger,NER,1999,48.4801
New Caledonia,NCL,1999,73.1407
Namibia,NAM,1999,53.9825
Mayotte,MYT,1999,76.1145
Malaysia,MYS,1999,72.4278
Malawi,MWI,1999,45.06
Mauritius,MUS,1999,71.3903
Martinique,MTQ,1999,78.0811
Montserrat,MSR,1999,72.9668
Mauritania,MRT,1999,60.4426
Mozambique,MOZ,1999,48.8374
Northern Mariana Islands,MNP,1999,74.2624
Mongolia,MNG,1999,62.8346
Montenegro,MNE,1999,73.2935
Myanmar,MMR,1999,60.1066
Malta,MLT,1999,77.7525
Mali,MLI,1999,50.0603
North Macedonia,MKD,1999,72.3084
Marshall Islands,MHL,1999,63.4207
Mexico,MEX,1999,72.2034
Maldives,MDV,1999,70.1567
Madagascar,MDG,1999,57.4344
Moldova,MDA,1999,67.2047
Monaco,MCO,1999,81.8264
Morocco,MAR,1999,66.4037
Saint Martin (French part),MAF,1999,76.5654
Macao,MAC,1999,79.1251
Latvia,LVA,1999,69.6483
Luxembourg,LUX,1999,76.9864
Lithuania,LTU,1999,71.7172
Lesotho,LSO,1999,50.3848
Sri Lanka,LKA,1999,70.4265
Liechtenstein,LIE,1999,78.1507
Saint Lucia,LCA,1999,70.6917
Libya,LBY,1999,70.6007
Liberia,LBR,1999,50.4116
Lebanon,LBN,1999,73.5135
Laos,LAO,1999,57.8658
Kuwait,KWT,1999,75.7223
South Korea,KOR,1999,75.6173
Saint Kitts and Nevis,KNA,1999,68.7251
Kiribati,KIR,1999,64.3933
Cambodia,KHM,1999,58.6108
Kyrgyzstan,KGZ,1999,64.9161
Kenya,KEN,1999,55.8658
Kazakhstan,KAZ,1999,63.5279
Japan,JPN,1999,80.6129
Jordan,JOR,1999,71.7373
Jersey,JEY,1999,78.2262
Jamaica,JAM,1999,71.1885
Italy,ITA,1999,79.205
Israel,ISR,1999,78.8907
Iceland,ISL,1999,79.2363
Iraq,IRQ,1999,64.5316
Iran,IRN,1999,69.6858
Ireland,IRL,1999,76.089
India,IND,1999,62.2837
Isle of Man,IMN,1999,74.4686
Indonesia,IDN,1999,66.0015
Hungary,HUN,1999,71.0402
Haiti,HTI,1999,57.6923
Croatia,HRV,1999,73.6092
Honduras,HND,1999,68.0049
Hong Kong,HKG,1999,80.389
Guyana,GUY,1999,63.7715
Guam,GUM,1999,74.7894
French Guiana,GUF,1999,72.7198
Guatemala,GTM,1999,66.6342
Greenland,GRL,1999,65.1213
Grenada,GRD,1999,72.8725
Greece,GRC,1999,78.4233
Equatorial Guinea,GNQ,1999,53.0013
Guinea-Bissau,GNB,1999,48.4919
Gambia,GMB,1999,56.4657
Guadeloupe,GLP,1999,76.7438
Guinea,GIN,1999,51.9871
Gibraltar,GIB,1999,79.8124
Ghana,GHA,1999,57.8354
Guernsey,GGY,1999,80.2553
Georgia,GEO,1999,70.0116
United Kingdom,GBR,1999,77.3728
Gabon,GAB,1999,61.658
Micronesia (country),FSM,1999,64.6261
Faroe Islands,FRO,1999,78.1483
France,FRA,1999,78.7457
Falkland Islands,FLK,1999,69.7716
Fiji,FJI,1999,66.728
Finland,FIN,1999,77.4507
Ethiopia,ETH,1999,49.4857
Estonia,EST,1999,70.6807
Spain,ESP,1999,78.9437
Western Sahara,ESH,1999,62.2309
Eritrea,ERI,1999,44.5061
Egypt,EGY,1999,67.0104
Ecuador,ECU,1999,71.9198
Algeria,DZA,1999,70.0881
Dominican Republic,DOM,1999,70.1781
Denmark,DNK,1999,76.5777
Dominica,DMA,1999,71.5274
Djibouti,DJI,1999,56.5638
Germany,DEU,1999,77.7977
Czechia,CZE,1999,74.7414
Cyprus,CYP,1999,77.5715
Cayman Islands,CYM,1999,74.2318
Curacao,CUW,1999,73.174
Cuba,CUB,1999,75.7191
Costa Rica,CRI,1999,77.0581
Cape Verde,CPV,1999,67.4087
Comoros,COM,1999,58.8533
Colombia,COL,1999,70.9131
Cook Islands,COK,1999,69.585
Congo,COG,1999,54.4272
Democratic Republic of Congo,COD,1999,50.0888
Cameroon,CMR,1999,53.1663
Cote d'Ivoire,CIV,1999,51.2728
China,CHN,1999,71.9519
Chile,CHL,1999,76.7382
Switzerland,CHE,1999,79.7235
Canada,CAN,1999,78.8851
Central African Republic,CAF,1999,46.9095
Botswana,BWA,1999,52.4993
Bhutan,BTN,1999,62.0323
Brunei,BRN,1999,73.806
Barbados,BRB,1999,74.5868
Brazil,BRA,1999,69.2111
Bolivia,BOL,1999,61.6551
Bermuda,BMU,1999,77.8537
Belize,BLZ,1999,68.9764
Belarus,BLR,1999,68.4193
Saint Barthelemy,BLM,1999,79.0707
Bosnia and Herzegovina,BIH,1999,74.9464
Bahamas,BHS,1999,72.1465
Bahrain,BHR,1999,74.4053
Bulgaria,BGR,1999,71.5607
Bangladesh,BGD,1999,61.2444
Burkina Faso,BFA,1999,50.4632
Bonaire Sint Eustatius and Saba,BES,1999,75.7627
Benin,BEN,1999,56.3363
Belgium,BEL,1999,77.6479
Burundi,BDI,1999,47.6266
Azerbaijan,AZE,1999,64.7334
Austria,AUT,1999,77.9554
Australia,AUS,1999,79.2769
Antigua and Barbuda,ATG,1999,74.456
American Samoa,ASM,1999,71.484
Armenia,ARM,1999,70.418
Argentina,ARG,1999,73.6833
United Arab Emirates,ARE,1999,74.9818
Andorra,AND,1999,81.5505
Albania,ALB,1999,74.5684
Anguilla,AIA,1999,74.8918
Angola,AGO,1999,45.8077
Afghanistan,AFG,1999,54.5324
Aruba,ABW,1999,72.8568
Zimbabwe,ZWE,2000,46.0339
Zambia,ZMB,2000,46.5771
South Africa,ZAF,2000,58.3678
Yemen,YEM,2000,62.761
Samoa,WSM,2000,70.7906
Wallis and Futuna,WLF,2000,75.3901
Vanuatu,VUT,2000,68.586
Vietnam,VNM,2000,72.7455
United States Virgin Islands,VIR,2000,71.8046
British Virgin Islands,VGB,2000,74.753
Venezuela,VEN,2000,72.3876
Saint Vincent and the Grenadines,VCT,2000,70.3498
Vatican,VAT,2000,79.3373
Uzbekistan,UZB,2000,65.456
United States,USA,2000,76.8058
Uruguay,URY,2000,74.6929
Ukraine,UKR,2000,67.7862
Uganda,UGA,2000,49.6397
Tanzania,TZA,2000,53.2439
Taiwan,TWN,2000,76.1389
Tuvalu,TUV,2000,63.5356
Turkey,TUR,2000,71.9312
Tunisia,TUN,2000,72.6043
Trinidad and Tobago,TTO,2000,68.6288
Tonga,TON,2000,69.6349
East Timor,TLS,2000,58.0969
Turkmenistan,TKM,2000,64.9315
Tokelau,TKL,2000,72.1967
Tajikistan,TJK,2000,63.542
Thailand,THA,2000,71.2053
Togo,TGO,2000,54.577
Chad,TCD,2000,47.937
Turks and Caicos Islands,TCA,2000,73.9715
Syria,SYR,2000,70.8563
Seychelles,SYC,2000,71.3127
Sint Maarten (Dutch part),SXM,2000,74.4091
Eswatini,SWZ,2000,47.6273
Sweden,SWE,2000,79.7387
Slovenia,SVN,2000,75.8302
Slovakia,SVK,2000,73.1393
Suriname,SUR,2000,64.4089
Sao Tome and Principe,STP,2000,61.2067
South Sudan,SSD,2000,47.5913
Serbia,SRB,2000,72.3344
Saint Pierre and Miquelon,SPM,2000,74.8809
Somalia,SOM,2000,50.7466
San Marino,SMR,2000,80.5036
El Salvador,SLV,2000,67.7114
Sierra Leone,SLE,2000,44.8341
Solomon Islands,SLB,2000,67.1164
Saint Helena,SHN,2000,75.7544
Singapore,SGP,2000,77.7525
Senegal,SEN,2000,57.6153
Sudan,SDN,2000,58.9456
Saudi Arabia,SAU,2000,72.6067
Rwanda,RWA,2000,47.7977
Russia,RUS,2000,64.9982
Romania,ROU,2000,71.1594
Reunion,REU,2000,77.0091
Qatar,QAT,2000,75.25
French Polynesia,PYF,2000,79.0001
Palestine,PSE,2000,70.2984
Paraguay,PRY,2000,70.0259
Portugal,PRT,2000,76.8301
North Korea,PRK,2000,60.9111
Puerto Rico,PRI,2000,75.5141
Poland,POL,2000,73.6453
Papua New Guinea,PNG,2000,61.6091
Palau,PLW,2000,64.4991
Philippines,PHL,2000,67.7892
Peru,PER,2000,69.821
Panama,PAN,2000,73.4432
Pakistan,PAK,2000,61.9029
World,OWID_WRL,2000,66.4333
Kosovo,OWID_KOS,2000,71.3212
Oman,OMN,2000,73.6428
New Zealand,NZL,2000,78.6681
Nauru,NRU,2000,59.5743
Nepal,NPL,2000,62.6424
Norway,NOR,2000,78.6916
Netherlands,NLD,2000,78.13
Niue,NIU,2000,66.6454
Nicaragua,NIC,2000,66.3601
Nigeria,NGA,2000,47.1427
Niger,NER,2000,49.1725
New Caledonia,NCL,2000,73.5737
Namibia,NAM,2000,52.9462
Mayotte,MYT,2000,76.3612
Malaysia,MYS,2000,72.7324
Malawi,MWI,2000,46.1698
Mauritius,MUS,2000,71.7597
Martinique,MTQ,2000,78.4973
Montserrat,MSR,2000,73.1501
Mauritania,MRT,2000,61.0435
Mozambique,MOZ,2000,49.4762
Northern Mariana Islands,MNP,2000,74.9002
Mongolia,MNG,2000,63.4577
Montenegro,MNE,2000,73.5522
Myanmar,MMR,2000,60.3567
Malta,MLT,2000,77.9031
Mali,MLI,2000,50.6046
North Macedonia,MKD,2000,72.569
Marshall Islands,MHL,2000,63.3233
Mexico,MEX,2000,72.5621
Maldives,MDV,2000,70.8919
Madagascar,MDG,2000,57.9742
Moldova,MDA,2000,67.4623
Monaco,MCO,2000,82.1207
Morocco,MAR,2000,66.7937
Saint Martin (French part),MAF,2000,76.7932
Macao,MAC,2000,79.4292
Latvia,LVA,2000,70.1755
Luxembourg,LUX,2000,77.2635
Lithuania,LTU,2000,72.1387
Lesotho,LSO,2000,48.7828
Sri Lanka,LKA,2000,71.1787
Liechtenstein,LIE,2000,78.5757
Saint Lucia,LCA,2000,70.7791
Libya,LBY,2000,70.5421
Liberia,LBR,2000,51.8517
Lebanon,LBN,2000,73.8949
Laos,LAO,2000,58.3168
Kuwait,KWT,2000,75.8728
South Korea,KOR,2000,76.2351
Saint Kitts and Nevis,KNA,2000,69.2488
Kiribati,KIR,2000,64.6739
Cambodia,KHM,2000,59.4914
Kyrgyzstan,KGZ,2000,65.2419
Kenya,KEN,2000,56.0836
Kazakhstan,KAZ,2000,63.793
Japan,JPN,2000,81.1788
Jordan,JOR,2000,71.9258
Jersey,JEY,2000,78.4235
Jamaica,JAM,2000,71.2814
Italy,ITA,2000,79.607
Israel,ISR,2000,79.1797
Iceland,ISL,2000,79.5485
Iraq,IRQ,2000,64.8603
Iran,IRN,2000,70.1665
Ireland,IRL,2000,76.535
India,IND,2000,62.7492
Isle of Man,IMN,2000,74.8419
Indonesia,IDN,2000,66.2919
Hungary,HUN,2000,71.7581
Haiti,HTI,2000,58.1749
Croatia,HRV,2000,74.0014
Honduras,HND,2000,68.3018
Hong Kong,HKG,2000,80.7045
Guyana,GUY,2000,64.0748
Guam,GUM,2000,74.894
French Guiana,GUF,2000,72.9651
Guatemala,GTM,2000,67.1018
Greenland,GRL,2000,65.6313
Grenada,GRD,2000,72.9547
Greece,GRC,2000,78.442
Equatorial Guinea,GNQ,2000,53.3952
Guinea-Bissau,GNB,2000,50.5646
Gambia,GMB,2000,56.8994
Guadeloupe,GLP,2000,77.08
Guinea,GIN,2000,52.4197
Gibraltar,GIB,2000,80.1446
Ghana,GHA,2000,58.1392
Guernsey,GGY,2000,79.3867
Georgia,GEO,2000,70.0909
United Kingdom,GBR,2000,77.8491
Gabon,GAB,2000,61.8098
Micronesia (country),FSM,2000,64.3173
Faroe Islands,FRO,2000,78.2507
France,FRA,2000,79.0438
Falkland Islands,FLK,2000,71.1332
Fiji,FJI,2000,66.1937
Finland,FIN,2000,77.6713
Ethiopia,ETH,2000,50.8802
Estonia,EST,2000,71.0142
Spain,ESP,2000,79.4123
Western Sahara,ESH,2000,62.7345
Eritrea,ERI,2000,56.2852
Egypt,EGY,2000,67.3323
Ecuador,ECU,2000,72.0896
Algeria,DZA,2000,70.5759
Dominican Republic,DOM,2000,70.3647
Denmark,DNK,2000,76.8152
Dominica,DMA,2000,71.7154
Djibouti,DJI,2000,56.7341
Germany,DEU,2000,78.0563
Czechia,CZE,2000,74.9781
Cyprus,CYP,2000,77.9
Cayman Islands,CYM,2000,74.3779
Curacao,CUW,2000,73.2829
Cuba,CUB,2000,75.9224
Costa Rica,CRI,2000,77.3175
Cape Verde,CPV,2000,68.1167
Comoros,COM,2000,58.9407
Colombia,COL,2000,70.905
Cook Islands,COK,2000,69.8493
Congo,COG,2000,55.3706
Democratic Republic of Congo,COD,2000,51.8871
Cameroon,CMR,2000,53.3376
Cote d'Ivoire,CIV,2000,51.3927
China,CHN,2000,72.2885
Chile,CHL,2000,77.1276
Switzerland,CHE,2000,79.834
Canada,CAN,2000,79.233
Central African Republic,CAF,2000,46.6095
Botswana,BWA,2000,52.2631
Bhutan,BTN,2000,61.8417
Brunei,BRN,2000,74.0169
Barbados,BRB,2000,74.5803
Brazil,BRA,2000,69.5842
Bolivia,BOL,2000,62.0572
Bermuda,BMU,2000,78.2508
Belize,BLZ,2000,68.9108
Belarus,BLR,2000,68.4637
Saint Barthelemy,BLM,2000,79.3411
Bosnia and Herzegovina,BIH,2000,75.292
Bahamas,BHS,2000,72.4812
Bahrain,BHR,2000,74.6726
Bulgaria,BGR,2000,71.5746
Bangladesh,BGD,2000,62.0487
Burkina Faso,BFA,2000,50.8081
Bonaire Sint Eustatius and Saba,BES,2000,76.088
Benin,BEN,2000,56.5945
Belgium,BEL,2000,77.7684
Burundi,BDI,2000,47.6166
Azerbaijan,AZE,2000,65.3772
Austria,AUT,2000,78.235
Australia,AUS,2000,79.6207
Antigua and Barbuda,ATG,2000,74.8191
American Samoa,ASM,2000,71.4429
Armenia,ARM,2000,70.8123
Argentina,ARG,2000,73.91
United Arab Emirates,ARE,2000,76.347
Andorra,AND,2000,81.8633
Albania,ALB,2000,74.8262
Anguilla,AIA,2000,75.1471
Angola,AGO,2000,46.5005
Afghanistan,AFG,2000,55.0047
Aruba,ABW,2000,72.9393
Zimbabwe,ZWE,2001,44.5249
Zambia,ZMB,2001,47.4077
South Africa,ZAF,2001,57.1607
Yemen,YEM,2001,63.2864
Samoa,WSM,2001,71.0284
Wallis and Futuna,WLF,2001,75.6448
Vanuatu,VUT,2001,68.722
Vietnam,VNM,2001,72.9842
United States Virgin Islands,VIR,2001,72.2175
British Virgin Islands,VGB,2001,74.8308
Venezuela,VEN,2001,71.0189
Saint Vincent and the Grenadines,VCT,2001,70.3817
Vatican,VAT,2001,79.8502
Uzbekistan,UZB,2001,65.8532
United States,USA,2001,76.9194
Uruguay,URY,2001,74.9865
Ukraine,UKR,2001,67.6754
Uganda,UGA,2001,50.5761
Tanzania,TZA,2001,54.1243
Taiwan,TWN,2001,76.4775
Tuvalu,TUV,2001,63.709
Turkey,TUR,2001,72.2711
Tunisia,TUN,2001,72.8219
Trinidad and Tobago,TTO,2001,68.8744
Tonga,TON,2001,69.7998
East Timor,TLS,2001,58.7722
Turkmenistan,TKM,2001,65.3246
Tokelau,TKL,2001,72.4259
Tajikistan,TJK,2001,64.197
Thailand,THA,2001,71.5198
Togo,TGO,2001,54.7456
Chad,TCD,2001,48.3056
Turks and Caicos Islands,TCA,2001,74.4085
Syria,SYR,2001,71.2958
Seychelles,SYC,2001,71.4292
Sint Maarten (Dutch part),SXM,2001,74.5246
Eswatini,SWZ,2001,46.3442
Sweden,SWE,2001,79.8363
Slovenia,SVN,2001,76.1809
Slovakia,SVK,2001,73.5706
Suriname,SUR,2001,64.8201
Sao Tome and Principe,STP,2001,61.4996
South Sudan,SSD,2001,48.5505
Serbia,SRB,2001,72.2745
Saint Pierre and Miquelon,SPM,2001,75.1069
Somalia,SOM,2001,50.8291
San Marino,SMR,2001,80.8028
El Salvador,SLV,2001,67.9645
Sierra Leone,SLE,2001,45.4476
Solomon Islands,SLB,2001,67.2365
Saint Helena,SHN,2001,76.0621
Singapore,SGP,2001,78.2668
Senegal,SEN,2001,58.158
Sudan,SDN,2001,59.2641
Saudi Arabia,SAU,2001,72.9505
Rwanda,RWA,2001,49.4897
Russia,RUS,2001,65.0151
Romania,ROU,2001,71.1223
Reunion,REU,2001,77.145
Qatar,QAT,2001,75.4858
French Polynesia,PYF,2001,79.3158
Palestine,PSE,2001,69.75
Paraguay,PRY,2001,70.2808
Portugal,PRT,2001,77.1517
North Korea,PRK,2001,60.8926
Puerto Rico,PRI,2001,75.9715
Poland,POL,2001,74.1771
Papua New Guinea,PNG,2001,61.6465
Palau,PLW,2001,64.8001
Philippines,PHL,2001,67.8286
Peru,PER,2001,70.315
Panama,PAN,2001,73.8197
Pakistan,PAK,2001,62.2406
World,OWID_WRL,2001,66.7531
Kosovo,OWID_KOS,2001,71.7825
Oman,OMN,2001,73.9788
New Zealand,NZL,2001,78.6615
Nauru,NRU,2001,59.4823
Nepal,NPL,2001,63.2881
Norway,NOR,2001,78.8958
Netherlands,NLD,2001,78.3379
Niue,NIU,2001,66.7003
Nicaragua,NIC,2001,67.0281
Nigeria,NGA,2001,47.5493
Niger,NER,2001,49.8722
New Caledonia,NCL,2001,73.9577
Namibia,NAM,2001,51.9803
Mayotte,MYT,2001,76.5265
Malaysia,MYS,2001,73.08
Malawi,MWI,2001,47.2049
Mauritius,MUS,2001,71.9853
Martinique,MTQ,2001,78.4308
Montserrat,MSR,2001,73.331
Mauritania,MRT,2001,61.6617
Mozambique,MOZ,2001,50.2593
Northern Mariana Islands,MNP,2001,75.4188
Mongolia,MNG,2001,63.8055
Montenegro,MNE,2001,73.739
Myanmar,MMR,2001,60.6398
Malta,MLT,2001,78.9023
Mali,MLI,2001,51.3004
North Macedonia,MKD,2001,73.0061
Marshall Islands,MHL,2001,63.7347
Mexico,MEX,2001,72.9118
Maldives,MDV,2001,71.6593
Madagascar,MDG,2001,58.6744
Moldova,MDA,2001,67.6725
Monaco,MCO,2001,82.485
Morocco,MAR,2001,67.1996
Saint Martin (French part),MAF,2001,77.0093
Macao,MAC,2001,79.8122
Latvia,LVA,2001,69.9058
Luxembourg,LUX,2001,77.5298
Lithuania,LTU,2001,71.7123
Lesotho,LSO,2001,47.1525
Sri Lanka,LKA,2001,71.8044
Liechtenstein,LIE,2001,79.1936
Saint Lucia,LCA,2001,71.3671
Libya,LBY,2001,70.6533
Liberia,LBR,2001,53.1095
Lebanon,LBN,2001,74.3542
Laos,LAO,2001,58.8867
Kuwait,KWT,2001,76.0366
South Korea,KOR,2001,76.9195
Saint Kitts and Nevis,KNA,2001,69.7671
Kiribati,KIR,2001,64.9179
Cambodia,KHM,2001,60.4566
Kyrgyzstan,KGZ,2001,65.3191
Kenya,KEN,2001,56.5005
Kazakhstan,KAZ,2001,64.1081
Japan,JPN,2001,81.5101
Jordan,JOR,2001,72.1412
Jersey,JEY,2001,78.6317
Jamaica,JAM,2001,71.2872
Italy,ITA,2001,79.8849
Israel,ISR,2001,79.4787
Iceland,ISL,2001,80.4209
Iraq,IRQ,2001,65.292
Iran,IRN,2001,70.6188
Ireland,IRL,2001,77.1003
India,IND,2001,63.1581
Isle of Man,IMN,2001,75.2893
Indonesia,IDN,2001,66.5826
Hungary,HUN,2001,72.3944
Haiti,HTI,2001,58.5914
Croatia,HRV,2001,74.3547
Honduras,HND,2001,68.4906
Hong Kong,HKG,2001,80.992
Guyana,GUY,2001,64.3804
Guam,GUM,2001,75.1948
French Guiana,GUF,2001,73.3225
Guatemala,GTM,2001,67.4365
Greenland,GRL,2001,66.2727
Grenada,GRD,2001,73.0336
Greece,GRC,2001,78.9087
Equatorial Guinea,GNQ,2001,53.8271
Guinea-Bissau,GNB,2001,51.0536
Gambia,GMB,2001,57.2832
Guadeloupe,GLP,2001,77.2667
Guinea,GIN,2001,52.669
Gibraltar,GIB,2001,80.4187
Ghana,GHA,2001,58.403
Guernsey,GGY,2001,79.487
Georgia,GEO,2001,70.3705
United Kingdom,GBR,2001,78.1208
Gabon,GAB,2001,61.9818
Micronesia (country),FSM,2001,64.8013
Faroe Islands,FRO,2001,78.3251
France,FRA,2001,79.2208
Falkland Islands,FLK,2001,72.2665
Fiji,FJI,2001,66.2047
Finland,FIN,2001,78.1423
Ethiopia,ETH,2001,51.4276
Estonia,EST,2001,70.8336
Spain,ESP,2001,79.7387
Western Sahara,ESH,2001,63.2225
Eritrea,ERI,2001,58.3587
Egypt,EGY,2001,67.6118
Ecuador,ECU,2001,72.5709
Algeria,DZA,2001,71.0245
Dominican Republic,DOM,2001,70.5531
Denmark,DNK,2001,76.9736
Dominica,DMA,2001,71.8624
Djibouti,DJI,2001,57.5059
Germany,DEU,2001,78.4023
Czechia,CZE,2001,75.3141
Cyprus,CYP,2001,78.1848
Cayman Islands,CYM,2001,74.5295
Curacao,CUW,2001,73.3602
Cuba,CUB,2001,76.4287
Costa Rica,CRI,2001,77.609
Cape Verde,CPV,2001,68.7073
Comoros,COM,2001,59.5867
Colombia,COL,2001,71.1853
Cook Islands,COK,2001,70.0852
Congo,COG,2001,55.8849
Democratic Republic of Congo,COD,2001,52.2054
Cameroon,CMR,2001,53.5983
Cote d'Ivoire,CIV,2001,51.4284
China,CHN,2001,72.6755
Chile,CHL,2001,77.5798
Switzerland,CHE,2001,80.2511
Canada,CAN,2001,79.4494
Central African Republic,CAF,2001,46.7338
Botswana,BWA,2001,52.2104
Bhutan,BTN,2001,63.3226
Brunei,BRN,2001,74.2089
Barbados,BRB,2001,74.7065
Brazil,BRA,2001,69.98
Bolivia,BOL,2001,62.5381
Bermuda,BMU,2001,78.6366
Belize,BLZ,2001,68.944
Belarus,BLR,2001,68.4351
Saint Barthelemy,BLM,2001,79.6228
Bosnia and Herzegovina,BIH,2001,75.5725
Bahamas,BHS,2001,72.7654
Bahrain,BHR,2001,74.9419
Bulgaria,BGR,2001,71.8788
Bangladesh,BGD,2001,62.8358
Burkina Faso,BFA,2001,51.1884
Bonaire Sint Eustatius and Saba,BES,2001,75.5183
Benin,BEN,2001,56.6542
Belgium,BEL,2001,78.0824
Burundi,BDI,2001,48.5094
Azerbaijan,AZE,2001,66.0429
Austria,AUT,2001,78.7184
Australia,AUS,2001,80.006
Antigua and Barbuda,ATG,2001,75.1082
American Samoa,ASM,2001,71.5734
Armenia,ARM,2001,71.1744
Argentina,ARG,2001,74.1542
United Arab Emirates,ARE,2001,77.6207
Andorra,AND,2001,82.1618
Albania,ALB,2001,75.083
Anguilla,AIA,2001,75.3965
Angola,AGO,2001,47.0323
Afghanistan,AFG,2001,55.5113
Aruba,ABW,2001,73.0437
Zimbabwe,ZWE,2002,45.9381
Zambia,ZMB,2002,48.4614
South Africa,ZAF,2002,55.5795
Yemen,YEM,2002,63.8066
Samoa,WSM,2002,71.2333
Wallis and Futuna,WLF,2002,75.7205
Vanuatu,VUT,2002,68.8358
Vietnam,VNM,2002,73.1384
United States Virgin Islands,VIR,2002,72.0544
British Virgin Islands,VGB,2002,74.9708
Venezuela,VEN,2002,72.8225
Saint Vincent and the Grenadines,VCT,2002,70.6579
Vatican,VAT,2002,79.9531
Uzbekistan,UZB,2002,66.3763
United States,USA,2002,76.9883
Uruguay,URY,2002,74.9788
Ukraine,UKR,2002,67.6986
Uganda,UGA,2002,51.4432
Tanzania,TZA,2002,54.9396
Taiwan,TWN,2002,76.8708
Tuvalu,TUV,2002,63.8246
Turkey,TUR,2002,72.6047
Tunisia,TUN,2002,73.0695
Trinidad and Tobago,TTO,2002,69.2322
Tonga,TON,2002,70.0301
East Timor,TLS,2002,59.4766
Turkmenistan,TKM,2002,65.5934
Tokelau,TKL,2002,72.6536
Tajikistan,TJK,2002,64.8983
Thailand,THA,2002,71.7747
Togo,TGO,2002,55.0319
Chad,TCD,2002,48.3596
Turks and Caicos Islands,TCA,2002,74.8434
Syria,SYR,2002,71.7424
Seychelles,SYC,2002,71.5458
Sint Maarten (Dutch part),SXM,2002,74.5847
Eswatini,SWZ,2002,45.3799
Sweden,SWE,2002,79.9349
Slovenia,SVN,2002,76.3155
Slovakia,SVK,2002,73.765
Suriname,SUR,2002,65.2744
Sao Tome and Principe,STP,2002,61.8262
South Sudan,SSD,2002,49.3942
Serbia,SRB,2002,72.5994
Saint Pierre and Miquelon,SPM,2002,75.3259
Somalia,SOM,2002,50.8202
San Marino,SMR,2002,81.0608
El Salvador,SLV,2002,68.5264
Sierra Leone,SLE,2002,46.1739
Solomon Islands,SLB,2002,67.3501
Saint Helena,SHN,2002,75.83
Singapore,SGP,2002,78.7357
Senegal,SEN,2002,58.9124
Sudan,SDN,2002,59.3078
Saudi Arabia,SAU,2002,73.2959
Rwanda,RWA,2002,51.262
Russia,RUS,2002,64.73
Romania,ROU,2002,70.8348
Reunion,REU,2002,77.3519
Qatar,QAT,2002,75.7655
French Polynesia,PYF,2002,79.5438
Palestine,PSE,2002,70.8805
Paraguay,PRY,2002,70.5393
Portugal,PRT,2002,77.3698
North Korea,PRK,2002,60.8772
Puerto Rico,PRI,2002,76.8192
Poland,POL,2002,74.5183
Papua New Guinea,PNG,2002,61.6432
Palau,PLW,2002,65.0756
Philippines,PHL,2002,67.886
Peru,PER,2002,70.8147
Panama,PAN,2002,74.1947
Pakistan,PAK,2002,62.5561
World,OWID_WRL,2002,67.068
Kosovo,OWID_KOS,2002,72.2266
Oman,OMN,2002,74.2761
New Zealand,NZL,2002,78.8659
Nauru,NRU,2002,59.427
Nepal,NPL,2002,63.5071
Norway,NOR,2002,78.9602
Netherlands,NLD,2002,78.4119
Niue,NIU,2002,66.6898
Nicaragua,NIC,2002,67.9504
Nigeria,NGA,2002,48.0201
Niger,NER,2002,50.6448
New Caledonia,NCL,2002,74.2781
Namibia,NAM,2002,51.9882
Mayotte,MYT,2002,76.6887
Malaysia,MYS,2002,73.4695
Malawi,MWI,2002,48.1757
Mauritius,MUS,2002,72.0549
Martinique,MTQ,2002,78.8801
Montserrat,MSR,2002,73.5523
Mauritania,MRT,2002,62.249
Mozambique,MOZ,2002,50.8793
Northern Mariana Islands,MNP,2002,75.9336
Mongolia,MNG,2002,63.9924
Montenegro,MNE,2002,74.1306
Myanmar,MMR,2002,60.9245
Malta,MLT,2002,78.4668
Mali,MLI,2002,51.9954
North Macedonia,MKD,2002,72.709
Marshall Islands,MHL,2002,63.8483
Mexico,MEX,2002,73.1056
Maldives,MDV,2002,72.3597
Madagascar,MDG,2002,59.1704
Moldova,MDA,2002,67.7926
Monaco,MCO,2002,83.0547
Morocco,MAR,2002,67.5817
Saint Martin (French part),MAF,2002,77.2189
Macao,MAC,2002,80.098
Latvia,LVA,2002,70.1755
Luxembourg,LUX,2002,77.5518
Lithuania,LTU,2002,71.8389
Lesotho,LSO,2002,45.9501
Sri Lanka,LKA,2002,72.2711
Liechtenstein,LIE,2002,79.7588
Saint Lucia,LCA,2002,71.7065
Libya,LBY,2002,70.7883
Liberia,LBR,2002,54.0612
Lebanon,LBN,2002,74.8356
Laos,LAO,2002,59.3024
Kuwait,KWT,2002,76.1881
South Korea,KOR,2002,77.2304
Saint Kitts and Nevis,KNA,2002,70.1939
Kiribati,KIR,2002,65.1233
Cambodia,KHM,2002,61.3945
Kyrgyzstan,KGZ,2002,65.3418
Kenya,KEN,2002,56.7587
Kazakhstan,KAZ,2002,64.4405
Japan,JPN,2002,81.7952
Jordan,JOR,2002,72.3587
Jersey,JEY,2002,78.8352
Jamaica,JAM,2002,71.478
Italy,ITA,2002,80.112
Israel,ISR,2002,79.5137
Iceland,ISL,2002,80.2778
Iraq,IRQ,2002,65.724
Iran,IRN,2002,71.1118
Ireland,IRL,2002,77.5903
India,IND,2002,63.6486
Isle of Man,IMN,2002,75.785
Indonesia,IDN,2002,66.9535
Hungary,HUN,2002,72.5072
Haiti,HTI,2002,59.0411
Croatia,HRV,2002,74.6461
Honduras,HND,2002,68.7141
Hong Kong,HKG,2002,81.18
Guyana,GUY,2002,64.1832
Guam,GUM,2002,75.5056
French Guiana,GUF,2002,73.4925
Guatemala,GTM,2002,67.8345
Greenland,GRL,2002,67.0072
Grenada,GRD,2002,73.1424
Greece,GRC,2002,79.0305
Equatorial Guinea,GNQ,2002,54.3235
Guinea-Bissau,GNB,2002,51.6083
Gambia,GMB,2002,57.7361
Guadeloupe,GLP,2002,77.8108
Guinea,GIN,2002,53.2002
Gibraltar,GIB,2002,80.5898
Ghana,GHA,2002,58.7086
Guernsey,GGY,2002,79.6117
Georgia,GEO,2002,70.438
United Kingdom,GBR,2002,78.237
Gabon,GAB,2002,62.1752
Micronesia (country),FSM,2002,63.9075
Faroe Islands,FRO,2002,78.3664
France,FRA,2002,79.4109
Falkland Islands,FLK,2002,73.2425
Fiji,FJI,2002,65.4923
Finland,FIN,2002,78.27
Ethiopia,ETH,2002,52.0851
Estonia,EST,2002,71.3637
Spain,ESP,2002,79.8177
Western Sahara,ESH,2002,63.7369
Eritrea,ERI,2002,58.9406
Egypt,EGY,2002,67.8456
Ecuador,ECU,2002,73.1643
Algeria,DZA,2002,71.6437
Dominican Republic,DOM,2002,70.7193
Denmark,DNK,2002,77.0989
Dominica,DMA,2002,71.9275
Djibouti,DJI,2002,57.8239
Germany,DEU,2002,78.4749
Czechia,CZE,2002,75.4424
Cyprus,CYP,2002,78.7582
Cayman Islands,CYM,2002,74.6095
Curacao,CUW,2002,73.4722
Cuba,CUB,2002,76.7655
Costa Rica,CRI,2002,77.9394
Cape Verde,CPV,2002,69.4471
Comoros,COM,2002,59.7228
Colombia,COL,2002,71.5366
Cook Islands,COK,2002,70.3447
Congo,COG,2002,56.414
Democratic Republic of Congo,COD,2002,52.3712
Cameroon,CMR,2002,53.9219
Cote d'Ivoire,CIV,2002,51.5441
China,CHN,2002,73.0339
Chile,CHL,2002,77.8397
Switzerland,CHE,2002,80.4438
Canada,CAN,2002,79.5658
Central African Republic,CAF,2002,46.8395
Botswana,BWA,2002,52.3733
Bhutan,BTN,2002,63.984
Brunei,BRN,2002,74.3652
Barbados,BRB,2002,74.8203
Brazil,BRA,2002,70.3958
Bolivia,BOL,2002,63.0676
Bermuda,BMU,2002,78.8406
Belize,BLZ,2002,69.5285
Belarus,BLR,2002,68.2983
Saint Barthelemy,BLM,2002,79.9035
Bosnia and Herzegovina,BIH,2002,75.9938
Bahamas,BHS,2002,73.0234
Bahrain,BHR,2002,75.2086
Bulgaria,BGR,2002,72.128
Bangladesh,BGD,2002,63.5914
Burkina Faso,BFA,2002,51.4475
Bonaire Sint Eustatius and Saba,BES,2002,75.8828
Benin,BEN,2002,56.851
Belgium,BEL,2002,78.1678
Burundi,BDI,2002,49.9237
Azerbaijan,AZE,2002,66.769
Austria,AUT,2002,78.8464
Australia,AUS,2002,80.0515
Antigua and Barbuda,ATG,2002,75.237
American Samoa,ASM,2002,71.7547
Armenia,ARM,2002,71.4859
Argentina,ARG,2002,74.3122
United Arab Emirates,ARE,2002,78.7211
Andorra,AND,2002,82.4485
Albania,ALB,2002,75.2987
Anguilla,AIA,2002,75.6564
Angola,AGO,2002,47.8736
Afghanistan,AFG,2002,56.2251
Aruba,ABW,2002,73.1355
Zimbabwe,ZWE,2003,45.373
Zambia,ZMB,2003,49.6158
South Africa,ZAF,2003,54.2451
Yemen,YEM,2003,64.4075
Samoa,WSM,2003,71.4406
Wallis and Futuna,WLF,2003,75.7606
Vanuatu,VUT,2003,68.9331
Vietnam,VNM,2003,73.2356
United States Virgin Islands,VIR,2003,72.0065
British Virgin Islands,VGB,2003,75.1831
Venezuela,VEN,2003,72.0556
Saint Vincent and the Grenadines,VCT,2003,70.4302
Vatican,VAT,2003,79.8455
Uzbekistan,UZB,2003,66.8523
United States,USA,2003,77.1369
Uruguay,URY,2003,75.0858
Ukraine,UKR,2003,67.6383
Uganda,UGA,2003,52.4136
Tanzania,TZA,2003,55.9292
Taiwan,TWN,2003,77.0431
Tuvalu,TUV,2003,63.8974
Turkey,TUR,2003,72.9061
Tunisia,TUN,2003,73.3036
Trinidad and Tobago,TTO,2003,69.4536
Tonga,TON,2003,70.2275
East Timor,TLS,2003,60.1304
Turkmenistan,TKM,2003,65.8538
Tokelau,TKL,2003,72.8907
Tajikistan,TJK,2003,65.8742
Thailand,THA,2003,72.1012
Togo,TGO,2003,55.2994
Chad,TCD,2003,48.6095
Turks and Caicos Islands,TCA,2003,75.2624
Syria,SYR,2003,72.1875
Seychelles,SYC,2003,71.684
Sint Maarten (Dutch part),SXM,2003,74.5879
Eswatini,SWZ,2003,44.6321
Sweden,SWE,2003,80.1951
Slovenia,SVN,2003,76.3172
Slovakia,SVK,2003,73.8185
Suriname,SUR,2003,65.7785
Sao Tome and Principe,STP,2003,62.1579
South Sudan,SSD,2003,52.3242
Serbia,SRB,2003,72.7222
Saint Pierre and Miquelon,SPM,2003,75.4997
Somalia,SOM,2003,50.7208
San Marino,SMR,2003,81.3303
El Salvador,SLV,2003,68.7918
Sierra Leone,SLE,2003,46.7843
Solomon Islands,SLB,2003,67.4787
Saint Helena,SHN,2003,76.3716
Singapore,SGP,2003,79.1777
Senegal,SEN,2003,59.4735
Sudan,SDN,2003,58.3193
Saudi Arabia,SAU,2003,73.657
Rwanda,RWA,2003,53.5291
Russia,RUS,2003,64.715
Romania,ROU,2003,70.8189
Reunion,REU,2003,77.5633
Qatar,QAT,2003,76.0975
French Polynesia,PYF,2003,79.7103
Palestine,PSE,2003,70.9672
Paraguay,PRY,2003,70.7949
Portugal,PRT,2003,77.5828
North Korea,PRK,2003,69.3986
Puerto Rico,PRI,2003,76.9406
Poland,POL,2003,74.7716
Papua New Guinea,PNG,2003,61.741
Palau,PLW,2003,65.446
Philippines,PHL,2003,68.0491
Peru,PER,2003,71.2777
Panama,PAN,2003,74.5671
Pakistan,PAK,2003,62.8343
World,OWID_WRL,2003,67.4015
Kosovo,OWID_KOS,2003,72.6781
Oman,OMN,2003,74.5213
New Zealand,NZL,2003,79.1414
Nauru,NRU,2003,59.3587
Nepal,NPL,2003,64.2291
Norway,NOR,2003,79.5291
Netherlands,NLD,2003,78.6649
Niue,NIU,2003,66.7746
Nicaragua,NIC,2003,68.7487
Nigeria,NGA,2003,48.618
Niger,NER,2003,51.5448
New Caledonia,NCL,2003,74.4996
Namibia,NAM,2003,51.9178
Mayotte,MYT,2003,76.8373
Malaysia,MYS,2003,73.7273
Malawi,MWI,2003,49.6013
Mauritius,MUS,2003,72.3074
Martinique,MTQ,2003,79.6288
Montserrat,MSR,2003,73.7886
Mauritania,MRT,2003,62.8047
Mozambique,MOZ,2003,51.3831
Northern Mariana Islands,MNP,2003,76.5054
Mongolia,MNG,2003,64.1349
Montenegro,MNE,2003,74.226
Myanmar,MMR,2003,61.196
Malta,MLT,2003,78.6961
Mali,MLI,2003,52.632
North Macedonia,MKD,2003,73.0466
Marshall Islands,MHL,2003,63.9562
Mexico,MEX,2003,73.308
Maldives,MDV,2003,73.2634
Madagascar,MDG,2003,59.6926
Moldova,MDA,2003,67.8998
Monaco,MCO,2003,83.6128
Morocco,MAR,2003,67.9577
Saint Martin (French part),MAF,2003,77.4194
Macao,MAC,2003,80.2148
Latvia,LVA,2003,70.6361
Luxembourg,LUX,2003,77.2624
Lithuania,LTU,2003,72.0883
Lesotho,LSO,2003,44.9214
Sri Lanka,LKA,2003,72.4417
Liechtenstein,LIE,2003,80.2377
Saint Lucia,LCA,2003,72.1883
Libya,LBY,2003,70.996
Liberia,LBR,2003,53.045
Lebanon,LBN,2003,75.2753
Laos,LAO,2003,59.6426
Kuwait,KWT,2003,76.3043
South Korea,KOR,2003,77.4974
Saint Kitts and Nevis,KNA,2003,70.6142
Kiribati,KIR,2003,65.2869
Cambodia,KHM,2003,62.3452
Kyrgyzstan,KGZ,2003,65.4485
Kenya,KEN,2003,57.3694
Kazakhstan,KAZ,2003,64.7533
Japan,JPN,2003,81.854
Jordan,JOR,2003,72.585
Jersey,JEY,2003,79.1306
Jamaica,JAM,2003,71.5846
Italy,ITA,2003,80.191
Israel,ISR,2003,79.8194
Iceland,ISL,2003,80.7678
Iraq,IRQ,2003,64.8339
Iran,IRN,2003,70.4642
Ireland,IRL,2003,78.1003
India,IND,2003,64.0862
Isle of Man,IMN,2003,76.319
Indonesia,IDN,2003,67.134
Hungary,HUN,2003,72.5135
Haiti,HTI,2003,59.4398
Croatia,HRV,2003,74.7093
Honduras,HND,2003,68.8741
Hong Kong,HKG,2003,81.1422
Guyana,GUY,2003,64.1173
Guam,GUM,2003,75.8847
French Guiana,GUF,2003,73.5778
Guatemala,GTM,2003,68.2041
Greenland,GRL,2003,67.6174
Grenada,GRD,2003,73.2907
Greece,GRC,2003,79.0848
Equatorial Guinea,GNQ,2003,54.7913
Guinea-Bissau,GNB,2003,52.186
Gambia,GMB,2003,58.2232
Guadeloupe,GLP,2003,78.1707
Guinea,GIN,2003,53.5891
Gibraltar,GIB,2003,80.7126
Ghana,GHA,2003,59.0141
Guernsey,GGY,2003,79.6828
Georgia,GEO,2003,71.3766
United Kingdom,GBR,2003,78.3302
Gabon,GAB,2003,62.4627
Micronesia (country),FSM,2003,64.9148
Faroe Islands,FRO,2003,78.386
France,FRA,2003,79.419
Falkland Islands,FLK,2003,74.0341
Fiji,FJI,2003,65.6531
Finland,FIN,2003,78.5334
Ethiopia,ETH,2003,52.8773
Estonia,EST,2003,71.923
Spain,ESP,2003,79.7482
Western Sahara,ESH,2003,64.2329
Eritrea,ERI,2003,59.4551
Egypt,EGY,2003,68.0451
Ecuador,ECU,2003,73.632
Algeria,DZA,2003,71.9064
Dominican Republic,DOM,2003,70.8562
Denmark,DNK,2003,77.4012
Dominica,DMA,2003,71.9423
Djibouti,DJI,2003,58.0406
Germany,DEU,2003,78.5361
Czechia,CZE,2003,75.3959
Cyprus,CYP,2003,78.9081
Cayman Islands,CYM,2003,74.6388
Curacao,CUW,2003,73.6031
Cuba,CUB,2003,77.4048
Costa Rica,CRI,2003,78.2142
Cape Verde,CPV,2003,70.0058
Comoros,COM,2003,60.2402
Colombia,COL,2003,72.3086
Cook Islands,COK,2003,70.5785
Congo,COG,2003,57.1313
Democratic Republic of Congo,COD,2003,52.9519
Cameroon,CMR,2003,54.2528
Cote d'Ivoire,CIV,2003,51.4432
China,CHN,2003,73.3853
Chile,CHL,2003,77.8841
Switzerland,CHE,2003,80.5325
Canada,CAN,2003,79.7363
Central African Republic,CAF,2003,47.3059
Botswana,BWA,2003,52.8508
Bhutan,BTN,2003,64.6619
Brunei,BRN,2003,74.5091
Barbados,BRB,2003,74.8653
Brazil,BRA,2003,70.8841
Bolivia,BOL,2003,63.4553
Bermuda,BMU,2003,78.7147
Belize,BLZ,2003,69.8185
Belarus,BLR,2003,68.4289
Saint Barthelemy,BLM,2003,80.1795
Bosnia and Herzegovina,BIH,2003,76.4487
Bahamas,BHS,2003,73.2126
Bahrain,BHR,2003,75.4857
Bulgaria,BGR,2003,72.3727
Bangladesh,BGD,2003,64.2877
Burkina Faso,BFA,2003,51.9586
Bonaire Sint Eustatius and Saba,BES,2003,75.7147
Benin,BEN,2003,57.0924
Belgium,BEL,2003,78.3203
Burundi,BDI,2003,50.997
Azerbaijan,AZE,2003,67.036
Austria,AUT,2003,78.8491
Australia,AUS,2003,80.4396
Antigua and Barbuda,ATG,2003,75.3125
American Samoa,ASM,2003,71.6979
Armenia,ARM,2003,71.7343
Argentina,ARG,2003,74.3073
United Arab Emirates,ARE,2003,79.5995
Andorra,AND,2003,82.7183
Albania,ALB,2003,75.5566
Anguilla,AIA,2003,75.8948
Angola,AGO,2003,50.218
Afghanistan,AFG,2003,57.1713
Aruba,ABW,2003,73.2362
Zimbabwe,ZWE,2004,46.0426
Zambia,ZMB,2004,50.5398
South Africa,ZAF,2004,53.963
Yemen,YEM,2004,64.881
Samoa,WSM,2004,71.5077
Wallis and Futuna,WLF,2004,75.9345
Vanuatu,VUT,2004,68.9847
Vietnam,VNM,2004,73.0623
United States Virgin Islands,VIR,2004,71.8287
British Virgin Islands,VGB,2004,75.4043
Venezuela,VEN,2004,72.7523
Saint Vincent and the Grenadines,VCT,2004,70.4452
Vatican,VAT,2004,80.1907
Uzbekistan,UZB,2004,67.2031
United States,USA,2004,77.535
Uruguay,URY,2004,75.3194
Ukraine,UKR,2004,67.4724
Uganda,UGA,2004,53.6988
Tanzania,TZA,2004,56.8355
Taiwan,TWN,2004,77.1732
Tuvalu,TUV,2004,63.9885
Turkey,TUR,2004,73.2232
Tunisia,TUN,2004,73.5195
Trinidad and Tobago,TTO,2004,69.8791
Tonga,TON,2004,70.433
East Timor,TLS,2004,60.7428
Turkmenistan,TKM,2004,66.0548
Tokelau,TKL,2004,73.1245
Tajikistan,TJK,2004,66.6042
Thailand,THA,2004,72.1
Togo,TGO,2004,55.5941
Chad,TCD,2004,48.6865
Turks and Caicos Islands,TCA,2004,75.6305
Syria,SYR,2004,72.4938
Seychelles,SYC,2004,71.7069
Sint Maarten (Dutch part),SXM,2004,74.6175
Eswatini,SWZ,2004,43.9064
Sweden,SWE,2004,80.5465
Slovenia,SVN,2004,76.9319
Slovakia,SVK,2004,74.2172
Suriname,SUR,2004,66.3615
Sao Tome and Principe,STP,2004,62.5601
South Sudan,SSD,2004,53.0517
Serbia,SRB,2004,72.8667
Saint Pierre and Miquelon,SPM,2004,75.6804
Somalia,SOM,2004,50.6849
San Marino,SMR,2004,81.5921
El Salvador,SLV,2004,69.2948
Sierra Leone,SLE,2004,47.4853
Solomon Islands,SLB,2004,67.6283
Saint Helena,SHN,2004,77.1313
Singapore,SGP,2004,79.6584
Senegal,SEN,2004,60.3076
Sudan,SDN,2004,56.7731
Saudi Arabia,SAU,2004,74.0273
Rwanda,RWA,2004,55.5204
Russia,RUS,2004,65.1489
Romania,ROU,2004,71.0957
Reunion,REU,2004,77.7493
Qatar,QAT,2004,76.4839
French Polynesia,PYF,2004,79.829
Palestine,PSE,2004,71.0943
Paraguay,PRY,2004,71.054
Portugal,PRT,2004,78.4274
North Korea,PRK,2004,69.2942
Puerto Rico,PRI,2004,76.9129
Poland,POL,2004,74.9434
Papua New Guinea,PNG,2004,61.7954
Palau,PLW,2004,65.8158
Philippines,PHL,2004,68.3007
Peru,PER,2004,71.4467
Panama,PAN,2004,74.8453
Pakistan,PAK,2004,63.0972
World,OWID_WRL,2004,67.7449
Kosovo,OWID_KOS,2004,73.1321
Oman,OMN,2004,74.8204
New Zealand,NZL,2004,79.3548
Nauru,NRU,2004,59.3455
Nepal,NPL,2004,64.7439
Norway,NOR,2004,79.9645
Netherlands,NLD,2004,79.2389
Niue,NIU,2004,65.6006
Nicaragua,NIC,2004,69.5101
Nigeria,NGA,2004,49.1477
Niger,NER,2004,52.4019
New Caledonia,NCL,2004,74.7131
Namibia,NAM,2004,52.1755
Mayotte,MYT,2004,77.0381
Malaysia,MYS,2004,74.0269
Malawi,MWI,2004,51.0731
Mauritius,MUS,2004,72.5465
Martinique,MTQ,2004,79.5927
Montserrat,MSR,2004,74.0006
Mauritania,MRT,2004,63.3688
Mozambique,MOZ,2004,51.8551
Northern Mariana Islands,MNP,2004,76.7887
Mongolia,MNG,2004,64.3431
Montenegro,MNE,2004,74.3789
Myanmar,MMR,2004,61.4425
Malta,MLT,2004,79.1661
Mali,MLI,2004,53.2527
North Macedonia,MKD,2004,73.4475
Marshall Islands,MHL,2004,64.0442
Mexico,MEX,2004,73.4324
Maldives,MDV,2004,73.0085
Madagascar,MDG,2004,60.1684
Moldova,MDA,2004,68.0166
Monaco,MCO,2004,84.1511
Morocco,MAR,2004,68.2721
Saint Martin (French part),MAF,2004,77.6122
Macao,MAC,2004,80.4057
Latvia,LVA,2004,70.9395
Luxembourg,LUX,2004,78.6583
Lithuania,LTU,2004,72.0009
Lesotho,LSO,2004,44.0388
Sri Lanka,LKA,2004,68.0218
Liechtenstein,LIE,2004,80.7331
Saint Lucia,LCA,2004,72.4527
Libya,LBY,2004,71.2096
Liberia,LBR,2004,55.9489
Lebanon,LBN,2004,75.6933
Laos,LAO,2004,60.0803
Kuwait,KWT,2004,76.3876
South Korea,KOR,2004,77.9571
Saint Kitts and Nevis,KNA,2004,70.9198
Kiribati,KIR,2004,65.4157
Cambodia,KHM,2004,63.2558
Kyrgyzstan,KGZ,2004,65.6494
Kenya,KEN,2004,57.9472
Kazakhstan,KAZ,2004,65.04
Japan,JPN,2004,82.1275
Jordan,JOR,2004,72.7877
Jersey,JEY,2004,79.4277
Jamaica,JAM,2004,71.542
Italy,ITA,2004,81.0175
Israel,ISR,2004,80.3052
Iceland,ISL,2004,80.7209
Iraq,IRQ,2004,64.6342
Iran,IRN,2004,72.0401
Ireland,IRL,2004,78.5027
India,IND,2004,64.4843
Isle of Man,IMN,2004,76.8763
Indonesia,IDN,2004,65.5208
Hungary,HUN,2004,72.906
Haiti,HTI,2004,58.5165
Croatia,HRV,2004,75.2665
Honduras,HND,2004,69.0498
Hong Kong,HKG,2004,81.4549
Guyana,GUY,2004,64.2138
Guam,GUM,2004,76.1138
French Guiana,GUF,2004,73.8038
Guatemala,GTM,2004,68.2448
Greenland,GRL,2004,67.5455
Grenada,GRD,2004,72.4468
Greece,GRC,2004,79.3503
Equatorial Guinea,GNQ,2004,55.3066
Guinea-Bissau,GNB,2004,52.7998
Gambia,GMB,2004,58.7491
Guadeloupe,GLP,2004,78.3494
Guinea,GIN,2004,53.9748
Gibraltar,GIB,2004,80.8559
Ghana,GHA,2004,59.3159
Guernsey,GGY,2004,80.4338
Georgia,GEO,2004,71.0115
United Kingdom,GBR,2004,78.8998
Gabon,GAB,2004,62.6944
Micronesia (country),FSM,2004,64.8985
Faroe Islands,FRO,2004,78.3755
France,FRA,2004,80.3363
Falkland Islands,FLK,2004,74.7009
Fiji,FJI,2004,65.8405
Finland,FIN,2004,78.8458
Ethiopia,ETH,2004,53.7349
Estonia,EST,2004,72.3751
Spain,ESP,2004,80.3283
Western Sahara,ESH,2004,64.7439
Eritrea,ERI,2004,60.0625
Egypt,EGY,2004,68.211
Ecuador,ECU,2004,73.8676
Algeria,DZA,2004,72.5359
Dominican Republic,DOM,2004,70.7303
Denmark,DNK,2004,77.7853
Dominica,DMA,2004,71.9865
Djibouti,DJI,2004,58.1033
Germany,DEU,2004,79.1186
Czechia,CZE,2004,75.9416
Cyprus,CYP,2004,79.0067
Cayman Islands,CYM,2004,74.5957
Curacao,CUW,2004,73.7354
Cuba,CUB,2004,77.3261
Costa Rica,CRI,2004,78.5116
Cape Verde,CPV,2004,70.4988
Comoros,COM,2004,60.5567
Colombia,COL,2004,72.7605
Cook Islands,COK,2004,70.874
Congo,COG,2004,57.9574
Democratic Republic of Congo,COD,2004,53.5341
Cameroon,CMR,2004,54.5782
Cote d'Ivoire,CIV,2004,51.9392
China,CHN,2004,73.7274
Chile,CHL,2004,78.2765
Switzerland,CHE,2004,81.0549
Canada,CAN,2004,80.029
Central African Republic,CAF,2004,47.6964
Botswana,BWA,2004,53.5729
Bhutan,BTN,2004,65.2898
Brunei,BRN,2004,74.6033
Barbados,BRB,2004,75.1499
Brazil,BRA,2004,71.3611
Bolivia,BOL,2004,63.8186
Bermuda,BMU,2004,78.8981
Belize,BLZ,2004,70.1521
Belarus,BLR,2004,68.6879
Saint Barthelemy,BLM,2004,80.5027
Bosnia and Herzegovina,BIH,2004,76.4891
Bahamas,BHS,2004,73.235
Bahrain,BHR,2004,75.7869
Bulgaria,BGR,2004,72.5754
Bangladesh,BGD,2004,64.9118
Burkina Faso,BFA,2004,52.5999
Bonaire Sint Eustatius and Saba,BES,2004,75.538
Benin,BEN,2004,57.3465
Belgium,BEL,2004,78.9605
Burundi,BDI,2004,52.2171
Azerbaijan,AZE,2004,67.4882
Austria,AUT,2004,79.3624
Australia,AUS,2004,80.7334
Antigua and Barbuda,ATG,2004,75.3295
American Samoa,ASM,2004,72.2768
Armenia,ARM,2004,71.9262
Argentina,ARG,2004,74.8713
United Arab Emirates,ARE,2004,80.2724
Andorra,AND,2004,82.8153
Albania,ALB,2004,75.9515
Anguilla,AIA,2004,76.1355
Angola,AGO,2004,51.1225
Afghanistan,AFG,2004,57.8098
Aruba,ABW,2004,73.223
Zimbabwe,ZWE,2005,46.5701
Zambia,ZMB,2005,51.6147
South Africa,ZAF,2005,53.9142
Yemen,YEM,2005,65.3561
Samoa,WSM,2005,71.4868
Wallis and Futuna,WLF,2005,76.1412
Vanuatu,VUT,2005,69.1656
Vietnam,VNM,2005,73.1983
United States Virgin Islands,VIR,2005,72.2349
British Virgin Islands,VGB,2005,75.5694
Venezuela,VEN,2005,73.0752
Saint Vincent and the Grenadines,VCT,2005,70.4538
Vatican,VAT,2005,80.6475
Uzbekistan,UZB,2005,67.481
United States,USA,2005,77.5264
Uruguay,URY,2005,75.8286
Ukraine,UKR,2005,67.5168
Uganda,UGA,2005,54.9264
Tanzania,TZA,2005,57.675
Taiwan,TWN,2005,77.133
Tuvalu,TUV,2005,64.0962
Turkey,TUR,2005,73.5098
Tunisia,TUN,2005,73.7117
Trinidad and Tobago,TTO,2005,70.1847
Tonga,TON,2005,70.56
East Timor,TLS,2005,61.2717
Turkmenistan,TKM,2005,66.2747
Tokelau,TKL,2005,73.342
Tajikistan,TJK,2005,66.5313
Thailand,THA,2005,72.8938
Togo,TGO,2005,55.9159
Chad,TCD,2005,48.86
Turks and Caicos Islands,TCA,2005,75.9539
Syria,SYR,2005,72.7966
Seychelles,SYC,2005,71.9209
Sint Maarten (Dutch part),SXM,2005,74.6812
Eswatini,SWZ,2005,43.9581
Sweden,SWE,2005,80.6213
Slovenia,SVN,2005,77.5029
Slovakia,SVK,2005,74.1562
Suriname,SUR,2005,66.9974
Sao Tome and Principe,STP,2005,62.4344
South Sudan,SSD,2005,53.9646
Serbia,SRB,2005,73.1151
Saint Pierre and Miquelon,SPM,2005,75.8029
Somalia,SOM,2005,50.8937
San Marino,SMR,2005,81.9256
El Salvador,SLV,2005,69.3356
Sierra Leone,SLE,2005,48.306
Solomon Islands,SLB,2005,67.79
Saint Helena,SHN,2005,77.1658
Singapore,SGP,2005,80.2706
Senegal,SEN,2005,60.9801
Sudan,SDN,2005,57.2263
Saudi Arabia,SAU,2005,74.4004
Rwanda,RWA,2005,56.9683
Russia,RUS,2005,65.2185
Romania,ROU,2005,71.5808
Reunion,REU,2005,77.9525
Qatar,QAT,2005,76.9088
French Polynesia,PYF,2005,79.9511
Palestine,PSE,2005,72.0041
Paraguay,PRY,2005,71.3174
Portugal,PRT,2005,78.3169
North Korea,PRK,2005,69.1675
Puerto Rico,PRI,2005,76.7028
Poland,POL,2005,75.127
Papua New Guinea,PNG,2005,61.8678
Palau,PLW,2005,66.2193
Philippines,PHL,2005,68.4231
Peru,PER,2005,71.9882
Panama,PAN,2005,75.1604
Pakistan,PAK,2005,62.4163
World,OWID_WRL,2005,68.1405
Kosovo,OWID_KOS,2005,73.4374
Oman,OMN,2005,75.0705
New Zealand,NZL,2005,80.0308
Nauru,NRU,2005,59.3608
Nepal,NPL,2005,65.2755
Norway,NOR,2005,80.1695
Netherlands,NLD,2005,79.488
Niue,NIU,2005,66.9773
Nicaragua,NIC,2005,70.3745
Nigeria,NGA,2005,49.5377
Niger,NER,2005,53.3203
New Caledonia,NCL,2005,74.8671
Namibia,NAM,2005,52.557
Mayotte,MYT,2005,77.1305
Malaysia,MYS,2005,74.3699
Malawi,MWI,2005,52.4693
Mauritius,MUS,2005,72.6439
Martinique,MTQ,2005,80.2172
Montserrat,MSR,2005,74.1851
Mauritania,MRT,2005,63.9197
Mozambique,MOZ,2005,52.3225
Northern Mariana Islands,MNP,2005,77.3067
Mongolia,MNG,2005,64.8105
Montenegro,MNE,2005,74.4252
Myanmar,MMR,2005,61.7204
Malta,MLT,2005,79.4894
Mali,MLI,2005,53.7925
North Macedonia,MKD,2005,73.6075
Marshall Islands,MHL,2005,64.1124
Mexico,MEX,2005,73.6267
Maldives,MDV,2005,74.7846
Madagascar,MDG,2005,60.6639
Moldova,MDA,2005,68.1969
Monaco,MCO,2005,84.3396
Morocco,MAR,2005,68.7475
Saint Martin (French part),MAF,2005,77.8018
Macao,MAC,2005,80.5223
Latvia,LVA,2005,70.6324
Luxembourg,LUX,2005,78.8786
Lithuania,LTU,2005,71.2464
Lesotho,LSO,2005,43.6115
Sri Lanka,LKA,2005,73.0733
Liechtenstein,LIE,2005,81.1169
Saint Lucia,LCA,2005,72.5437
Libya,LBY,2005,71.4386
Liberia,LBR,2005,56.7648
Lebanon,LBN,2005,76.0737
Laos,LAO,2005,60.6881
Kuwait,KWT,2005,76.4639
South Korea,KOR,2005,78.4486
Saint Kitts and Nevis,KNA,2005,71.151
Kiribati,KIR,2005,65.5174
Cambodia,KHM,2005,64.1128
Kyrgyzstan,KGZ,2005,65.7894
Kenya,KEN,2005,58.5098
Kazakhstan,KAZ,2005,65.3556
Japan,JPN,2005,82.0073
Jordan,JOR,2005,72.9772
Jersey,JEY,2005,79.684
Jamaica,JAM,2005,71.4929
Italy,ITA,2005,81.0201
Israel,ISR,2005,80.3935
Iceland,ISL,2005,81.1691
Iraq,IRQ,2005,64.8989
Iran,IRN,2005,72.4463
Ireland,IRL,2005,78.9093
India,IND,2005,64.9385
Isle of Man,IMN,2005,77.4528
Indonesia,IDN,2005,67.5308
Hungary,HUN,2005,72.8649
Haiti,HTI,2005,60.3182
Croatia,HRV,2005,75.5705
Honduras,HND,2005,69.1982
Hong Kong,HKG,2005,81.6752
Guyana,GUY,2005,64.392
Guam,GUM,2005,76.4271
French Guiana,GUF,2005,74.1342
Guatemala,GTM,2005,68.167
Greenland,GRL,2005,67.7693
Grenada,GRD,2005,73.7003
Greece,GRC,2005,79.6505
Equatorial Guinea,GNQ,2005,55.7659
Guinea-Bissau,GNB,2005,52.9489
Gambia,GMB,2005,59.1098
Guadeloupe,GLP,2005,78.1836
Guinea,GIN,2005,54.4217
Gibraltar,GIB,2005,80.9906
Ghana,GHA,2005,59.6381
Guernsey,GGY,2005,80.7315
Georgia,GEO,2005,70.6895
United Kingdom,GBR,2005,79.1061
Gabon,GAB,2005,62.978
Micronesia (country),FSM,2005,64.9065
Faroe Islands,FRO,2005,78.365
France,FRA,2005,80.3367
Falkland Islands,FLK,2005,75.341
Fiji,FJI,2005,65.9826
Finland,FIN,2005,78.9711
Ethiopia,ETH,2005,54.364
Estonia,EST,2005,73.0276
Spain,ESP,2005,80.3196
Western Sahara,ESH,2005,65.2223
Eritrea,ERI,2005,60.6276
Egypt,EGY,2005,68.3552
Ecuador,ECU,2005,73.9092
Algeria,DZA,2005,72.836
Dominican Republic,DOM,2005,71.0435
Denmark,DNK,2005,78.2259
Dominica,DMA,2005,72.0161
Djibouti,DJI,2005,58.5483
Germany,DEU,2005,79.254
Czechia,CZE,2005,76.1561
Cyprus,CYP,2005,79.1975
Cayman Islands,CYM,2005,74.8632
Curacao,CUW,2005,73.8731
Cuba,CUB,2005,77.5401
Costa Rica,CRI,2005,78.8766
Cape Verde,CPV,2005,70.9365
Comoros,COM,2005,60.8827
Colombia,COL,2005,73.1557
Cook Islands,COK,2005,71.1716
Congo,COG,2005,58.7302
Democratic Republic of Congo,COD,2005,54.0014
Cameroon,CMR,2005,54.9042
Cote d'Ivoire,CIV,2005,52.4324
China,CHN,2005,74.085
Chile,CHL,2005,78.4589
Switzerland,CHE,2005,81.2362
Canada,CAN,2005,80.131
Central African Republic,CAF,2005,48.207
Botswana,BWA,2005,54.3862
Bhutan,BTN,2005,65.8746
Brunei,BRN,2005,74.6831
Barbados,BRB,2005,74.9602
Brazil,BRA,2005,71.8319
Bolivia,BOL,2005,64.1822
Bermuda,BMU,2005,78.8737
Belize,BLZ,2005,70.3347
Belarus,BLR,2005,68.9822
Saint Barthelemy,BLM,2005,80.8214
Bosnia and Herzegovina,BIH,2005,76.4243
Bahamas,BHS,2005,73.4132
Bahrain,BHR,2005,76.1249
Bulgaria,BGR,2005,72.5591
Bangladesh,BGD,2005,65.5087
Burkina Faso,BFA,2005,53.271
Bonaire Sint Eustatius and Saba,BES,2005,75.868
Benin,BEN,2005,57.7384
Belgium,BEL,2005,79.0532
Burundi,BDI,2005,53.0529
Azerbaijan,AZE,2005,67.7103
Austria,AUT,2005,79.5202
Australia,AUS,2005,81.0923
Antigua and Barbuda,ATG,2005,75.3638
American Samoa,ASM,2005,72.3817
Armenia,ARM,2005,72.0822
Argentina,ARG,2005,75.2306
United Arab Emirates,ARE,2005,80.779
Andorra,AND,2005,83.086
Albania,ALB,2005,76.4266
Anguilla,AIA,2005,76.3362
Angola,AGO,2005,52.1295
Afghanistan,AFG,2005,58.2468
Aruba,ABW,2005,73.4152
Zimbabwe,ZWE,2006,47.0559
Zambia,ZMB,2006,52.6928
South Africa,ZAF,2006,54.2204
Yemen,YEM,2006,65.7997
Samoa,WSM,2006,71.6199
Wallis and Futuna,WLF,2006,76.3171
Vanuatu,VUT,2006,69.1264
Vietnam,VNM,2006,73.2925
United States Virgin Islands,VIR,2006,72.4788
British Virgin Islands,VGB,2006,75.7453
Venezuela,VEN,2006,72.9724
Saint Vincent and the Grenadines,VCT,2006,70.4342
Vatican,VAT,2006,81.2237
Uzbekistan,UZB,2006,67.9053
United States,USA,2006,77.7976
Uruguay,URY,2006,75.8884
Ukraine,UKR,2006,67.4901
Uganda,UGA,2006,56.1184
Tanzania,TZA,2006,58.5123
Taiwan,TWN,2006,77.8448
Tuvalu,TUV,2006,64.2467
Turkey,TUR,2006,73.8038
Tunisia,TUN,2006,73.8884
Trinidad and Tobago,TTO,2006,70.4367
Tonga,TON,2006,70.7098
East Timor,TLS,2006,61.8807
Turkmenistan,TKM,2006,66.5744
Tokelau,TKL,2006,73.555
Tajikistan,TJK,2006,66.9968
Thailand,THA,2006,73.3413
Togo,TGO,2006,56.1416
Chad,TCD,2006,48.7467
Turks and Caicos Islands,TCA,2006,76.1965
Syria,SYR,2006,73.0396
Seychelles,SYC,2006,72.0474
Sint Maarten (Dutch part),SXM,2006,74.7786
Eswatini,SWZ,2006,44.5628
Sweden,SWE,2006,80.8318
Slovenia,SVN,2006,77.8204
Slovakia,SVK,2006,74.4161
Suriname,SUR,2006,67.6431
Sao Tome and Principe,STP,2006,63.0413
South Sudan,SSD,2006,54.6529
Serbia,SRB,2006,73.3951
Saint Pierre and Miquelon,SPM,2006,75.9194
Somalia,SOM,2006,50.9152
San Marino,SMR,2006,82.2577
El Salvador,SLV,2006,69.6123
Sierra Leone,SLE,2006,49.5472
Solomon Islands,SLB,2006,67.9676
Saint Helena,SHN,2006,76.8196
Singapore,SGP,2006,80.6404
Senegal,SEN,2006,61.8006
Sudan,SDN,2006,60.3996
Saudi Arabia,SAU,2006,74.7617
Rwanda,RWA,2006,58.3422
Russia,RUS,2006,66.5458
Romania,ROU,2006,72.1693
Reunion,REU,2006,78.344
Qatar,QAT,2006,77.3226
French Polynesia,PYF,2006,80.0999
Palestine,PSE,2006,71.8306
Paraguay,PRY,2006,71.5837
Portugal,PRT,2006,79.0894
North Korea,PRK,2006,69.0615
Puerto Rico,PRI,2006,77.5612
Poland,POL,2006,75.2504
Papua New Guinea,PNG,2006,62.018
Palau,PLW,2006,66.6334
Philippines,PHL,2006,68.1723
Peru,PER,2006,72.3365
Panama,PAN,2006,75.4291
Pakistan,PAK,2006,63.6235
World,OWID_WRL,2006,68.6137
Kosovo,OWID_KOS,2006,73.63
Oman,OMN,2006,75.3543
New Zealand,NZL,2006,80.0152
Nauru,NRU,2006,59.4086
Nepal,NPL,2006,65.8907
Norway,NOR,2006,80.4404
Netherlands,NLD,2006,79.8466
Niue,NIU,2006,67.0659
Nicaragua,NIC,2006,70.9578
Nigeria,NGA,2006,49.876
Niger,NER,2006,54.2228
New Caledonia,NCL,2006,75.0163
Namibia,NAM,2006,53.1826
Mayotte,MYT,2006,77.4702
Malaysia,MYS,2006,74.6969
Malawi,MWI,2006,53.652
Mauritius,MUS,2006,72.7813
Martinique,MTQ,2006,80.4301
Montserrat,MSR,2006,74.3424
Mauritania,MRT,2006,64.4926
Mozambique,MOZ,2006,52.7476
Northern Mariana Islands,MNP,2006,77.6882
Mongolia,MNG,2006,65.5694
Montenegro,MNE,2006,74.6713
Myanmar,MMR,2006,62.0263
Malta,MLT,2006,79.5611
Mali,MLI,2006,54.3046
North Macedonia,MKD,2006,73.7907
Marshall Islands,MHL,2006,64.2072
Mexico,MEX,2006,73.7457
Maldives,MDV,2006,75.2558
Madagascar,MDG,2006,61.1404
Moldova,MDA,2006,68.4234
Monaco,MCO,2006,84.1944
Morocco,MAR,2006,69.1574
Saint Martin (French part),MAF,2006,77.9885
Macao,MAC,2006,80.7101
Latvia,LVA,2006,70.5501
Luxembourg,LUX,2006,78.8384
Lithuania,LTU,2006,70.9639
Lesotho,LSO,2006,43.182
Sri Lanka,LKA,2006,72.825
Liechtenstein,LIE,2006,81.4029
Saint Lucia,LCA,2006,72.794
Libya,LBY,2006,71.6324
Liberia,LBR,2006,57.4946
Lebanon,LBN,2006,75.6766
Laos,LAO,2006,61.0743
Kuwait,KWT,2006,76.5541
South Korea,KOR,2006,79.0348
Saint Kitts and Nevis,KNA,2006,71.3557
Kiribati,KIR,2006,65.6014
Cambodia,KHM,2006,64.8859
Kyrgyzstan,KGZ,2006,65.7816
Kenya,KEN,2006,59.0588
Kazakhstan,KAZ,2006,65.7223
Japan,JPN,2006,82.3699
Jordan,JOR,2006,73.2248
Jersey,JEY,2006,79.9093
Jamaica,JAM,2006,71.3946
Italy,ITA,2006,81.4137
Israel,ISR,2006,80.7857
Iceland,ISL,2006,80.9375
Iraq,IRQ,2006,64.0288
Iran,IRN,2006,72.8953
Ireland,IRL,2006,79.1504
India,IND,2006,65.3726
Isle of Man,IMN,2006,77.9713
Indonesia,IDN,2006,67.6636
Hungary,HUN,2006,73.3441
Haiti,HTI,2006,60.7404
Croatia,HRV,2006,75.6767
Honduras,HND,2006,69.3641
Hong Kong,HKG,2006,81.9469
Guyana,GUY,2006,64.848
Guam,GUM,2006,76.4766
French Guiana,GUF,2006,74.5652
Guatemala,GTM,2006,68.7902
Greenland,GRL,2006,68.1436
Grenada,GRD,2006,73.9302
Greece,GRC,2006,79.7605
Equatorial Guinea,GNQ,2006,56.3538
Guinea-Bissau,GNB,2006,54.0885
Gambia,GMB,2006,59.667
Guadeloupe,GLP,2006,78.4279
Guinea,GIN,2006,54.8753
Gibraltar,GIB,2006,81.1033
Ghana,GHA,2006,59.9753
Guernsey,GGY,2006,81.1572
Georgia,GEO,2006,70.9829
United Kingdom,GBR,2006,79.3474
Gabon,GAB,2006,63.2589
Micronesia (country),FSM,2006,64.8588
Faroe Islands,FRO,2006,78.3887
France,FRA,2006,80.7449
Falkland Islands,FLK,2006,75.9414
Fiji,FJI,2006,66.1258
Finland,FIN,2006,79.373
Ethiopia,ETH,2006,55.4017
Estonia,EST,2006,73.1995
Spain,ESP,2006,80.9627
Western Sahara,ESH,2006,65.6697
Eritrea,ERI,2006,61.4567
Egypt,EGY,2006,68.4929
Ecuador,ECU,2006,74.0104
Algeria,DZA,2006,73.1164
Dominican Republic,DOM,2006,71.0542
Denmark,DNK,2006,78.2234
Dominica,DMA,2006,72.0071
Djibouti,DJI,2006,58.9617
Germany,DEU,2006,79.5862
Czechia,CZE,2006,76.708
Cyprus,CYP,2006,79.4561
Cayman Islands,CYM,2006,75.0002
Curacao,CUW,2006,73.9777
Cuba,CUB,2006,77.4055
Costa Rica,CRI,2006,79.049
Cape Verde,CPV,2006,71.341
Comoros,COM,2006,61.2291
Colombia,COL,2006,73.4974
Cook Islands,COK,2006,71.4493
Congo,COG,2006,59.474
Democratic Republic of Congo,COD,2006,54.4977
Cameroon,CMR,2006,55.3014
Cote d'Ivoire,CIV,2006,52.8853
China,CHN,2006,74.4037
Chile,CHL,2006,78.5328
Switzerland,CHE,2006,81.5495
Canada,CAN,2006,80.5398
Central African Republic,CAF,2006,48.6867
Botswana,BWA,2006,55.1119
Bhutan,BTN,2006,66.4992
Brunei,BRN,2006,74.7534
Barbados,BRB,2006,75.0485
Brazil,BRA,2006,72.2963
Bolivia,BOL,2006,64.529
Bermuda,BMU,2006,78.8695
Belize,BLZ,2006,70.5352
Belarus,BLR,2006,69.436
Saint Barthelemy,BLM,2006,81.1316
Bosnia and Herzegovina,BIH,2006,76.0275
Bahamas,BHS,2006,73.4558
Bahrain,BHR,2006,76.5101
Bulgaria,BGR,2006,72.6899
Bangladesh,BGD,2006,66.0479
Burkina Faso,BFA,2006,53.7837
Bonaire Sint Eustatius and Saba,BES,2006,76.0728
Benin,BEN,2006,57.9659
Belgium,BEL,2006,79.3894
Burundi,BDI,2006,53.962
Azerbaijan,AZE,2006,68.489
Austria,AUT,2006,79.9648
Australia,AUS,2006,81.2581
Antigua and Barbuda,ATG,2006,75.5059
American Samoa,ASM,2006,72.3975
Armenia,ARM,2006,72.2188
Argentina,ARG,2006,75.2791
United Arab Emirates,ARE,2006,81.1553
Andorra,AND,2006,83.3745
Albania,ALB,2006,76.9943
Anguilla,AIA,2006,76.5687
Angola,AGO,2006,52.9647
Afghanistan,AFG,2006,58.5533
Aruba,ABW,2006,73.4984
Zimbabwe,ZWE,2007,47.5756
Zambia,ZMB,2007,53.73
South Africa,ZAF,2007,54.9477
Yemen,YEM,2007,66.2304
Samoa,WSM,2007,71.6045
Wallis and Futuna,WLF,2007,76.542
Vanuatu,VUT,2007,69.1439
Vietnam,VNM,2007,73.385
United States Virgin Islands,VIR,2007,72.5874
British Virgin Islands,VGB,2007,75.8932
Venezuela,VEN,2007,73.3478
Saint Vincent and the Grenadines,VCT,2007,70.446
Vatican,VAT,2007,81.2977
Uzbekistan,UZB,2007,68.4833
United States,USA,2007,78.0471
Uruguay,URY,2007,76.1502
Ukraine,UKR,2007,67.7147
Uganda,UGA,2007,57.2479
Tanzania,TZA,2007,59.2602
Taiwan,TWN,2007,78.0458
Tuvalu,TUV,2007,64.4017
Turkey,TUR,2007,74.1291
Tunisia,TUN,2007,74.0391
Trinidad and Tobago,TTO,2007,70.7973
Tonga,TON,2007,70.8868
East Timor,TLS,2007,62.3957
Turkmenistan,TKM,2007,67.0198
Tokelau,TKL,2007,73.7796
Tajikistan,TJK,2007,67.4046
Thailand,THA,2007,73.7795
Togo,TGO,2007,56.3821
Chad,TCD,2007,49.2102
Turks and Caicos Islands,TCA,2007,76.4267
Syria,SYR,2007,73.2563
Seychelles,SYC,2007,72.1617
Sint Maarten (Dutch part),SXM,2007,74.8123
Eswatini,SWZ,2007,45.1604
Sweden,SWE,2007,80.97
Slovenia,SVN,2007,78.2855
Slovakia,SVK,2007,74.4947
Suriname,SUR,2007,68.3071
Sao Tome and Principe,STP,2007,63.3356
South Sudan,SSD,2007,55.4249
Serbia,SRB,2007,73.724
Saint Pierre and Miquelon,SPM,2007,76.0503
Somalia,SOM,2007,50.8852
San Marino,SMR,2007,82.6049
El Salvador,SLV,2007,69.8195
Sierra Leone,SLE,2007,50.0239
Solomon Islands,SLB,2007,67.8451
Saint Helena,SHN,2007,75.7329
Singapore,SGP,2007,80.8845
Senegal,SEN,2007,62.6525
Sudan,SDN,2007,61.4419
Saudi Arabia,SAU,2007,75.0662
Rwanda,RWA,2007,59.5041
Russia,RUS,2007,67.469
Romania,ROU,2007,72.7922
Reunion,REU,2007,78.9305
Qatar,QAT,2007,77.7413
French Polynesia,PYF,2007,80.3277
Palestine,PSE,2007,72.0636
Paraguay,PRY,2007,71.8173
Portugal,PRT,2007,79.3087
North Korea,PRK,2007,69.0211
Puerto Rico,PRI,2007,77.6595
Poland,POL,2007,75.4143
Papua New Guinea,PNG,2007,62.2111
Palau,PLW,2007,67.1128
Philippines,PHL,2007,68.549
Peru,PER,2007,72.7463
Panama,PAN,2007,75.6751
Pakistan,PAK,2007,63.8075
World,OWID_WRL,2007,69.0316
Kosovo,OWID_KOS,2007,74.4216
Oman,OMN,2007,75.5959
New Zealand,NZL,2007,80.122
Nauru,NRU,2007,59.4899
Nepal,NPL,2007,66.1686
Norway,NOR,2007,80.5024
Netherlands,NLD,2007,80.255
Niue,NIU,2007,67.1786
Nicaragua,NIC,2007,71.1973
Nigeria,NGA,2007,50.3812
Niger,NER,2007,55.0628
New Caledonia,NCL,2007,75.1812
Namibia,NAM,2007,54.026
Mayotte,MYT,2007,77.7747
Malaysia,MYS,2007,74.9611
Malawi,MWI,2007,54.6867
Mauritius,MUS,2007,72.8856
Martinique,MTQ,2007,80.0575
Montserrat,MSR,2007,74.4499
Mauritania,MRT,2007,64.8845
Mozambique,MOZ,2007,53.2554
Northern Mariana Islands,MNP,2007,77.8627
Mongolia,MNG,2007,66.4713
Montenegro,MNE,2007,74.6739
Myanmar,MMR,2007,62.3667
Malta,MLT,2007,79.7375
Mali,MLI,2007,54.7561
North Macedonia,MKD,2007,73.7418
Marshall Islands,MHL,2007,64.2594
Mexico,MEX,2007,73.7955
Maldives,MDV,2007,75.7108
Madagascar,MDG,2007,61.5335
Moldova,MDA,2007,68.6738
Monaco,MCO,2007,83.9034
Morocco,MAR,2007,69.6197
Saint Martin (French part),MAF,2007,78.1596
Macao,MAC,2007,80.9322
Latvia,LVA,2007,70.7894
Luxembourg,LUX,2007,79.1157
Lithuania,LTU,2007,70.6982
Lesotho,LSO,2007,43.6601
Sri Lanka,LKA,2007,72.9831
Liechtenstein,LIE,2007,81.6389
Saint Lucia,LCA,2007,72.8598
Libya,LBY,2007,71.7876
Liberia,LBR,2007,58.1469
Lebanon,LBN,2007,76.7316
Laos,LAO,2007,61.694
Kuwait,KWT,2007,76.6875
South Korea,KOR,2007,79.4323
Saint Kitts and Nevis,KNA,2007,71.4372
Kiribati,KIR,2007,65.6766
Cambodia,KHM,2007,65.5491
Kyrgyzstan,KGZ,2007,66.0466
Kenya,KEN,2007,59.4073
Kazakhstan,KAZ,2007,66.18
Japan,JPN,2007,82.5488
Jordan,JOR,2007,73.4074
Jersey,JEY,2007,80.1442
Jamaica,JAM,2007,71.4046
Italy,ITA,2007,81.5002
Israel,ISR,2007,80.9532
Iceland,ISL,2007,81.093
Iraq,IRQ,2007,64.4278
Iran,IRN,2007,73.2992
Ireland,IRL,2007,79.5631
India,IND,2007,65.8034
Isle of Man,IMN,2007,78.4507
Indonesia,IDN,2007,67.9141
Hungary,HUN,2007,73.4314
Haiti,HTI,2007,61.0902
Croatia,HRV,2007,75.886
Honduras,HND,2007,69.5388
Hong Kong,HKG,2007,82.1438
Guyana,GUY,2007,65.4617
Guam,GUM,2007,76.3967
French Guiana,GUF,2007,74.952
Guatemala,GTM,2007,69.2993
Greenland,GRL,2007,68.3385
Grenada,GRD,2007,74.1588
Greece,GRC,2007,79.6615
Equatorial Guinea,GNQ,2007,56.857
Guinea-Bissau,GNB,2007,54.8705
Gambia,GMB,2007,60.0014
Guadeloupe,GLP,2007,79.054
Guinea,GIN,2007,55.2331
Gibraltar,GIB,2007,81.2695
Ghana,GHA,2007,60.2822
Guernsey,GGY,2007,81.3092
Georgia,GEO,2007,70.9852
United Kingdom,GBR,2007,79.5337
Gabon,GAB,2007,63.6186
Micronesia (country),FSM,2007,64.8437
Faroe Islands,FRO,2007,78.4389
France,FRA,2007,80.9602
Falkland Islands,FLK,2007,76.4897
Fiji,FJI,2007,66.1612
Finland,FIN,2007,79.3911
Ethiopia,ETH,2007,56.5665
Estonia,EST,2007,73.1534
Spain,ESP,2007,80.9696
Western Sahara,ESH,2007,66.1443
Eritrea,ERI,2007,61.998
Egypt,EGY,2007,68.6266
Ecuador,ECU,2007,74.2259
Algeria,DZA,2007,73.346
Dominican Republic,DOM,2007,71.0973
Denmark,DNK,2007,78.3494
Dominica,DMA,2007,71.9008
Djibouti,DJI,2007,59.3617
Germany,DEU,2007,79.7306
Czechia,CZE,2007,76.9189
Cyprus,CYP,2007,79.7982
Cayman Islands,CYM,2007,75.1518
Curacao,CUW,2007,74.1368
Cuba,CUB,2007,77.5503
Costa Rica,CRI,2007,79.0981
Cape Verde,CPV,2007,71.487
Comoros,COM,2007,61.4753
Colombia,COL,2007,73.7509
Cook Islands,COK,2007,71.7777
Congo,COG,2007,60.0502
Democratic Republic of Congo,COD,2007,54.9543
Cameroon,CMR,2007,55.7101
Cote d'Ivoire,CIV,2007,53.4517
China,CHN,2007,74.7886
Chile,CHL,2007,78.6519
Switzerland,CHE,2007,81.7028
Canada,CAN,2007,80.5422
Central African Republic,CAF,2007,49.3267
Botswana,BWA,2007,56.7351
Bhutan,BTN,2007,67.1518
Brunei,BRN,2007,74.793
Barbados,BRB,2007,75.2625
Brazil,BRA,2007,72.7297
Bolivia,BOL,2007,64.9386
Bermuda,BMU,2007,79.0056
Belize,BLZ,2007,70.6524
Belarus,BLR,2007,69.9855
Saint Barthelemy,BLM,2007,81.4245
Bosnia and Herzegovina,BIH,2007,76.1618
Bahamas,BHS,2007,73.4628
Bahrain,BHR,2007,76.9519
Bulgaria,BGR,2007,73.008
Bangladesh,BGD,2007,66.4578
Burkina Faso,BFA,2007,54.3768
Bonaire Sint Eustatius and Saba,BES,2007,76.1089
Benin,BEN,2007,58.2488
Belgium,BEL,2007,79.5284
Burundi,BDI,2007,54.8317
Azerbaijan,AZE,2007,68.6587
Austria,AUT,2007,80.1664
Australia,AUS,2007,81.2324
Antigua and Barbuda,ATG,2007,75.72
American Samoa,ASM,2007,72.3649
Armenia,ARM,2007,72.3589
Argentina,ARG,2007,74.7827
United Arab Emirates,ARE,2007,81.4384
Andorra,AND,2007,83.6324
Albania,ALB,2007,77.6907
Anguilla,AIA,2007,76.7519
Angola,AGO,2007,54.2001
Afghanistan,AFG,2007,58.9563
Aruba,ABW,2007,73.6421
Zimbabwe,ZWE,2008,48.4559
Zambia,ZMB,2008,54.835
South Africa,ZAF,2008,55.9817
Yemen,YEM,2008,66.6091
Samoa,WSM,2008,71.5312
Wallis and Futuna,WLF,2008,76.7181
Vanuatu,VUT,2008,69.3017
Vietnam,VNM,2008,73.455
United States Virgin Islands,VIR,2008,72.6575
British Virgin Islands,VGB,2008,76.0696
Venezuela,VEN,2008,72.5776
Saint Vincent and the Grenadines,VCT,2008,70.6113
Vatican,VAT,2008,81.3727
Uzbekistan,UZB,2008,69.0347
United States,USA,2008,78.1273
Uruguay,URY,2008,76.2746
Ukraine,UKR,2008,68.2618
Uganda,UGA,2008,58.253
Tanzania,TZA,2008,59.8961
Taiwan,TWN,2008,78.2979
Tuvalu,TUV,2008,64.5162
Turkey,TUR,2008,74.3802
Tunisia,TUN,2008,74.1923
Trinidad and Tobago,TTO,2008,71.1171
Tonga,TON,2008,71.0412
East Timor,TLS,2008,62.8575
Turkmenistan,TKM,2008,67.5836
Tokelau,TKL,2008,74.0213
Tajikistan,TJK,2008,67.9243
Thailand,THA,2008,74.2205
Togo,TGO,2008,56.6511
Chad,TCD,2008,49.5034
Turks and Caicos Islands,TCA,2008,76.0839
Syria,SYR,2008,73.3681
Seychelles,SYC,2008,72.3233
Sint Maarten (Dutch part),SXM,2008,74.8522
Eswatini,SWZ,2008,45.8527
Sweden,SWE,2008,81.1373
Slovenia,SVN,2008,78.595
Slovakia,SVK,2008,74.8643
Suriname,SUR,2008,68.8732
Sao Tome and Principe,STP,2008,63.4478
South Sudan,SSD,2008,56.2803
Serbia,SRB,2008,73.9041
Saint Pierre and Miquelon,SPM,2008,76.1767
Somalia,SOM,2008,51.4558
San Marino,SMR,2008,82.8936
El Salvador,SLV,2008,70.1378
Sierra Leone,SLE,2008,50.6927
Solomon Islands,SLB,2008,68.3362
Saint Helena,SHN,2008,75.7933
Singapore,SGP,2008,81.0992
Senegal,SEN,2008,63.2012
Sudan,SDN,2008,61.2609
Saudi Arabia,SAU,2008,75.3014
Rwanda,RWA,2008,60.6407
Russia,RUS,2008,67.8621
Romania,ROU,2008,73.2158
Reunion,REU,2008,79.5018
Qatar,QAT,2008,78.2618
French Polynesia,PYF,2008,80.5874
Palestine,PSE,2008,72.2045
Paraguay,PRY,2008,72.0475
Portugal,PRT,2008,79.6026
North Korea,PRK,2008,69.3032
Puerto Rico,PRI,2008,78.1105
Poland,POL,2008,75.5829
Papua New Guinea,PNG,2008,62.5106
Palau,PLW,2008,67.5618
Philippines,PHL,2008,68.6432
Peru,PER,2008,72.7426
Panama,PAN,2008,75.937
Pakistan,PAK,2008,64.0021
World,OWID_WRL,2008,69.3017
Kosovo,OWID_KOS,2008,74.7112
Oman,OMN,2008,76.124
New Zealand,NZL,2008,80.2457
Nauru,NRU,2008,59.6754
Nepal,NPL,2008,66.4425
Norway,NOR,2008,80.6772
Netherlands,NLD,2008,80.3866
Niue,NIU,2008,67.2502
Nicaragua,NIC,2008,71.4043
Nigeria,NGA,2008,50.7483
Niger,NER,2008,55.8515
New Caledonia,NCL,2008,75.3981
Namibia,NAM,2008,54.7401
Mayotte,MYT,2008,78.0044
Malaysia,MYS,2008,75.1514
Malawi,MWI,2008,55.7151
Mauritius,MUS,2008,73.1239
Martinique,MTQ,2008,80.6944
Montserrat,MSR,2008,74.5334
Mauritania,MRT,2008,65.2328
Mozambique,MOZ,2008,53.7989
Northern Mariana Islands,MNP,2008,77.938
Mongolia,MNG,2008,67.0861
Montenegro,MNE,2008,75.0006
Myanmar,MMR,2008,56.3637
Malta,MLT,2008,79.6904
Mali,MLI,2008,55.1868
North Macedonia,MKD,2008,74.4363
Marshall Islands,MHL,2008,64.3003
Mexico,MEX,2008,73.6949
Maldives,MDV,2008,75.9994
Madagascar,MDG,2008,61.9919
Moldova,MDA,2008,69.0001
Monaco,MCO,2008,83.8271
Morocco,MAR,2008,70.0509
Saint Martin (French part),MAF,2008,78.3263
Macao,MAC,2008,81.1622
Latvia,LVA,2008,71.999
Luxembourg,LUX,2008,80.1066
Lithuania,LTU,2008,71.6959
Lesotho,LSO,2008,44.304
Sri Lanka,LKA,2008,72.5557
Liechtenstein,LIE,2008,81.8552
Saint Lucia,LCA,2008,72.9635
Libya,LBY,2008,71.9361
Liberia,LBR,2008,58.6751
Lebanon,LBN,2008,76.9557
Laos,LAO,2008,62.2477
Kuwait,KWT,2008,76.8895
South Korea,KOR,2008,79.9956
Saint Kitts and Nevis,KNA,2008,71.4786
Kiribati,KIR,2008,65.7455
Cambodia,KHM,2008,66.1469
Kyrgyzstan,KGZ,2008,66.6158
Kenya,KEN,2008,59.9545
Kazakhstan,KAZ,2008,66.7589
Japan,JPN,2008,82.6332
Jordan,JOR,2008,73.5631
Jersey,JEY,2008,80.2809
Jamaica,JAM,2008,71.5021
Italy,ITA,2008,81.6454
Israel,ISR,2008,81.2828
Iceland,ISL,2008,81.244
Iraq,IRQ,2008,66.465
Iran,IRN,2008,73.6835
Ireland,IRL,2008,79.7877
India,IND,2008,66.2471
Isle of Man,IMN,2008,78.8989
Indonesia,IDN,2008,68.0846
Hungary,HUN,2008,73.9571
Haiti,HTI,2008,61.2801
Croatia,HRV,2008,76.0009
Honduras,HND,2008,69.6572
Hong Kong,HKG,2008,82.3403
Guyana,GUY,2008,65.7211
Guam,GUM,2008,76.2332
French Guiana,GUF,2008,75.3653
Guatemala,GTM,2008,69.4929
Greenland,GRL,2008,68.4002
Grenada,GRD,2008,74.3745
Greece,GRC,2008,80.1047
Equatorial Guinea,GNQ,2008,57.3841
Guinea-Bissau,GNB,2008,55.3
Gambia,GMB,2008,60.4734
Guadeloupe,GLP,2008,79.6593
Guinea,GIN,2008,55.7034
Gibraltar,GIB,2008,81.5414
Ghana,GHA,2008,60.5785
Guernsey,GGY,2008,81.5586
Georgia,GEO,2008,70.9494
United Kingdom,GBR,2008,79.6554
Gabon,GAB,2008,64.0109
Micronesia (country),FSM,2008,64.8489
Faroe Islands,FRO,2008,78.5182
France,FRA,2008,81.0392
Falkland Islands,FLK,2008,76.9519
Fiji,FJI,2008,66.3199
Finland,FIN,2008,79.695
Ethiopia,ETH,2008,57.7325
Estonia,EST,2008,74.2787
Spain,ESP,2008,81.2782
Western Sahara,ESH,2008,66.5816
Eritrea,ERI,2008,62.422
Egypt,EGY,2008,68.7613
Ecuador,ECU,2008,74.7085
Algeria,DZA,2008,73.6181
Dominican Republic,DOM,2008,71.3307
Denmark,DNK,2008,78.7144
Dominica,DMA,2008,71.9446
Djibouti,DJI,2008,59.815
Germany,DEU,2008,79.8161
Czechia,CZE,2008,77.1722
Cyprus,CYP,2008,79.9063
Cayman Islands,CYM,2008,75.3859
Curacao,CUW,2008,74.3137
Cuba,CUB,2008,77.5891
Costa Rica,CRI,2008,79.1802
Cape Verde,CPV,2008,71.8877
Comoros,COM,2008,61.9548
Colombia,COL,2008,74.2057
Cook Islands,COK,2008,72.12
Congo,COG,2008,60.7903
Democratic Republic of Congo,COD,2008,55.3884
Cameroon,CMR,2008,56.1164
Cote d'Ivoire,CIV,2008,54.1794
China,CHN,2008,74.8333
Chile,CHL,2008,78.7518
Switzerland,CHE,2008,81.9709
Canada,CAN,2008,80.7304
Central African Republic,CAF,2008,49.8728
Botswana,BWA,2008,57.6607
Bhutan,BTN,2008,67.7329
Brunei,BRN,2008,74.8138
Barbados,BRB,2008,75.3002
Brazil,BRA,2008,73.1109
Bolivia,BOL,2008,65.2987
Bermuda,BMU,2008,79.1011
Belize,BLZ,2008,70.6651
Belarus,BLR,2008,70.3485
Saint Barthelemy,BLM,2008,81.6605
Bosnia and Herzegovina,BIH,2008,76.3005
Bahamas,BHS,2008,73.4454
Bahrain,BHR,2008,77.4565
Bulgaria,BGR,2008,73.3385
Bangladesh,BGD,2008,67.0471
Burkina Faso,BFA,2008,55.1985
Bonaire Sint Eustatius and Saba,BES,2008,76.5511
Benin,BEN,2008,58.099
Belgium,BEL,2008,79.5793
Burundi,BDI,2008,55.5813
Azerbaijan,AZE,2008,69.355
Austria,AUT,2008,80.3633
Australia,AUS,2008,81.4267
Antigua and Barbuda,ATG,2008,76.0753
American Samoa,ASM,2008,72.43
Armenia,ARM,2008,72.5193
Argentina,ARG,2008,75.4281
United Arab Emirates,ARE,2008,81.5915
Andorra,AND,2008,83.8546
Albania,ALB,2008,78.2484
Anguilla,AIA,2008,76.9019
Angola,AGO,2008,55.2809
Afghanistan,AFG,2008,59.7081
Aruba,ABW,2008,73.7833
Zimbabwe,ZWE,2009,49.7496
Zambia,ZMB,2009,55.8862
South Africa,ZAF,2009,57.413
Yemen,YEM,2009,66.9053
Samoa,WSM,2009,69.4858
Wallis and Futuna,WLF,2009,76.7891
Vanuatu,VUT,2009,69.422
Vietnam,VNM,2009,73.5253
United States Virgin Islands,VIR,2009,72.9192
British Virgin Islands,VGB,2009,76.205
Venezuela,VEN,2009,72.7852
Saint Vincent and the Grenadines,VCT,2009,70.7119
Vatican,VAT,2009,81.3006
Uzbekistan,UZB,2009,69.517
United States,USA,2009,78.4758
Uruguay,URY,2009,76.67
Ukraine,UKR,2009,69.1595
Uganda,UGA,2009,59.1574
Tanzania,TZA,2009,60.494
Taiwan,TWN,2009,78.7005
Tuvalu,TUV,2009,64.693
Turkey,TUR,2009,74.679
Tunisia,TUN,2009,74.3199
Trinidad and Tobago,TTO,2009,71.4042
Tonga,TON,2009,70.9489
East Timor,TLS,2009,63.2652
Turkmenistan,TKM,2009,68.1552
Tokelau,TKL,2009,74.2712
Tajikistan,TJK,2009,68.2475
Thailand,THA,2009,74.6691
Togo,TGO,2009,56.9267
Chad,TCD,2009,49.8275
Turks and Caicos Islands,TCA,2009,76.672
Syria,SYR,2009,73.4959
Seychelles,SYC,2009,72.4139
Sint Maarten (Dutch part),SXM,2009,74.7963
Eswatini,SWZ,2009,46.9126
Sweden,SWE,2009,81.3633
Slovenia,SVN,2009,79.027
Slovakia,SVK,2009,75.2175
Suriname,SUR,2009,69.3231
Sao Tome and Principe,STP,2009,63.6687
South Sudan,SSD,2009,56.8478
Serbia,SRB,2009,74.106
Saint Pierre and Miquelon,SPM,2009,76.2723
Somalia,SOM,2009,52.101
San Marino,SMR,2009,83.2239
El Salvador,SLV,2009,70.3586
Sierra Leone,SLE,2009,51.3124
Solomon Islands,SLB,2009,68.3971
Saint Helena,SHN,2009,76.1296
Singapore,SGP,2009,81.4282
Senegal,SEN,2009,63.7513
Sudan,SDN,2009,62.6765
Saudi Arabia,SAU,2009,75.4471
Rwanda,RWA,2009,61.8128
Russia,RUS,2009,68.6571
Romania,ROU,2009,73.457
Reunion,REU,2009,80.0348
Qatar,QAT,2009,78.8371
French Polynesia,PYF,2009,80.8667
Palestine,PSE,2009,72.306
Paraguay,PRY,2009,72.2821
Portugal,PRT,2009,79.8295
North Korea,PRK,2009,69.7023
Puerto Rico,PRI,2009,78.3772
Poland,POL,2009,75.9063
Papua New Guinea,PNG,2009,62.7722
Palau,PLW,2009,67.9904
Philippines,PHL,2009,68.6311
Peru,PER,2009,72.6311
Panama,PAN,2009,76.2283
Pakistan,PAK,2009,64.2059
World,OWID_WRL,2009,69.6812
Kosovo,OWID_KOS,2009,74.79
Oman,OMN,2009,76.6309
New Zealand,NZL,2009,80.545
Nauru,NRU,2009,59.8524
Nepal,NPL,2009,66.6004
Norway,NOR,2009,80.8655
Netherlands,NLD,2009,80.6712
Niue,NIU,2009,67.4562
Nicaragua,NIC,2009,71.4986
Nigeria,NGA,2009,51.0801
Niger,NER,2009,56.4871
New Caledonia,NCL,2009,75.676
Namibia,NAM,2009,55.3474
Mayotte,MYT,2009,78.1963
Malaysia,MYS,2009,75.2694
Malawi,MWI,2009,56.7139
Mauritius,MUS,2009,73.26
Martinique,MTQ,2009,81.2408
Montserrat,MSR,2009,74.6229
Mauritania,MRT,2009,65.485
Mozambique,MOZ,2009,54.3999
Northern Mariana Islands,MNP,2009,77.9033
Mongolia,MNG,2009,67.1727
Montenegro,MNE,2009,75.3973
Myanmar,MMR,2009,63.0952
Malta,MLT,2009,80.4155
Mali,MLI,2009,55.5883
North Macedonia,MKD,2009,74.4689
Marshall Islands,MHL,2009,64.3946
Mexico,MEX,2009,73.6281
Maldives,MDV,2009,76.3714
Madagascar,MDG,2009,62.3044
Moldova,MDA,2009,69.4057
Monaco,MCO,2009,84.1871
Morocco,MAR,2009,70.4543
Saint Martin (French part),MAF,2009,78.5132
Macao,MAC,2009,81.4926
Latvia,LVA,2009,72.6966
Luxembourg,LUX,2009,79.9074
Lithuania,LTU,2009,72.8496
Lesotho,LSO,2009,45.0552
Sri Lanka,LKA,2009,70.2976
Liechtenstein,LIE,2009,81.9374
Saint Lucia,LCA,2009,72.9459
Libya,LBY,2009,72.0706
Liberia,LBR,2009,59.1064
Lebanon,LBN,2009,77.2618
Laos,LAO,2009,63.023
Kuwait,KWT,2009,77.1674
South Korea,KOR,2009,80.5504
Saint Kitts and Nevis,KNA,2009,71.4884
Kiribati,KIR,2009,65.8083
Cambodia,KHM,2009,66.7473
Kyrgyzstan,KGZ,2009,67.1401
Kenya,KEN,2009,60.4828
Kazakhstan,KAZ,2009,67.4605
Japan,JPN,2009,82.9699
Jordan,JOR,2009,73.7075
Jersey,JEY,2009,80.4001
Jamaica,JAM,2009,71.7174
Italy,ITA,2009,81.7619
Israel,ISR,2009,81.8183
Iceland,ISL,2009,81.4174
Iraq,IRQ,2009,67.8337
Iran,IRN,2009,74.0412
Ireland,IRL,2009,80.0954
India,IND,2009,66.7001
Isle of Man,IMN,2009,79.3026
Indonesia,IDN,2009,68.2674
Hungary,HUN,2009,74.179
Haiti,HTI,2009,61.6945
Croatia,HRV,2009,76.3127
Honduras,HND,2009,69.8234
Hong Kong,HKG,2009,82.5863
Guyana,GUY,2009,66.0297
Guam,GUM,2009,76.1415
French Guiana,GUF,2009,75.6351
Guatemala,GTM,2009,69.6764
Greenland,GRL,2009,68.3786
Grenada,GRD,2009,74.567
Greece,GRC,2009,80.3677
Equatorial Guinea,GNQ,2009,57.881
Guinea-Bissau,GNB,2009,56.2974
Gambia,GMB,2009,60.7348
Guadeloupe,GLP,2009,79.7474
Guinea,GIN,2009,56.052
Gibraltar,GIB,2009,81.8073
Ghana,GHA,2009,60.9278
Guernsey,GGY,2009,81.9031
Georgia,GEO,2009,71.0578
United Kingdom,GBR,2009,80.1556
Gabon,GAB,2009,64.3612
Micronesia (country),FSM,2009,64.8652
Faroe Islands,FRO,2009,78.6199
France,FRA,2009,81.1635
Falkland Islands,FLK,2009,77.3941
Fiji,FJI,2009,66.3466
Finland,FIN,2009,79.831
Ethiopia,ETH,2009,58.715
Estonia,EST,2009,75.1519
Spain,ESP,2009,81.627
Western Sahara,ESH,2009,67.0572
Eritrea,ERI,2009,63.2029
Egypt,EGY,2009,68.915
Ecuador,ECU,2009,74.9011
Algeria,DZA,2009,73.8711
Dominican Republic,DOM,2009,71.5866
Denmark,DNK,2009,78.9574
Dominica,DMA,2009,71.8353
Djibouti,DJI,2009,60.3511
Germany,DEU,2009,79.9151
Czechia,CZE,2009,77.2578
Cyprus,CYP,2009,80.3749
Cayman Islands,CYM,2009,75.6706
Curacao,CUW,2009,74.4853
Cuba,CUB,2009,77.5835
Costa Rica,CRI,2009,79.3718
Cape Verde,CPV,2009,72.1424
Comoros,COM,2009,62.3017
Colombia,COL,2009,74.5306
Cook Islands,COK,2009,72.439
Congo,COG,2009,61.2148
Democratic Republic of Congo,COD,2009,55.7981
Cameroon,CMR,2009,56.4855
Cote d'Ivoire,CIV,2009,54.7441
China,CHN,2009,75.3174
Chile,CHL,2009,78.8901
Switzerland,CHE,2009,81.9891
Canada,CAN,2009,81.0648
Central African Republic,CAF,2009,14.6655
Botswana,BWA,2009,58.2975
Bhutan,BTN,2009,68.1565
Brunei,BRN,2009,74.8144
Barbados,BRB,2009,75.4582
Brazil,BRA,2009,73.4569
Bolivia,BOL,2009,65.6555
Bermuda,BMU,2009,79.2293
Belize,BLZ,2009,70.8058
Belarus,BLR,2009,70.4088
Saint Barthelemy,BLM,2009,81.7567
Bosnia and Herzegovina,BIH,2009,76.7013
Bahamas,BHS,2009,73.4551
Bahrain,BHR,2009,78.0162
Bulgaria,BGR,2009,73.6808
Bangladesh,BGD,2009,67.5269
Burkina Faso,BFA,2009,55.7909
Bonaire Sint Eustatius and Saba,BES,2009,76.5394
Benin,BEN,2009,58.258
Belgium,BEL,2009,79.8489
Burundi,BDI,2009,56.4215
Azerbaijan,AZE,2009,69.8743
Austria,AUT,2009,80.2064
Australia,AUS,2009,81.7283
Antigua and Barbuda,ATG,2009,76.3856
American Samoa,ASM,2009,70.8391
Armenia,ARM,2009,72.7136
Argentina,ARG,2009,75.5773
United Arab Emirates,ARE,2009,81.6794
Andorra,AND,2009,84.0997
Albania,ALB,2009,78.5088
Anguilla,AIA,2009,77.0431
Angola,AGO,2009,56.2251
Afghanistan,AFG,2009,60.2478
Aruba,ABW,2009,73.9738
Zimbabwe,ZWE,2010,51.9252
Zambia,ZMB,2010,56.896
South Africa,ZAF,2010,58.8863
Yemen,YEM,2010,67.223
Samoa,WSM,2010,71.4512
Wallis and Futuna,WLF,2010,76.8087
Vanuatu,VUT,2010,69.5703
Vietnam,VNM,2010,73.6107
United States Virgin Islands,VIR,2010,73.235
British Virgin Islands,VGB,2010,76.2892
Venezuela,VEN,2010,73.0922
Saint Vincent and the Grenadines,VCT,2010,70.66
Vatican,VAT,2010,81.5413
Uzbekistan,UZB,2010,69.8364
United States,USA,2010,78.6681
Uruguay,URY,2010,76.6911
Ukraine,UKR,2010,70.1883
Uganda,UGA,2010,59.9593
Tanzania,TZA,2010,61.1266
Taiwan,TWN,2010,79.0363
Tuvalu,TUV,2010,64.834
Turkey,TUR,2010,74.9642
Tunisia,TUN,2010,74.4376
Trinidad and Tobago,TTO,2010,71.809
Tonga,TON,2010,71.3185
East Timor,TLS,2010,63.6599
Turkmenistan,TKM,2010,68.6078
Tokelau,TKL,2010,74.5103
Tajikistan,TJK,2010,68.3698
Thailand,THA,2010,75.0117
Togo,TGO,2010,57.2266
Chad,TCD,2010,50.1067
Turks and Caicos Islands,TCA,2010,76.784
Syria,SYR,2010,73.5417
Seychelles,SYC,2010,72.4771
Sint Maarten (Dutch part),SXM,2010,74.8212
Eswatini,SWZ,2010,48.331
Sweden,SWE,2010,81.519
Slovenia,SVN,2010,79.3008
Slovakia,SVK,2010,75.4963
Suriname,SUR,2010,69.6262
Sao Tome and Principe,STP,2010,63.8667
South Sudan,SSD,2010,57.4848
Serbia,SRB,2010,74.3762
Saint Pierre and Miquelon,SPM,2010,76.3546
Somalia,SOM,2010,48.8996
San Marino,SMR,2010,83.4638
El Salvador,SLV,2010,70.9088
Sierra Leone,SLE,2010,51.9272
Solomon Islands,SLB,2010,68.6694
Saint Helena,SHN,2010,76.5108
Singapore,SGP,2010,81.6472
Senegal,SEN,2010,64.2214
Sudan,SDN,2010,62.9792
Saudi Arabia,SAU,2010,75.6161
Rwanda,RWA,2010,62.804
Russia,RUS,2010,68.1526
Romania,ROU,2010,73.5793
Reunion,REU,2010,80.474
Qatar,QAT,2010,79.4438
French Polynesia,PYF,2010,81.1407
Palestine,PSE,2010,73.3018
Paraguay,PRY,2010,72.5506
Portugal,PRT,2010,80.1149
North Korea,PRK,2010,70.2456
Puerto Rico,PRI,2010,78.7174
Poland,POL,2010,76.2823
Papua New Guinea,PNG,2010,63.0557
Palau,PLW,2010,68.3473
Philippines,PHL,2010,68.8833
Peru,PER,2010,72.8858
Panama,PAN,2010,76.417
Pakistan,PAK,2010,64.3784
World,OWID_WRL,2010,70.089
Kosovo,OWID_KOS,2010,74.6086
Oman,OMN,2010,77.1844
New Zealand,NZL,2010,81.0517
Nauru,NRU,2010,60.0741
Nepal,NPL,2010,66.7724
Norway,NOR,2010,81.0392
Netherlands,NLD,2010,80.8293
Niue,NIU,2010,67.6513
Nicaragua,NIC,2010,71.7608
Nigeria,NGA,2010,51.3145
Niger,NER,2010,57.0796
New Caledonia,NCL,2010,75.9915
Namibia,NAM,2010,56.0935
Mayotte,MYT,2010,78.2501
Malaysia,MYS,2010,75.3761
Malawi,MWI,2010,57.787
Mauritius,MUS,2010,73.6475
Martinique,MTQ,2010,81.1379
Montserrat,MSR,2010,74.6831
Mauritania,MRT,2010,65.6606
Mozambique,MOZ,2010,55.0397
Northern Mariana Islands,MNP,2010,77.7996
Mongolia,MNG,2010,67.1004
Montenegro,MNE,2010,75.7125
Myanmar,MMR,2010,63.4791
Malta,MLT,2010,81.3977
Mali,MLI,2010,55.9931
North Macedonia,MKD,2010,75.0374
Marshall Islands,MHL,2010,64.4977
Mexico,MEX,2010,73.7181
Maldives,MDV,2010,76.7556
Madagascar,MDG,2010,62.5967
Moldova,MDA,2010,69.8759
Monaco,MCO,2010,84.6441
Morocco,MAR,2010,70.8211
Saint Martin (French part),MAF,2010,78.7523
Macao,MAC,2010,81.6635
Latvia,LVA,2010,73.0285
Luxembourg,LUX,2010,80.0987
Lithuania,LTU,2010,73.1962
Lesotho,LSO,2010,46.0447
Sri Lanka,LKA,2010,74.4626
Liechtenstein,LIE,2010,82.0538
Saint Lucia,LCA,2010,72.7676
Libya,LBY,2010,72.1963
Liberia,LBR,2010,59.3577
Lebanon,LBN,2010,77.5292
Laos,LAO,2010,63.6895
Kuwait,KWT,2010,77.4995
South Korea,KOR,2010,80.7172
Saint Kitts and Nevis,KNA,2010,71.4516
Kiribati,KIR,2010,65.8595
Cambodia,KHM,2010,67.3108
Kyrgyzstan,KGZ,2010,67.5214
Kenya,KEN,2010,60.9149
Kazakhstan,KAZ,2010,68.2575
Japan,JPN,2010,82.916
Jordan,JOR,2010,73.7973
Jersey,JEY,2010,80.54
Jamaica,JAM,2010,71.9789
Italy,ITA,2010,82.1319
Israel,ISR,2010,81.9742
Iceland,ISL,2010,81.5939
Iraq,IRQ,2010,68.0924
Iran,IRN,2010,74.3896
Ireland,IRL,2010,80.5992
India,IND,2010,67.1616
Isle of Man,IMN,2010,79.6132
Indonesia,IDN,2010,68.3642
Hungary,HUN,2010,74.5189
Haiti,HTI,2010,45.5768
Croatia,HRV,2010,76.6761
Honduras,HND,2010,69.7697
Hong Kong,HKG,2010,82.8592
Guyana,GUY,2010,66.2043
Guam,GUM,2010,76.0954
French Guiana,GUF,2010,75.8516
Guatemala,GTM,2010,69.885
Greenland,GRL,2010,68.4548
Grenada,GRD,2010,74.7308
Greece,GRC,2010,80.5727
Equatorial Guinea,GNQ,2010,58.3445
Guinea-Bissau,GNB,2010,56.9992
Gambia,GMB,2010,61.1675
Guadeloupe,GLP,2010,80.12
Guinea,GIN,2010,56.4305
Gibraltar,GIB,2010,82.0797
Ghana,GHA,2010,61.2974
Guernsey,GGY,2010,82.3105
Georgia,GEO,2010,71.7318
United Kingdom,GBR,2010,80.3908
Gabon,GAB,2010,64.7148
Micronesia (country),FSM,2010,64.8919
Faroe Islands,FRO,2010,78.7314
France,FRA,2010,81.4047
Falkland Islands,FLK,2010,77.7285
Fiji,FJI,2010,66.7782
Finland,FIN,2010,80.0116
Ethiopia,ETH,2010,59.7094
Estonia,EST,2010,75.8816
Spain,ESP,2010,82.0063
Western Sahara,ESH,2010,67.492
Eritrea,ERI,2010,63.6653
Egypt,EGY,2010,69.0782
Ecuador,ECU,2010,75.1876
Algeria,DZA,2010,74.1435
Dominican Republic,DOM,2010,72.0393
Denmark,DNK,2010,79.2473
Dominica,DMA,2010,71.6797
Djibouti,DJI,2010,60.7431
Germany,DEU,2010,80.0814
Czechia,CZE,2010,77.5677
Cyprus,CYP,2010,80.6325
Cayman Islands,CYM,2010,76.0687
Curacao,CUW,2010,75.1167
Cuba,CUB,2010,77.8757
Costa Rica,CRI,2010,79.354
Cape Verde,CPV,2010,72.5066
Comoros,COM,2010,62.7473
Colombia,COL,2010,74.8757
Cook Islands,COK,2010,72.7522
Congo,COG,2010,61.7311
Democratic Republic of Congo,COD,2010,56.4111
Cameroon,CMR,2010,56.9652
Cote d'Ivoire,CIV,2010,55.282
China,CHN,2010,75.6679
Chile,CHL,2010,79.0954
Switzerland,CHE,2010,82.2873
Canada,CAN,2010,81.3363
Central African Republic,CAF,2010,46.8707
Botswana,BWA,2010,59.1373
Bhutan,BTN,2010,68.7648
Brunei,BRN,2010,74.8195
Barbados,BRB,2010,75.4882
Brazil,BRA,2010,73.779
Bolivia,BOL,2010,66.0033
Bermuda,BMU,2010,79.4139
Belize,BLZ,2010,70.8753
Belarus,BLR,2010,70.5005
Saint Barthelemy,BLM,2010,81.8807
Bosnia and Herzegovina,BIH,2010,76.827
Bahamas,BHS,2010,73.4487
Bahrain,BHR,2010,78.5933
Bulgaria,BGR,2010,73.814
Bangladesh,BGD,2010,68.0091
Burkina Faso,BFA,2010,56.343
Bonaire Sint Eustatius and Saba,BES,2010,76.7429
Benin,BEN,2010,58.3873
Belgium,BEL,2010,80.04
Burundi,BDI,2010,57.0883
Azerbaijan,AZE,2010,70.3088
Austria,AUT,2010,80.4634
Australia,AUS,2010,82.0132
Antigua and Barbuda,ATG,2010,76.7013
American Samoa,ASM,2010,72.5866
Armenia,ARM,2010,72.9381
Argentina,ARG,2010,75.68
United Arab Emirates,ARE,2010,81.886
Andorra,AND,2010,84.1974
Albania,ALB,2010,78.4141
Anguilla,AIA,2010,77.2078
Angola,AGO,2010,57.242
Afghanistan,AFG,2010,60.7018
Aruba,ABW,2010,74.2973
Zimbabwe,ZWE,2011,53.9112
Zambia,ZMB,2011,57.8431
South Africa,ZAF,2011,60.6024
Yemen,YEM,2011,67.4124
Samoa,WSM,2011,71.393
Wallis and Futuna,WLF,2011,76.9293
Vanuatu,VUT,2011,69.7287
Vietnam,VNM,2011,73.7126
United States Virgin Islands,VIR,2011,73.4027
British Virgin Islands,VGB,2011,76.363
Venezuela,VEN,2011,73.0895
Saint Vincent and the Grenadines,VCT,2011,70.6094
Vatican,VAT,2011,81.7071
Uzbekistan,UZB,2011,70.1429
United States,USA,2011,78.7023
Uruguay,URY,2011,76.6141
Ukraine,UKR,2011,70.7106
Uganda,UGA,2011,60.7914
Tanzania,TZA,2011,61.6176
Taiwan,TWN,2011,78.8804
Tuvalu,TUV,2011,64.9598
Turkey,TUR,2011,74.8234
Tunisia,TUN,2011,74.4714
Trinidad and Tobago,TTO,2011,72.2323
Tonga,TON,2011,71.4372
East Timor,TLS,2011,64.0223
Turkmenistan,TKM,2011,68.8696
Tokelau,TKL,2011,74.7605
Tajikistan,TJK,2011,68.6983
Thailand,THA,2011,75.3015
Togo,TGO,2011,57.6118
Chad,TCD,2011,50.4258
Turks and Caicos Islands,TCA,2011,76.8697
Syria,SYR,2011,72.2593
Seychelles,SYC,2011,72.5062
Sint Maarten (Dutch part),SXM,2011,74.8684
Eswatini,SWZ,2011,49.0568
Sweden,SWE,2011,81.7584
Slovenia,SVN,2011,79.5884
Slovakia,SVK,2011,76.0181
Suriname,SUR,2011,69.8203
Sao Tome and Principe,STP,2011,64.1217
South Sudan,SSD,2011,57.6738
Serbia,SRB,2011,74.7194
Saint Pierre and Miquelon,SPM,2011,76.4099
Somalia,SOM,2011,32.4525
San Marino,SMR,2011,83.7132
El Salvador,SLV,2011,71.1918
Sierra Leone,SLE,2011,52.5936
Solomon Islands,SLB,2011,68.8241
Saint Helena,SHN,2011,76.5625
Singapore,SGP,2011,81.9417
Senegal,SEN,2011,64.7987
Sudan,SDN,2011,63.1809
Saudi Arabia,SAU,2011,75.8081
Rwanda,RWA,2011,63.4764
Russia,RUS,2011,69.7255
Romania,ROU,2011,74.2877
Reunion,REU,2011,80.9732
Qatar,QAT,2011,79.9943
French Polynesia,PYF,2011,81.4341
Palestine,PSE,2011,73.5572
Paraguay,PRY,2011,72.7875
Portugal,PRT,2011,80.5822
North Korea,PRK,2011,70.7724
Puerto Rico,PRI,2011,78.7656
Poland,POL,2011,76.5683
Papua New Guinea,PNG,2011,63.3819
Palau,PLW,2011,68.6384
Philippines,PHL,2011,69.0963
Peru,PER,2011,73.327
Panama,PAN,2011,76.6594
Pakistan,PAK,2011,64.6588
World,OWID_WRL,2011,70.4033
Kosovo,OWID_KOS,2011,75.3234
Oman,OMN,2011,77.7405
New Zealand,NZL,2011,80.8422
Nauru,NRU,2011,60.2868
Nepal,NPL,2011,67.1234
Norway,NOR,2011,81.2454
Netherlands,NLD,2011,81.1096
Niue,NIU,2011,67.8254
Nicaragua,NIC,2011,72.0329
Nigeria,NGA,2011,51.4902
Niger,NER,2011,57.6001
New Caledonia,NCL,2011,76.3151
Namibia,NAM,2011,56.6467
Mayotte,MYT,2011,78.1565
Malaysia,MYS,2011,75.4878
Malawi,MWI,2011,58.8589
Mauritius,MUS,2011,74.0678
Martinique,MTQ,2011,81.6168
Montserrat,MSR,2011,74.7673
Mauritania,MRT,2011,65.7544
Mozambique,MOZ,2011,55.7334
Northern Mariana Islands,MNP,2011,77.6883
Mongolia,MNG,2011,67.167
Montenegro,MNE,2011,75.9607
Myanmar,MMR,2011,63.8589
Malta,MLT,2011,80.8038
Mali,MLI,2011,56.3673
North Macedonia,MKD,2011,75.1424
Marshall Islands,MHL,2011,64.6407
Mexico,MEX,2011,73.9209
Maldives,MDV,2011,77.1409
Madagascar,MDG,2011,62.8602
Moldova,MDA,2011,70.1732
Monaco,MCO,2011,85.0099
Morocco,MAR,2011,71.2634
Saint Martin (French part),MAF,2011,79.0164
Macao,MAC,2011,81.9924
Latvia,LVA,2011,73.7176
Luxembourg,LUX,2011,80.2848
Lithuania,LTU,2011,73.608
Lesotho,LSO,2011,46.9302
Sri Lanka,LKA,2011,74.7405
Liechtenstein,LIE,2011,82.1571
Saint Lucia,LCA,2011,72.9617
Libya,LBY,2011,69.9496
Liberia,LBR,2011,59.4862
Lebanon,LBN,2011,77.7682
Laos,LAO,2011,64.505
Kuwait,KWT,2011,77.8637
South Korea,KOR,2011,81.1685
Saint Kitts and Nevis,KNA,2011,71.4
Kiribati,KIR,2011,65.8958
Cambodia,KHM,2011,67.8691
Kyrgyzstan,KGZ,2011,67.7481
Kenya,KEN,2011,61.2827
Kazakhstan,KAZ,2011,69.1076
Japan,JPN,2011,82.6705
Jordan,JOR,2011,73.9286
Jersey,JEY,2011,80.6654
Jamaica,JAM,2011,72.245
Italy,ITA,2011,82.2282
Israel,ISR,2011,81.9892
Iceland,ISL,2011,81.9725
Iraq,IRQ,2011,68.4351
Iran,IRN,2011,74.7207
Ireland,IRL,2011,80.7272
India,IND,2011,67.6228
Isle of Man,IMN,2011,79.8363
Indonesia,IDN,2011,68.629
Hungary,HUN,2011,74.9226
Haiti,HTI,2011,61.5812
Croatia,HRV,2011,76.9926
Honduras,HND,2011,70.116
Hong Kong,HKG,2011,83.1597
Guyana,GUY,2011,66.4688
Guam,GUM,2011,76.1529
French Guiana,GUF,2011,76.0172
Guatemala,GTM,2011,70.3214
Greenland,GRL,2011,68.7938
Grenada,GRD,2011,74.8608
Greece,GRC,2011,80.6248
Equatorial Guinea,GNQ,2011,58.8268
Guinea-Bissau,GNB,2011,57.6626
Gambia,GMB,2011,61.5612
Guadeloupe,GLP,2011,80.4527
Guinea,GIN,2011,56.7776
Gibraltar,GIB,2011,82.3334
Ghana,GHA,2011,61.6169
Guernsey,GGY,2011,82.6412
Georgia,GEO,2011,72.4846
United Kingdom,GBR,2011,80.7961
Gabon,GAB,2011,65.1016
Micronesia (country),FSM,2011,64.9685
Faroe Islands,FRO,2011,78.8897
France,FRA,2011,81.781
Falkland Islands,FLK,2011,77.98
Fiji,FJI,2011,66.8803
Finland,FIN,2011,80.3916
Ethiopia,ETH,2011,60.5947
Estonia,EST,2011,76.3462
Spain,ESP,2011,82.1804
Western Sahara,ESH,2011,67.8831
Eritrea,ERI,2011,64.2314
Egypt,EGY,2011,69.2322
Ecuador,ECU,2011,75.1794
Algeria,DZA,2011,74.3834
Dominican Republic,DOM,2011,72.4958
Denmark,DNK,2011,79.786
Dominica,DMA,2011,71.5167
Djibouti,DJI,2011,61.3373
Germany,DEU,2011,80.3549
Czechia,CZE,2011,77.8144
Cyprus,CYP,2011,80.8546
Cayman Islands,CYM,2011,76.5618
Curacao,CUW,2011,75.5757
Cuba,CUB,2011,78.0506
Costa Rica,CRI,2011,79.624
Cape Verde,CPV,2011,72.9131
Comoros,COM,2011,63.1048
Colombia,COL,2011,75.1803
Cook Islands,COK,2011,73.0452
Congo,COG,2011,62.2862
Democratic Republic of Congo,COD,2011,56.9106
Cameroon,CMR,2011,57.482
Cote d'Ivoire,CIV,2011,55.9724
China,CHN,2011,75.8891
Chile,CHL,2011,79.2357
Switzerland,CHE,2011,82.5738
Canada,CAN,2011,81.5133
Central African Republic,CAF,2011,50.107
Botswana,BWA,2011,59.7149
Bhutan,BTN,2011,69.2802
Brunei,BRN,2011,74.8355
Barbados,BRB,2011,75.5985
Brazil,BRA,2011,74.0473
Bolivia,BOL,2011,66.2816
Bermuda,BMU,2011,79.6515
Belize,BLZ,2011,70.9755
Belarus,BLR,2011,71.0679
Saint Barthelemy,BLM,2011,82.0693
Bosnia and Herzegovina,BIH,2011,76.9632
Bahamas,BHS,2011,73.5712
Bahrain,BHR,2011,79.1409
Bulgaria,BGR,2011,74.1693
Bangladesh,BGD,2011,68.4988
Burkina Faso,BFA,2011,57.0011
Bonaire Sint Eustatius and Saba,BES,2011,76.3668
Benin,BEN,2011,58.4618
Belgium,BEL,2011,80.3664
Burundi,BDI,2011,57.8039
Azerbaijan,AZE,2011,70.5651
Austria,AUT,2011,80.8281
Australia,AUS,2011,82.0911
Antigua and Barbuda,ATG,2011,77.0227
American Samoa,ASM,2011,72.6621
Armenia,ARM,2011,73.1852
Argentina,ARG,2011,76.0998
United Arab Emirates,ARE,2011,81.8984
Andorra,AND,2011,84.2965
Albania,ALB,2011,78.3029
Anguilla,AIA,2011,77.3048
Angola,AGO,2011,58.0931
Afghanistan,AFG,2011,61.2503
Aruba,ABW,2011,74.5776
Zimbabwe,ZWE,2012,55.3855
Zambia,ZMB,2012,58.704
South Africa,ZAF,2012,61.7366
Yemen,YEM,2012,67.569
Samoa,WSM,2012,71.1593
Wallis and Futuna,WLF,2012,77.0467
Vanuatu,VUT,2012,69.8983
Vietnam,VNM,2012,73.7619
United States Virgin Islands,VIR,2012,73.6956
British Virgin Islands,VGB,2012,76.4335
Venezuela,VEN,2012,73.0858
Saint Vincent and the Grenadines,VCT,2012,70.5386
Vatican,VAT,2012,81.9805
Uzbekistan,UZB,2012,70.4108
United States,USA,2012,78.8169
Uruguay,URY,2012,76.6914
Ukraine,UKR,2012,71.0896
Uganda,UGA,2012,61.5786
Tanzania,TZA,2012,62.2862
Taiwan,TWN,2012,79.1791
Tuvalu,TUV,2012,65.0792
Turkey,TUR,2012,75.5519
Tunisia,TUN,2012,74.5985
Trinidad and Tobago,TTO,2012,72.513
Tonga,TON,2012,71.5461
East Timor,TLS,2012,64.3844
Turkmenistan,TKM,2012,68.9607
Tokelau,TKL,2012,75.0127
Tajikistan,TJK,2012,69.1296
Thailand,THA,2012,75.5899
Togo,TGO,2012,57.9396
Chad,TCD,2012,50.7651
Turks and Caicos Islands,TCA,2012,76.9694
Syria,SYR,2012,66.2064
Seychelles,SYC,2012,72.4907
Sint Maarten (Dutch part),SXM,2012,75.1253
Eswatini,SWZ,2012,50.7143
Sweden,SWE,2012,81.7299
Slovenia,SVN,2012,79.7652
Slovakia,SVK,2012,76.1764
Suriname,SUR,2012,69.9568
Sao Tome and Principe,STP,2012,64.5053
South Sudan,SSD,2012,58.2406
Serbia,SRB,2012,75.0888
Saint Pierre and Miquelon,SPM,2012,76.4635
Somalia,SOM,2012,49.1384
San Marino,SMR,2012,83.9427
El Salvador,SLV,2012,71.4201
Sierra Leone,SLE,2012,53.159
Solomon Islands,SLB,2012,68.9606
Saint Helena,SHN,2012,76.2267
Singapore,SGP,2012,82.2089
Senegal,SEN,2012,65.2291
Sudan,SDN,2012,63.4273
Saudi Arabia,SAU,2012,76.0896
Rwanda,RWA,2012,64.1887
Russia,RUS,2012,70.1165
Romania,ROU,2012,74.314
Reunion,REU,2012,81.3486
Qatar,QAT,2012,80.4994
French Polynesia,PYF,2012,81.6953
Palestine,PSE,2012,73.7218
Paraguay,PRY,2012,73.1046
Portugal,PRT,2012,80.5549
North Korea,PRK,2012,71.3171
Puerto Rico,PRI,2012,79.2584
Poland,POL,2012,76.7748
Papua New Guinea,PNG,2012,63.6389
Palau,PLW,2012,68.8632
Philippines,PHL,2012,69.2375
Peru,PER,2012,73.9792
Panama,PAN,2012,76.8767
Pakistan,PAK,2012,64.8834
World,OWID_WRL,2012,70.824
Kosovo,OWID_KOS,2012,75.7504
Oman,OMN,2012,78.1874
New Zealand,NZL,2012,81.1668
Nauru,NRU,2012,60.5326
Nepal,NPL,2012,67.3637
Norway,NOR,2012,81.4458
Netherlands,NLD,2012,81.059
Niue,NIU,2012,68.0091
Nicaragua,NIC,2012,72.4346
Nigeria,NGA,2012,51.6876
Niger,NER,2012,57.9867
New Caledonia,NCL,2012,76.6153
Namibia,NAM,2012,57.7335
Mayotte,MYT,2012,77.8854
Malaysia,MYS,2012,75.5524
Malawi,MWI,2012,59.8695
Mauritius,MUS,2012,74.3302
Martinique,MTQ,2012,81.788
Montserrat,MSR,2012,74.8496
Mauritania,MRT,2012,65.808
Mozambique,MOZ,2012,56.4604
Northern Mariana Islands,MNP,2012,77.5658
Mongolia,MNG,2012,67.6113
Montenegro,MNE,2012,76.2367
Myanmar,MMR,2012,64.2511
Malta,MLT,2012,81.0638
Mali,MLI,2012,56.6959
North Macedonia,MKD,2012,75.043
Marshall Islands,MHL,2012,64.7761
Mexico,MEX,2012,74.1278
Maldives,MDV,2012,77.5123
Madagascar,MDG,2012,63.0068
Moldova,MDA,2012,70.3438
Monaco,MCO,2012,85.0451
Morocco,MAR,2012,71.674
Saint Martin (French part),MAF,2012,79.3023
Macao,MAC,2012,82.2557
Latvia,LVA,2012,73.9387
Luxembourg,LUX,2012,80.4383
Lithuania,LTU,2012,73.9644
Lesotho,LSO,2012,48.2353
Sri Lanka,LKA,2012,75.1866
Liechtenstein,LIE,2012,82.2544
Saint Lucia,LCA,2012,72.86
Libya,LBY,2012,72.1882
Liberia,LBR,2012,59.7855
Lebanon,LBN,2012,77.941
Laos,LAO,2012,65.1262
Kuwait,KWT,2012,78.227
South Korea,KOR,2012,81.3075
Saint Kitts and Nevis,KNA,2012,71.3619
Kiribati,KIR,2012,65.9081
Cambodia,KHM,2012,68.3714
Kyrgyzstan,KGZ,2012,68.1419
Kenya,KEN,2012,61.5373
Kazakhstan,KAZ,2012,69.9395
Japan,JPN,2012,83.1676
Jordan,JOR,2012,74.0873
Jersey,JEY,2012,80.7011
Jamaica,JAM,2012,72.4047
Italy,ITA,2012,82.252
Israel,ISR,2012,81.9849
Iceland,ISL,2012,82.3459
Iraq,IRQ,2012,68.8267
Iran,IRN,2012,75.039
Ireland,IRL,2012,80.8524
India,IND,2012,68.0763
Isle of Man,IMN,2012,80.007
Indonesia,IDN,2012,68.8617
Hungary,HUN,2012,75.1826
Haiti,HTI,2012,62.2735
Croatia,HRV,2012,77.2841
Honduras,HND,2012,70.4605
Hong Kong,HKG,2012,83.4158
Guyana,GUY,2012,66.4433
Guam,GUM,2012,76.2375
French Guiana,GUF,2012,76.2166
Guatemala,GTM,2012,70.7225
Greenland,GRL,2012,69.3516
Grenada,GRD,2012,74.9607
Greece,GRC,2012,80.4221
Equatorial Guinea,GNQ,2012,59.3011
Guinea-Bissau,GNB,2012,58.27
Gambia,GMB,2012,61.9
Guadeloupe,GLP,2012,80.9718
Guinea,GIN,2012,57.1169
Gibraltar,GIB,2012,82.5267
Ghana,GHA,2012,61.9954
Guernsey,GGY,2012,82.3522
Georgia,GEO,2012,72.6721
United Kingdom,GBR,2012,80.8594
Gabon,GAB,2012,65.4384
Micronesia (country),FSM,2012,65.0802
Faroe Islands,FRO,2012,79.0224
France,FRA,2012,81.739
Falkland Islands,FLK,2012,78.1911
Fiji,FJI,2012,65.8121
Finland,FIN,2012,80.5076
Ethiopia,ETH,2012,61.4426
Estonia,EST,2012,76.4159
Spain,ESP,2012,82.1905
Western Sahara,ESH,2012,68.2373
Eritrea,ERI,2012,64.6965
Egypt,EGY,2012,69.4643
Ecuador,ECU,2012,75.4857
Algeria,DZA,2012,74.6086
Dominican Republic,DOM,2012,72.8165
Denmark,DNK,2012,80.0822
Dominica,DMA,2012,71.3909
Djibouti,DJI,2012,61.7188
Germany,DEU,2012,80.5017
Czechia,CZE,2012,77.9977
Cyprus,CYP,2012,81.1284
Cayman Islands,CYM,2012,77.1205
Curacao,CUW,2012,75.9604
Cuba,CUB,2012,78.1618
Costa Rica,CRI,2012,79.925
Cape Verde,CPV,2012,73.3148
Comoros,COM,2012,63.4626
Colombia,COL,2012,75.6106
Cook Islands,COK,2012,73.3241
Congo,COG,2012,62.6616
Democratic Republic of Congo,COD,2012,57.3502
Cameroon,CMR,2012,58.1696
Cote d'Ivoire,CIV,2012,56.5698
China,CHN,2012,76.2
Chile,CHL,2012,79.2211
Switzerland,CHE,2012,82.6167
Canada,CAN,2012,81.7037
Central African Republic,CAF,2012,51.3355
Botswana,BWA,2012,60.3844
Bhutan,BTN,2012,69.7589
Brunei,BRN,2012,74.8428
Barbados,BRB,2012,75.7373
Brazil,BRA,2012,74.3346
Bolivia,BOL,2012,66.5858
Bermuda,BMU,2012,79.8475
Belize,BLZ,2012,71.1342
Belarus,BLR,2012,71.8
Saint Barthelemy,BLM,2012,82.3231
Bosnia and Herzegovina,BIH,2012,77.0365
Bahamas,BHS,2012,73.7069
Bahrain,BHR,2012,79.6218
Bulgaria,BGR,2012,74.3373
Bangladesh,BGD,2012,68.9894
Burkina Faso,BFA,2012,57.4574
Bonaire Sint Eustatius and Saba,BES,2012,76.1875
Benin,BEN,2012,58.5585
Belgium,BEL,2012,80.2604
Burundi,BDI,2012,58.5008
Azerbaijan,AZE,2012,71.0799
Austria,AUT,2012,80.8407
Australia,AUS,2012,82.2966
Antigua and Barbuda,ATG,2012,77.1
American Samoa,ASM,2012,72.7093
Armenia,ARM,2012,73.4396
Argentina,ARG,2012,75.8024
United Arab Emirates,ARE,2012,81.9129
Andorra,AND,2012,84.3339
Albania,ALB,2012,78.0836
Anguilla,AIA,2012,77.4058
Angola,AGO,2012,58.916
Afghanistan,AFG,2012,61.7349
Aruba,ABW,2012,74.8415
Zimbabwe,ZWE,2013,56.8422
Zambia,ZMB,2013,59.4452
South Africa,ZAF,2013,62.3883
Yemen,YEM,2013,67.961
Samoa,WSM,2013,71.2291
Wallis and Futuna,WLF,2013,77.1567
Vanuatu,VUT,2013,69.9861
Vietnam,VNM,2013,73.8207
United States Virgin Islands,VIR,2013,73.9471
British Virgin Islands,VGB,2013,76.4721
Venezuela,VEN,2013,73.0765
Saint Vincent and the Grenadines,VCT,2013,70.0912
Vatican,VAT,2013,82.4736
Uzbekistan,UZB,2013,70.6925
United States,USA,2013,78.8175
Uruguay,URY,2013,76.9531
Ukraine,UKR,2013,71.4744
Uganda,UGA,2013,62.3531
Tanzania,TZA,2013,62.788
Taiwan,TWN,2013,79.5976
Tuvalu,TUV,2013,65.1713
Turkey,TUR,2013,76.1705
Tunisia,TUN,2013,74.6736
Trinidad and Tobago,TTO,2013,72.7855
Tonga,TON,2013,71.6499
East Timor,TLS,2013,64.7189
Turkmenistan,TKM,2013,68.968
Tokelau,TKL,2013,75.2692
Tajikistan,TJK,2013,69.579
Thailand,THA,2013,75.9601
Togo,TGO,2013,58.3447
Chad,TCD,2013,51.0508
Turks and Caicos Islands,TCA,2013,77.0998
Syria,SYR,2013,65.1457
Seychelles,SYC,2013,72.4279
Sint Maarten (Dutch part),SXM,2013,75.3913
Eswatini,SWZ,2013,52.1102
Sweden,SWE,2013,81.9354
Slovenia,SVN,2013,80.0884
Slovakia,SVK,2013,76.5139
Suriname,SUR,2013,70.1101
Sao Tome and Principe,STP,2013,64.9301
South Sudan,SSD,2013,58.2853
Serbia,SRB,2013,75.3461
Saint Pierre and Miquelon,SPM,2013,76.481
Somalia,SOM,2013,54.0163
San Marino,SMR,2013,84.1749
El Salvador,SLV,2013,71.2251
Sierra Leone,SLE,2013,54.0515
Solomon Islands,SLB,2013,69.0072
Saint Helena,SHN,2013,76.2371
Singapore,SGP,2013,82.4676
Senegal,SEN,2013,65.6376
Sudan,SDN,2013,63.4433
Saudi Arabia,SAU,2013,76.5169
Rwanda,RWA,2013,64.6512
Russia,RUS,2013,70.6403
Romania,ROU,2013,74.9179
Reunion,REU,2013,81.6204
Qatar,QAT,2013,80.9735
French Polynesia,PYF,2013,81.9352
Palestine,PSE,2013,74.1404
Paraguay,PRY,2013,73.2916
Portugal,PRT,2013,80.9029
North Korea,PRK,2013,71.8667
Puerto Rico,PRI,2013,80.3181
Poland,POL,2013,77.0758
Papua New Guinea,PNG,2013,63.9267
Palau,PLW,2013,68.9805
Philippines,PHL,2013,69.2828
Peru,PER,2013,74.5905
Panama,PAN,2013,77.1292
Pakistan,PAK,2013,65.1285
World,OWID_WRL,2013,71.1417
Kosovo,OWID_KOS,2013,76.3358
Oman,OMN,2013,78.6326
New Zealand,NZL,2013,81.6119
Nauru,NRU,2013,60.7009
Nepal,NPL,2013,67.5978
Norway,NOR,2013,81.6683
Netherlands,NLD,2013,81.3011
Niue,NIU,2013,68.2061
Nicaragua,NIC,2013,72.5513
Nigeria,NGA,2013,51.8271
Niger,NER,2013,58.364
New Caledonia,NCL,2013,76.8666
Namibia,NAM,2013,58.4675
Mayotte,MYT,2013,77.6097
Malaysia,MYS,2013,75.464
Malawi,MWI,2013,60.8158
Mauritius,MUS,2013,74.4298
Martinique,MTQ,2013,81.9017
Montserrat,MSR,2013,74.9333
Mauritania,MRT,2013,65.8899
Mozambique,MOZ,2013,57.1889
Northern Mariana Islands,MNP,2013,77.4519
Mongolia,MNG,2013,68.2101
Montenegro,MNE,2013,76.3539
Myanmar,MMR,2013,64.617
Malta,MLT,2013,81.8181
Mali,MLI,2013,57.0523
North Macedonia,MKD,2013,75.5832
Marshall Islands,MHL,2013,64.9545
Mexico,MEX,2013,74.289
Maldives,MDV,2013,77.8474
Madagascar,MDG,2013,63.1613
Moldova,MDA,2013,70.2907
Monaco,MCO,2013,85.0557
Morocco,MAR,2013,72.1174
Saint Martin (French part),MAF,2013,79.5281
Macao,MAC,2013,82.4764
Latvia,LVA,2013,74.1873
Luxembourg,LUX,2013,80.8544
Lithuania,LTU,2013,74.0268
Lesotho,LSO,2013,49.5475
Sri Lanka,LKA,2013,75.5461
Liechtenstein,LIE,2013,82.3739
Saint Lucia,LCA,2013,72.6872
Libya,LBY,2013,72.3387
Liberia,LBR,2013,59.9925
Lebanon,LBN,2013,78.0365
Laos,LAO,2013,65.7226
Kuwait,KWT,2013,78.5831
South Korea,KOR,2013,81.8356
Saint Kitts and Nevis,KNA,2013,71.2903
Kiribati,KIR,2013,65.8979
Cambodia,KHM,2013,68.7548
Kyrgyzstan,KGZ,2013,68.4623
Kenya,KEN,2013,61.7291
Kazakhstan,KAZ,2013,70.7189
Japan,JPN,2013,83.4018
Jordan,JOR,2013,74.2816
Jersey,JEY,2013,80.7151
Jamaica,JAM,2013,72.4352
Italy,ITA,2013,82.6522
Israel,ISR,2013,82.354
Iceland,ISL,2013,81.7425
Iraq,IRQ,2013,69.0469
Iran,IRN,2013,75.3486
Ireland,IRL,2013,81.065
India,IND,2013,68.499
Isle of Man,IMN,2013,80.1199
Indonesia,IDN,2013,69.0635
Hungary,HUN,2013,75.6827
Haiti,HTI,2013,62.6245
Croatia,HRV,2013,77.51
Honduras,HND,2013,70.7648
Hong Kong,HKG,2013,83.6955
Guyana,GUY,2013,66.7099
Guam,GUM,2013,76.361
French Guiana,GUF,2013,76.4587
Guatemala,GTM,2013,70.878
Greenland,GRL,2013,69.8014
Grenada,GRD,2013,75.0221
Greece,GRC,2013,81.067
Equatorial Guinea,GNQ,2013,59.784
Guinea-Bissau,GNB,2013,58.8789
Gambia,GMB,2013,62.2525
Guadeloupe,GLP,2013,80.7917
Guinea,GIN,2013,57.4588
Gibraltar,GIB,2013,82.5861
Ghana,GHA,2013,62.3969
Guernsey,GGY,2013,82.8353
Georgia,GEO,2013,73.0247
United Kingdom,GBR,2013,80.9232
Gabon,GAB,2013,65.7506
Micronesia (country),FSM,2013,65.1786
Faroe Islands,FRO,2013,79.1536
France,FRA,2013,81.9786
Falkland Islands,FLK,2013,78.2954
Fiji,FJI,2013,66.5446
Finland,FIN,2013,80.869
Ethiopia,ETH,2013,62.1613
Estonia,EST,2013,77.252
Spain,ESP,2013,82.6943
Western Sahara,ESH,2013,68.6173
Eritrea,ERI,2013,65.005
Egypt,EGY,2013,69.6317
Ecuador,ECU,2013,75.8322
Algeria,DZA,2013,74.8095
Dominican Republic,DOM,2013,73.0383
Denmark,DNK,2013,80.3063
Dominica,DMA,2013,71.2283
Djibouti,DJI,2013,62.1162
Germany,DEU,2013,80.454
Czechia,CZE,2013,78.169
Cyprus,CYP,2013,81.3165
Cayman Islands,CYM,2013,77.6516
Curacao,CUW,2013,76.2386
Cuba,CUB,2013,78.0279
Costa Rica,CRI,2013,80.1892
Cape Verde,CPV,2013,73.4812
Comoros,COM,2013,63.8388
Colombia,COL,2013,75.8343
Cook Islands,COK,2013,73.6124
Congo,COG,2013,62.9689
Democratic Republic of Congo,COD,2013,57.7953
Cameroon,CMR,2013,58.7305
Cote d'Ivoire,CIV,2013,57.0571
China,CHN,2013,76.4521
Chile,CHL,2013,79.5509
Switzerland,CHE,2013,82.6892
Canada,CAN,2013,81.7852
Central African Republic,CAF,2013,49.4871
Botswana,BWA,2013,61.2167
Bhutan,BTN,2013,70.1611
Brunei,BRN,2013,74.8544
Barbados,BRB,2013,75.816
Brazil,BRA,2013,74.6093
Bolivia,BOL,2013,66.7773
Bermuda,BMU,2013,80.0156
Belize,BLZ,2013,71.2757
Belarus,BLR,2013,72.6808
Saint Barthelemy,BLM,2013,82.4823
Bosnia and Herzegovina,BIH,2013,77.1292
Bahamas,BHS,2013,73.9304
Bahrain,BHR,2013,79.9981
Bulgaria,BGR,2013,74.8277
Bangladesh,BGD,2013,69.4874
Burkina Faso,BFA,2013,57.9033
Bonaire Sint Eustatius and Saba,BES,2013,76.1863
Benin,BEN,2013,58.8634
Belgium,BEL,2013,80.4668
Burundi,BDI,2013,59.1786
Azerbaijan,AZE,2013,71.4849
Austria,AUT,2013,81.078
Australia,AUS,2013,82.5511
Antigua and Barbuda,ATG,2013,77.0496
American Samoa,ASM,2013,72.7692
Armenia,ARM,2013,73.7131
Argentina,ARG,2013,75.8292
United Arab Emirates,ARE,2013,81.95
Andorra,AND,2013,84.4065
Albania,ALB,2013,77.9951
Anguilla,AIA,2013,77.6236
Angola,AGO,2013,59.7048
Afghanistan,AFG,2013,62.1878
Aruba,ABW,2013,75.0718
Zimbabwe,ZWE,2014,58.106
Zambia,ZMB,2014,60.1091
South Africa,ZAF,2014,63.1845
Yemen,YEM,2014,68.0027
Samoa,WSM,2014,71.1416
Wallis and Futuna,WLF,2014,77.2859
Vanuatu,VUT,2014,70.0433
Vietnam,VNM,2014,73.8859
United States Virgin Islands,VIR,2014,74.1975
British Virgin Islands,VGB,2014,76.5271
Venezuela,VEN,2014,72.8371
Saint Vincent and the Grenadines,VCT,2014,70.3548
Vatican,VAT,2014,82.6278
Uzbekistan,UZB,2014,70.9732
United States,USA,2014,78.8785
Uruguay,URY,2014,77.1941
Ukraine,UKR,2014,71.8034
Uganda,UGA,2014,63.0575
Tanzania,TZA,2014,63.3638
Taiwan,TWN,2014,79.4726
Tuvalu,TUV,2014,65.2778
Turkey,TUR,2014,76.4519
Tunisia,TUN,2014,74.7838
Trinidad and Tobago,TTO,2014,72.8984
Tonga,TON,2014,71.7212
East Timor,TLS,2014,65.0268
Turkmenistan,TKM,2014,69.0014
Tokelau,TKL,2014,75.4738
Tajikistan,TJK,2014,69.697
Thailand,THA,2014,76.2792
Togo,TGO,2014,58.7663
Chad,TCD,2014,51.1411
Turks and Caicos Islands,TCA,2014,77.2116
Syria,SYR,2014,65.4916
Seychelles,SYC,2014,72.3545
Sint Maarten (Dutch part),SXM,2014,75.7346
Eswatini,SWZ,2014,53.4913
Sweden,SWE,2014,82.2241
Slovenia,SVN,2014,80.2517
Slovakia,SVK,2014,76.8484
Suriname,SUR,2014,70.33
Sao Tome and Principe,STP,2014,65.4775
South Sudan,SSD,2014,45.6247
Serbia,SRB,2014,75.4778
Saint Pierre and Miquelon,SPM,2014,76.4747
Somalia,SOM,2014,54.4421
San Marino,SMR,2014,84.3941
El Salvador,SLV,2014,71.1442
Sierra Leone,SLE,2014,54.2809
Solomon Islands,SLB,2014,68.9836
Saint Helena,SHN,2014,75.5721
Singapore,SGP,2014,82.6146
Senegal,SEN,2014,66.0014
Sudan,SDN,2014,63.9905
Saudi Arabia,SAU,2014,77.1159
Rwanda,RWA,2014,65.0877
Russia,RUS,2014,70.7978
Romania,ROU,2014,74.7654
Reunion,REU,2014,81.7762
Qatar,QAT,2014,81.3955
French Polynesia,PYF,2014,82.1514
Palestine,PSE,2014,72.7814
Paraguay,PRY,2014,73.4145
Portugal,PRT,2014,81.3135
North Korea,PRK,2014,72.4508
Puerto Rico,PRI,2014,80.0391
Poland,POL,2014,77.312
Papua New Guinea,PNG,2014,64.1977
Palau,PLW,2014,69.062
Philippines,PHL,2014,69.3106
Peru,PER,2014,75.26
Panama,PAN,2014,77.3645
Pakistan,PAK,2014,65.374
World,OWID_WRL,2014,71.4038
Kosovo,OWID_KOS,2014,76.1788
Oman,OMN,2014,79.03
New Zealand,NZL,2014,81.4106
Nauru,NRU,2014,60.8335
Nepal,NPL,2014,67.812
Norway,NOR,2014,82.0869
Netherlands,NLD,2014,81.6503
Niue,NIU,2014,68.4181
Nicaragua,NIC,2014,72.792
Nigeria,NGA,2014,51.9401
Niger,NER,2014,58.6934
New Caledonia,NCL,2014,77.0529
Namibia,NAM,2014,59.3113
Mayotte,MYT,2014,77.2861
Malaysia,MYS,2014,75.3451
Malawi,MWI,2014,61.6507
Mauritius,MUS,2014,74.6143
Martinique,MTQ,2014,81.9365
Montserrat,MSR,2014,75.0332
Mauritania,MRT,2014,66.2069
Mozambique,MOZ,2014,57.965
Northern Mariana Islands,MNP,2014,77.3774
Mongolia,MNG,2014,68.7366
Montenegro,MNE,2014,76.4679
Myanmar,MMR,2014,64.9941
Malta,MLT,2014,82.3176
Mali,MLI,2014,57.4818
North Macedonia,MKD,2014,75.6327
Marshall Islands,MHL,2014,65.11
Mexico,MEX,2014,74.4044
Maldives,MDV,2014,78.1873
Madagascar,MDG,2014,63.2615
Moldova,MDA,2014,70.2407
Monaco,MCO,2014,85.0925
Morocco,MAR,2014,72.5225
Saint Martin (French part),MAF,2014,79.7269
Macao,MAC,2014,82.6955
Latvia,LVA,2014,74.306
Luxembourg,LUX,2014,81.2359
Lithuania,LTU,2014,74.596
Lesotho,LSO,2014,50.7865
Sri Lanka,LKA,2014,75.7573
Liechtenstein,LIE,2014,82.5465
Saint Lucia,LCA,2014,72.6764
Libya,LBY,2014,71.2996
Liberia,LBR,2014,59.2101
Lebanon,LBN,2014,78.148
Laos,LAO,2014,66.3497
Kuwait,KWT,2014,78.927
South Korea,KOR,2014,82.3641
Saint Kitts and Nevis,KNA,2014,71.2275
Kiribati,KIR,2014,65.8687
Cambodia,KHM,2014,69.1174
Kyrgyzstan,KGZ,2014,68.8293
Kenya,KEN,2014,61.9904
Kazakhstan,KAZ,2014,71.4149
Japan,JPN,2014,83.6434
Jordan,JOR,2014,74.606
Jersey,JEY,2014,80.6733
Jamaica,JAM,2014,72.3572
Italy,ITA,2014,82.9008
Israel,ISR,2014,82.3608
Iceland,ISL,2014,82.4298
Iraq,IRQ,2014,69.679
Iran,IRN,2014,75.6352
Ireland,IRL,2014,81.4063
India,IND,2014,68.9323
Isle of Man,IMN,2014,80.1994
Indonesia,IDN,2014,69.292
Hungary,HUN,2014,75.8493
Haiti,HTI,2014,62.9689
Croatia,HRV,2014,77.5144
Honduras,HND,2014,71.0316
Hong Kong,HKG,2014,83.9271
Guyana,GUY,2014,67.3343
Guam,GUM,2014,76.4228
French Guiana,GUF,2014,76.6767
Guatemala,GTM,2014,70.9424
Greenland,GRL,2014,70.0861
Grenada,GRD,2014,75.0449
Greece,GRC,2014,81.1203
Equatorial Guinea,GNQ,2014,60.2279
Guinea-Bissau,GNB,2014,59.476
Gambia,GMB,2014,62.5759
Guadeloupe,GLP,2014,81.1854
Guinea,GIN,2014,57.5815
Gibraltar,GIB,2014,82.6444
Ghana,GHA,2014,62.8321
Guernsey,GGY,2014,83.0091
Georgia,GEO,2014,73.1051
United Kingdom,GBR,2014,81.1529
Gabon,GAB,2014,66.0698
Micronesia (country),FSM,2014,65.294
Faroe Islands,FRO,2014,79.2999
France,FRA,2014,82.4366
Falkland Islands,FLK,2014,78.3551
Fiji,FJI,2014,66.5808
Finland,FIN,2014,81.0546
Ethiopia,ETH,2014,62.9272
Estonia,EST,2014,77.1104
Spain,ESP,2014,82.8283
Western Sahara,ESH,2014,68.9533
Eritrea,ERI,2014,65.5166
Egypt,EGY,2014,69.9112
Ecuador,ECU,2014,76.1409
Algeria,DZA,2014,74.9923
Dominican Republic,DOM,2014,73.1449
Denmark,DNK,2014,80.6319
Dominica,DMA,2014,71.1892
Djibouti,DJI,2014,62.4274
Germany,DEU,2014,80.9056
Czechia,CZE,2014,78.7439
Cyprus,CYP,2014,81.3373
Cayman Islands,CYM,2014,77.8646
Curacao,CUW,2014,76.3837
Cuba,CUB,2014,77.8245
Costa Rica,CRI,2014,80.2313
Cape Verde,CPV,2014,73.7885
Comoros,COM,2014,64.1427
Colombia,COL,2014,75.9497
Cook Islands,COK,2014,73.8314
Congo,COG,2014,63.3491
Democratic Republic of Congo,COD,2014,58.2355
Cameroon,CMR,2014,59.1301
Cote d'Ivoire,CIV,2014,57.7719
China,CHN,2014,76.7143
Chile,CHL,2014,79.7137
Switzerland,CHE,2014,83.0841
Canada,CAN,2014,81.8373
Central African Republic,CAF,2014,40.2652
Botswana,BWA,2014,62.1675
Bhutan,BTN,2014,70.5035
Brunei,BRN,2014,74.862
Barbados,BRB,2014,75.9263
Brazil,BRA,2014,74.8225
Bolivia,BOL,2014,66.9697
Bermuda,BMU,2014,80.1986
Belize,BLZ,2014,71.4372
Belarus,BLR,2014,73.245
Saint Barthelemy,BLM,2014,82.7933
Bosnia and Herzegovina,BIH,2014,77.089
Bahamas,BHS,2014,74.0286
Bahrain,BHR,2014,80.2139
Bulgaria,BGR,2014,74.4664
Bangladesh,BGD,2014,70.0162
Burkina Faso,BFA,2014,58.3315
Bonaire Sint Eustatius and Saba,BES,2014,76.9465
Benin,BEN,2014,59.0082
Belgium,BEL,2014,81.0802
Burundi,BDI,2014,59.7644
Azerbaijan,AZE,2014,71.9304
Austria,AUT,2014,81.39
Australia,AUS,2014,82.5182
Antigua and Barbuda,ATG,2014,76.9122
American Samoa,ASM,2014,72.6873
Armenia,ARM,2014,73.98
Argentina,ARG,2014,76.2678
United Arab Emirates,ARE,2014,81.9902
Andorra,AND,2014,84.4853
Albania,ALB,2014,78.0291
Anguilla,AIA,2014,77.6962
Angola,AGO,2014,60.3956
Afghanistan,AFG,2014,62.2599
Aruba,ABW,2014,75.261
Zimbabwe,ZWE,2015,58.9895
Zambia,ZMB,2015,60.7284
South Africa,ZAF,2015,64.0532
Yemen,YEM,2015,66.7613
Samoa,WSM,2015,71.0599
Wallis and Futuna,WLF,2015,77.4504
Vanuatu,VUT,2015,70.1632
Vietnam,VNM,2015,73.9554
United States Virgin Islands,VIR,2015,74.3104
British Virgin Islands,VGB,2015,76.5582
Venezuela,VEN,2015,73.0044
Saint Vincent and the Grenadines,VCT,2015,70.4626
Vatican,VAT,2015,82.4639
Uzbekistan,UZB,2015,71.3298
United States,USA,2015,78.7219
Uruguay,URY,2015,77.2847
Ukraine,UKR,2015,72.6862
Uganda,UGA,2015,63.8315
Tanzania,TZA,2015,63.9284
Taiwan,TWN,2015,79.8786
Tuvalu,TUV,2015,65.3652
Turkey,TUR,2015,76.5389
Tunisia,TUN,2015,74.8748
Trinidad and Tobago,TTO,2015,72.8817
Tonga,TON,2015,71.851
East Timor,TLS,2015,65.3262
Turkmenistan,TKM,2015,69.0608
Tokelau,TKL,2015,75.7071
Tajikistan,TJK,2015,69.6647
Thailand,THA,2015,76.5631
Togo,TGO,2015,59.2201
Chad,TCD,2015,51.3196
Turks and Caicos Islands,TCA,2015,77.3211
Syria,SYR,2015,63.2651
Seychelles,SYC,2015,72.2854
Sint Maarten (Dutch part),SXM,2015,75.8992
Eswatini,SWZ,2015,54.9407
Sweden,SWE,2015,82.1844
Slovenia,SVN,2015,80.4994
Slovakia,SVK,2015,76.6505
Suriname,SUR,2015,70.5671
Sao Tome and Principe,STP,2015,66.0231
South Sudan,SSD,2015,39.7565
Serbia,SRB,2015,75.653
Saint Pierre and Miquelon,SPM,2015,76.4825
Somalia,SOM,2015,55.0555
San Marino,SMR,2015,84.5959
El Salvador,SLV,2015,70.9524
Sierra Leone,SLE,2015,55.454
Solomon Islands,SLB,2015,69.3234
Saint Helena,SHN,2015,75.1995
Singapore,SGP,2015,82.7479
Senegal,SEN,2015,66.4511
Sudan,SDN,2015,64.3746
Saudi Arabia,SAU,2015,77.7762
Rwanda,RWA,2015,65.4188
Russia,RUS,2015,71.3449
Romania,ROU,2015,74.7371
Reunion,REU,2015,81.9118
Qatar,QAT,2015,81.785
French Polynesia,PYF,2015,82.3393
Palestine,PSE,2015,74.5773
Paraguay,PRY,2015,73.4535
Portugal,PRT,2015,81.3213
North Korea,PRK,2015,72.8253
Puerto Rico,PRI,2015,80.6775
Poland,POL,2015,77.5894
Papua New Guinea,PNG,2015,64.473
Palau,PLW,2015,69.0702
Philippines,PHL,2015,69.4501
Peru,PER,2015,75.7316
Panama,PAN,2015,77.5827
Pakistan,PAK,2015,65.6406
World,OWID_WRL,2015,71.606
Kosovo,OWID_KOS,2015,76.0241
Oman,OMN,2015,79.3457
New Zealand,NZL,2015,81.5866
Nauru,NRU,2015,60.8969
Nepal,NPL,2015,67.3736
Norway,NOR,2015,82.2728
Netherlands,NLD,2015,81.49
Niue,NIU,2015,68.6111
Nicaragua,NIC,2015,72.8989
Nigeria,NGA,2015,51.9394
Niger,NER,2015,58.8498
New Caledonia,NCL,2015,77.2055
Namibia,NAM,2015,60.0083
Mayotte,MYT,2015,76.8827
Malaysia,MYS,2015,75.2876
Malawi,MWI,2015,62.324
Mauritius,MUS,2015,74.673
Martinique,MTQ,2015,82.0308
Montserrat,MSR,2015,75.1277
Mauritania,MRT,2015,66.4982
Mozambique,MOZ,2015,58.711
Northern Mariana Islands,MNP,2015,77.3596
Mongolia,MNG,2015,69.2386
Montenegro,MNE,2015,76.5939
Myanmar,MMR,2015,65.2877
Malta,MLT,2015,82.5914
Mali,MLI,2015,57.8519
North Macedonia,MKD,2015,75.6289
Marshall Islands,MHL,2015,65.2922
Mexico,MEX,2015,74.4315
Maldives,MDV,2015,78.6073
Madagascar,MDG,2015,63.3621
Moldova,MDA,2015,70.118
Monaco,MCO,2015,85.3231
Morocco,MAR,2015,72.8938
Saint Martin (French part),MAF,2015,79.8295
Macao,MAC,2015,82.9402
Latvia,LVA,2015,74.6646
Luxembourg,LUX,2015,81.2561
Lithuania,LTU,2015,74.4737
Lesotho,LSO,2015,51.8298
Sri Lanka,LKA,2015,75.9899
Liechtenstein,LIE,2015,82.7618
Saint Lucia,LCA,2015,72.9319
Libya,LBY,2015,71.644
Liberia,LBR,2015,59.2481
Lebanon,LBN,2015,78.2754
Laos,LAO,2015,66.6881
Kuwait,KWT,2015,79.2194
South Korea,KOR,2015,82.5404
Saint Kitts and Nevis,KNA,2015,71.2112
Kiribati,KIR,2015,65.831
Cambodia,KHM,2015,69.3977
Kyrgyzstan,KGZ,2015,69.3094
Kenya,KEN,2015,62.279
Kazakhstan,KAZ,2015,72.0242
Japan,JPN,2015,83.8832
Jordan,JOR,2015,75.06
Jersey,JEY,2015,80.5257
Jamaica,JAM,2015,72.2144
Italy,ITA,2015,82.5211
Israel,ISR,2015,82.2538
Iceland,ISL,2015,82.1638
Iraq,IRQ,2015,69.9771
Iran,IRN,2015,75.9073
Ireland,IRL,2015,81.5326
India,IND,2015,69.326
Isle of Man,IMN,2015,80.2666
Indonesia,IDN,2015,69.5196
Hungary,HUN,2015,75.6536
Haiti,HTI,2015,63.2239
Croatia,HRV,2015,77.6329
Honduras,HND,2015,71.323
Hong Kong,HKG,2015,84.147
Guyana,GUY,2015,67.7193
Guam,GUM,2015,76.4438
French Guiana,GUF,2015,76.6314
Guatemala,GTM,2015,70.9148
Greenland,GRL,2015,70.2341
Grenada,GRD,2015,75.0375
Greece,GRC,2015,80.7894
Equatorial Guinea,GNQ,2015,60.6347
Guinea-Bissau,GNB,2015,60.0708
Gambia,GMB,2015,62.9713
Guadeloupe,GLP,2015,81.2679
Guinea,GIN,2015,57.8986
Gibraltar,GIB,2015,82.6682
Ghana,GHA,2015,63.1749
Guernsey,GGY,2015,82.7496
Georgia,GEO,2015,73.241
United Kingdom,GBR,2015,80.919
Gabon,GAB,2015,66.3361
Micronesia (country),FSM,2015,65.3065
Faroe Islands,FRO,2015,79.4259
France,FRA,2015,82.1487
Falkland Islands,FLK,2015,78.4296
Fiji,FJI,2015,66.4798
Finland,FIN,2015,81.3775
Ethiopia,ETH,2015,63.592
Estonia,EST,2015,77.665
Spain,ESP,2015,82.6109
Western Sahara,ESH,2015,69.2753
Eritrea,ERI,2015,65.9094
Egypt,EGY,2015,70.1346
Ecuador,ECU,2015,76.2219
Algeria,DZA,2015,75.1589
Dominican Republic,DOM,2015,72.9821
Denmark,DNK,2015,80.7394
Dominica,DMA,2015,69.9683
Djibouti,DJI,2015,62.8326
Germany,DEU,2015,80.5658
Czechia,CZE,2015,78.5609
Cyprus,CYP,2015,81.4637
Cayman Islands,CYM,2015,78.1191
Curacao,CUW,2015,76.4823
Cuba,CUB,2015,77.7453
Costa Rica,CRI,2015,80.4069
Cape Verde,CPV,2015,74.0963
Comoros,COM,2015,64.4727
Colombia,COL,2015,76.0665
Cook Islands,COK,2015,74.0178
Congo,COG,2015,63.6622
Democratic Republic of Congo,COD,2015,58.6576
Cameroon,CMR,2015,59.6866
Cote d'Ivoire,CIV,2015,58.2807
China,CHN,2015,76.9755
Chile,CHL,2015,80.0079
Switzerland,CHE,2015,82.8461
Canada,CAN,2015,81.9084
Central African Republic,CAF,2015,51.9338
Botswana,BWA,2015,63.215
Bhutan,BTN,2015,70.7971
Brunei,BRN,2015,74.8802
Barbados,BRB,2015,76.0546
Brazil,BRA,2015,75.1064
Bolivia,BOL,2015,67.2052
Bermuda,BMU,2015,80.3378
Belize,BLZ,2015,71.6467
Belarus,BLR,2015,73.7607
Saint Barthelemy,BLM,2015,82.9707
Bosnia and Herzegovina,BIH,2015,77.0733
Bahamas,BHS,2015,73.8047
Bahrain,BHR,2015,80.3378
Bulgaria,BGR,2015,74.6208
Bangladesh,BGD,2015,70.5429
Burkina Faso,BFA,2015,58.7777
Bonaire Sint Eustatius and Saba,BES,2015,77.7542
Benin,BEN,2015,59.1233
Belgium,BEL,2015,80.8889
Burundi,BDI,2015,60.1068
Azerbaijan,AZE,2015,72.3486
Austria,AUT,2015,81.1592
Australia,AUS,2015,82.605
Antigua and Barbuda,ATG,2015,76.8924
American Samoa,ASM,2015,72.6543
Armenia,ARM,2015,74.229
Argentina,ARG,2015,76.5995
United Arab Emirates,ARE,2015,82.0759
Andorra,AND,2015,84.5316
Albania,ALB,2015,78.358
Anguilla,AIA,2015,77.7411
Angola,AGO,2015,61.042
Afghanistan,AFG,2015,62.2695
Aruba,ABW,2015,75.4054
Zimbabwe,ZWE,2016,59.7601
Zambia,ZMB,2016,61.1285
South Africa,ZAF,2016,64.7495
Yemen,YEM,2016,67.1054
Samoa,WSM,2016,71.0027
Wallis and Futuna,WLF,2016,77.5447
Vanuatu,VUT,2016,70.3975
Vietnam,VNM,2016,73.9837
United States Virgin Islands,VIR,2016,74.4236
British Virgin Islands,VGB,2016,76.6242
Venezuela,VEN,2016,72.0019
Saint Vincent and the Grenadines,VCT,2016,70.6997
Vatican,VAT,2016,82.8758
Uzbekistan,UZB,2016,71.5798
United States,USA,2016,78.686
Uruguay,URY,2016,77.3511
Ukraine,UKR,2016,73.3894
Uganda,UGA,2016,64.4944
Tanzania,TZA,2016,64.4037
Taiwan,TWN,2016,79.6996
Tuvalu,TUV,2016,65.51
Turkey,TUR,2016,76.5948
Tunisia,TUN,2016,75.0074
Trinidad and Tobago,TTO,2016,72.9348
Tonga,TON,2016,71.9505
East Timor,TLS,2016,65.6099
Turkmenistan,TKM,2016,69.1421
Tokelau,TKL,2016,75.9262
Tajikistan,TJK,2016,69.9819
Thailand,THA,2016,76.7693
Togo,TGO,2016,59.6686
Chad,TCD,2016,51.6027
Turks and Caicos Islands,TCA,2016,77.4372
Syria,SYR,2016,65.1896
Seychelles,SYC,2016,72.2456
Sint Maarten (Dutch part),SXM,2016,75.9518
Eswatini,SWZ,2016,56.2284
Sweden,SWE,2016,82.3391
Slovenia,SVN,2016,80.512
Slovakia,SVK,2016,77.2156
Suriname,SUR,2016,70.9786
Sao Tome and Principe,STP,2016,66.5632
South Sudan,SSD,2016,36.72
Serbia,SRB,2016,75.7375
Saint Pierre and Miquelon,SPM,2016,76.509
Somalia,SOM,2016,55.2828
San Marino,SMR,2016,84.7751
El Salvador,SLV,2016,70.9081
Sierra Leone,SLE,2016,56.9368
Solomon Islands,SLB,2016,69.5012
Saint Helena,SHN,2016,75.8061
Singapore,SGP,2016,82.897
Senegal,SEN,2016,66.724
Sudan,SDN,2016,64.6773
Saudi Arabia,SAU,2016,78.3537
Rwanda,RWA,2016,65.7326
Russia,RUS,2016,71.9101
Romania,ROU,2016,75.0209
Reunion,REU,2016,82.0281
Qatar,QAT,2016,82.1472
French Polynesia,PYF,2016,82.5551
Palestine,PSE,2016,74.9168
Paraguay,PRY,2016,73.4865
Portugal,PRT,2016,81.3636
North Korea,PRK,2016,72.9708
Puerto Rico,PRI,2016,80.3547
Poland,POL,2016,77.6395
Papua New Guinea,PNG,2016,64.7
Palau,PLW,2016,69.0464
Philippines,PHL,2016,69.4896
Peru,PER,2016,75.9508
Panama,PAN,2016,77.7724
Pakistan,PAK,2016,65.9434
World,OWID_WRL,2016,71.8768
Kosovo,OWID_KOS,2016,76.7482
Oman,OMN,2016,79.5813
New Zealand,NZL,2016,82.0027
Nauru,NRU,2016,60.9958
Nepal,NPL,2016,68.4436
Norway,NOR,2016,82.4151
Netherlands,NLD,2016,81.5549
Niue,NIU,2016,68.7963
Nicaragua,NIC,2016,73.1803
Nigeria,NGA,2016,52.1894
Niger,NER,2016,59.2283
New Caledonia,NCL,2016,77.3589
Namibia,NAM,2016,60.8098
Mayotte,MYT,2016,76.5053
Malaysia,MYS,2016,75.3712
Malawi,MWI,2016,63.163
Mauritius,MUS,2016,74.85
Martinique,MTQ,2016,81.8052
Montserrat,MSR,2016,75.228
Mauritania,MRT,2016,66.8235
Mozambique,MOZ,2016,59.455
Northern Mariana Islands,MNP,2016,77.3916
Mongolia,MNG,2016,69.736
Montenegro,MNE,2016,76.5647
Myanmar,MMR,2016,65.6399
Malta,MLT,2016,82.6567
Mali,MLI,2016,58.2857
North Macedonia,MKD,2016,75.571
Marshall Islands,MHL,2016,65.4768
Mexico,MEX,2016,74.3763
Maldives,MDV,2016,78.9128
Madagascar,MDG,2016,63.4312
Moldova,MDA,2016,70.1792
Monaco,MCO,2016,85.6302
Morocco,MAR,2016,73.2279
Saint Martin (French part),MAF,2016,79.8852
Macao,MAC,2016,83.0197
Latvia,LVA,2016,74.7568
Luxembourg,LUX,2016,81.6199
Lithuania,LTU,2016,74.8195
Lesotho,LSO,2016,52.9078
Sri Lanka,LKA,2016,76.1361
Liechtenstein,LIE,2016,82.8949
Saint Lucia,LCA,2016,72.5515
Libya,LBY,2016,71.7987
Liberia,LBR,2016,60.4834
Lebanon,LBN,2016,78.3063
Laos,LAO,2016,67.0136
Kuwait,KWT,2016,79.5162
South Korea,KOR,2016,82.9204
Saint Kitts and Nevis,KNA,2016,71.2269
Kiribati,KIR,2016,65.7991
Cambodia,KHM,2016,69.6352
Kyrgyzstan,KGZ,2016,69.9095
Kenya,KEN,2016,62.5261
Kazakhstan,KAZ,2016,72.5491
Japan,JPN,2016,84.0568
Jordan,JOR,2016,75.5501
Jersey,JEY,2016,80.3466
Jamaica,JAM,2016,72.0522
Italy,ITA,2016,83.0459
Israel,ISR,2016,82.6123
Iceland,ISL,2016,81.8286
Iraq,IRQ,2016,68.6834
Iran,IRN,2016,76.1551
Ireland,IRL,2016,81.6836
India,IND,2016,69.7091
Isle of Man,IMN,2016,80.3913
Indonesia,IDN,2016,69.7333
Hungary,HUN,2016,76.1569
Haiti,HTI,2016,63.3247
Croatia,HRV,2016,77.6294
Honduras,HND,2016,71.6152
Hong Kong,HKG,2016,84.3803
Guyana,GUY,2016,68.0685
Guam,GUM,2016,76.4487
French Guiana,GUF,2016,76.652
Guatemala,GTM,2016,71.215
Greenland,GRL,2016,70.3866
Grenada,GRD,2016,75.0099
Greece,GRC,2016,81.2692
Equatorial Guinea,GNQ,2016,61.081
Guinea-Bissau,GNB,2016,60.6187
Gambia,GMB,2016,63.3862
Guadeloupe,GLP,2016,81.6403
Guinea,GIN,2016,58.49
Gibraltar,GIB,2016,82.741
Ghana,GHA,2016,63.5216
Guernsey,GGY,2016,82.5649
Georgia,GEO,2016,73.1358
United Kingdom,GBR,2016,81.0675
Gabon,GAB,2016,66.5832
Micronesia (country),FSM,2016,65.5757
Faroe Islands,FRO,2016,79.5745
France,FRA,2016,82.4008
Falkland Islands,FLK,2016,78.4831
Fiji,FJI,2016,66.657
Finland,FIN,2016,81.3029
Ethiopia,ETH,2016,64.1624
Estonia,EST,2016,77.7631
Spain,ESP,2016,82.9999
Western Sahara,ESH,2016,69.5959
Eritrea,ERI,2016,66.242
Egypt,EGY,2016,70.4367
Ecuador,ECU,2016,76.0942
Algeria,DZA,2016,75.3099
Dominican Republic,DOM,2016,72.8894
Denmark,DNK,2016,80.8814
Dominica,DMA,2016,71.1889
Djibouti,DJI,2016,63.335
Germany,DEU,2016,80.8371
Czechia,CZE,2016,78.9744
Cyprus,CYP,2016,81.5341
Cayman Islands,CYM,2016,78.3669
Curacao,CUW,2016,76.3222
Cuba,CUB,2016,77.5706
Costa Rica,CRI,2016,79.9879
Cape Verde,CPV,2016,74.3504
Comoros,COM,2016,64.7916
Colombia,COL,2016,76.2285
Cook Islands,COK,2016,74.1646
Congo,COG,2016,63.9108
Democratic Republic of Congo,COD,2016,59.0814
Cameroon,CMR,2016,60.2934
Cote d'Ivoire,CIV,2016,58.8136
China,CHN,2016,77.214
Chile,CHL,2016,80.2949
Switzerland,CHE,2016,83.4457
Canada,CAN,2016,82.0301
Central African Republic,CAF,2016,50.9988
Botswana,BWA,2016,64.3199
Bhutan,BTN,2016,71.1193
Brunei,BRN,2016,74.9054
Barbados,BRB,2016,76.1681
Brazil,BRA,2016,75.0805
Bolivia,BOL,2016,67.3925
Bermuda,BMU,2016,80.4761
Belize,BLZ,2016,71.8433
Belarus,BLR,2016,74.1532
Saint Barthelemy,BLM,2016,83.1544
Bosnia and Herzegovina,BIH,2016,77.1241
Bahamas,BHS,2016,74.0421
Bahrain,BHR,2016,80.407
Bulgaria,BGR,2016,74.8271
Bangladesh,BGD,2016,71.0752
Burkina Faso,BFA,2016,59.1732
Bonaire Sint Eustatius and Saba,BES,2016,77.3659
Benin,BEN,2016,59.2826
Belgium,BEL,2016,81.2647
Burundi,BDI,2016,60.7887
Azerbaijan,AZE,2016,72.5678
Austria,AUT,2016,81.5922
Australia,AUS,2016,82.8014
Antigua and Barbuda,ATG,2016,76.9684
American Samoa,ASM,2016,72.6399
Armenia,ARM,2016,74.4937
Argentina,ARG,2016,76.105
United Arab Emirates,ARE,2016,82.1946
Andorra,AND,2016,84.4885
Albania,ALB,2016,78.6433
Anguilla,AIA,2016,77.8764
Angola,AGO,2016,61.6189
Afghanistan,AFG,2016,62.6459
Aruba,ABW,2016,75.5398
Zimbabwe,ZWE,2017,60.2626
Zambia,ZMB,2017,61.5644
South Africa,ZAF,2017,65.4222
Yemen,YEM,2017,67.1198
Samoa,WSM,2017,70.991
Wallis and Futuna,WLF,2017,77.6279
Vanuatu,VUT,2017,70.4996
Vietnam,VNM,2017,74.0265
United States Virgin Islands,VIR,2017,74.3721
British Virgin Islands,VGB,2017,75.6699
Venezuela,VEN,2017,71.9026
Saint Vincent and the Grenadines,VCT,2017,71.0126
Vatican,VAT,2017,82.7189
Uzbekistan,UZB,2017,71.7372
United States,USA,2017,78.6483
Uruguay,URY,2017,77.618
Ukraine,UKR,2017,73.9935
Uganda,UGA,2017,65.1738
Tanzania,TZA,2017,64.9631
Taiwan,TWN,2017,80.061
Tuvalu,TUV,2017,65.6826
Turkey,TUR,2017,77.0372
Tunisia,TUN,2017,75.1768
Trinidad and Tobago,TTO,2017,72.9844
Tonga,TON,2017,72.0657
East Timor,TLS,2017,65.8982
Turkmenistan,TKM,2017,69.19
Tokelau,TKL,2017,76.0554
Tajikistan,TJK,2017,70.5241
Thailand,THA,2017,76.9888
Togo,TGO,2017,60.1351
Chad,TCD,2017,51.8747
Turks and Caicos Islands,TCA,2017,77.5051
Syria,SYR,2017,65.6508
Seychelles,SYC,2017,72.2319
Sint Maarten (Dutch part),SXM,2017,75.4551
Eswatini,SWZ,2017,57.5742
Sweden,SWE,2017,82.4377
Slovenia,SVN,2017,80.6163
Slovakia,SVK,2017,77.22
Suriname,SUR,2017,71.2474
Sao Tome and Principe,STP,2017,67.0741
South Sudan,SSD,2017,35.3511
Serbia,SRB,2017,75.7921
Saint Pierre and Miquelon,SPM,2017,76.5456
Somalia,SOM,2017,52.1901
San Marino,SMR,2017,84.9326
El Salvador,SLV,2017,71.0074
Sierra Leone,SLE,2017,57.761
Solomon Islands,SLB,2017,69.6517
Saint Helena,SHN,2017,76.3355
Singapore,SGP,2017,83.0947
Senegal,SEN,2017,67.0589
Sudan,SDN,2017,65.1464
Saudi Arabia,SAU,2017,78.7213
Rwanda,RWA,2017,66.1404
Russia,RUS,2017,72.845
Romania,ROU,2017,75.0236
Reunion,REU,2017,82.1273
Qatar,QAT,2017,82.4583
French Polynesia,PYF,2017,82.7741
Palestine,PSE,2017,75.2159
Paraguay,PRY,2017,73.4495
Portugal,PRT,2017,81.6605
North Korea,PRK,2017,73.0344
Puerto Rico,PRI,2017,79.07
Poland,POL,2017,77.7155
Papua New Guinea,PNG,2017,64.9229
Palau,PLW,2017,69.0189
Philippines,PHL,2017,69.9661
Peru,PER,2017,75.9576
Panama,PAN,2017,77.9011
Pakistan,PAK,2017,66.2233
World,OWID_WRL,2017,72.067
Kosovo,OWID_KOS,2017,77.1052
Oman,OMN,2017,79.7483
New Zealand,NZL,2017,81.6053
Nauru,NRU,2017,61.1011
Nepal,NPL,2017,68.7398
Norway,NOR,2017,82.6242
Netherlands,NLD,2017,81.7366
Niue,NIU,2017,68.9833
Nicaragua,NIC,2017,73.3892
Nigeria,NGA,2017,52.3971
Niger,NER,2017,59.5239
New Caledonia,NCL,2017,77.5036
Namibia,NAM,2017,61.661
Mayotte,MYT,2017,76.3488
Malaysia,MYS,2017,75.542
Malawi,MWI,2017,63.9145
Mauritius,MUS,2017,75.024
Martinique,MTQ,2017,81.9879
Montserrat,MSR,2017,75.3312
Mauritania,MRT,2017,67.0885
Mozambique,MOZ,2017,60.1484
Northern Mariana Islands,MNP,2017,77.4704
Mongolia,MNG,2017,70.1709
Montenegro,MNE,2017,76.5929
Myanmar,MMR,2017,65.9086
Malta,MLT,2017,83.0891
Mali,MLI,2017,58.562
North Macedonia,MKD,2017,76.1524
Marshall Islands,MHL,2017,65.6731
Mexico,MEX,2017,74.2609
Maldives,MDV,2017,79.2278
Madagascar,MDG,2017,63.4328
Moldova,MDA,2017,70.375
Monaco,MCO,2017,85.8784
Morocco,MAR,2017,73.6079
Saint Martin (French part),MAF,2017,78.7621
Macao,MAC,2017,83.0779
Latvia,LVA,2017,74.8005
Luxembourg,LUX,2017,81.0892
Lithuania,LTU,2017,75.7015
Lesotho,LSO,2017,53.8737
Sri Lanka,LKA,2017,76.2386
Liechtenstein,LIE,2017,83.111
Saint Lucia,LCA,2017,72.5218
Libya,LBY,2017,72.721
Liberia,LBR,2017,60.7767
Lebanon,LBN,2017,78.1922
Laos,LAO,2017,67.3452
Kuwait,KWT,2017,79.7314
South Korea,KOR,2017,83.2784
Saint Kitts and Nevis,KNA,2017,71.284
Kiribati,KIR,2017,65.7871
Cambodia,KHM,2017,69.8424
Kyrgyzstan,KGZ,2017,70.5031
Kenya,KEN,2017,62.7248
Kazakhstan,KAZ,2017,72.9955
Japan,JPN,2017,84.1891
Jordan,JOR,2017,76.0708
Jersey,JEY,2017,80.1828
Jamaica,JAM,2017,71.8789
Italy,ITA,2017,82.7263
Israel,ISR,2017,82.6993
Iceland,ISL,2017,82.241
Iraq,IRQ,2017,69.7878
Iran,IRN,2017,76.3963
Ireland,IRL,2017,82.1032
India,IND,2017,70.0676
Isle of Man,IMN,2017,80.5064
Indonesia,IDN,2017,69.9533
Hungary,HUN,2017,76.007
Haiti,HTI,2017,63.8323
Croatia,HRV,2017,77.7264
Honduras,HND,2017,71.8046
Hong Kong,HKG,2017,84.6625
Guyana,GUY,2017,68.5431
Guam,GUM,2017,76.4631
French Guiana,GUF,2017,76.7994
Guatemala,GTM,2017,71.5829
Greenland,GRL,2017,70.3861
Grenada,GRD,2017,74.9766
Greece,GRC,2017,80.9614
Equatorial Guinea,GNQ,2017,61.4808
Guinea-Bissau,GNB,2017,61.1484
Gambia,GMB,2017,63.7076
Guadeloupe,GLP,2017,81.7544
Guinea,GIN,2017,58.7151
Gibraltar,GIB,2017,82.8576
Ghana,GHA,2017,63.829
Guernsey,GGY,2017,82.3206
Georgia,GEO,2017,73.4347
United Kingdom,GBR,2017,81.164
Gabon,GAB,2017,66.8163
Micronesia (country),FSM,2017,65.7612
Faroe Islands,FRO,2017,79.6943
France,FRA,2017,82.4385
Falkland Islands,FLK,2017,78.5113
Fiji,FJI,2017,67.0596
Finland,FIN,2017,81.4967
Ethiopia,ETH,2017,64.7659
Estonia,EST,2017,78.1814
Spain,ESP,2017,82.9862
Western Sahara,ESH,2017,69.8831
Eritrea,ERI,2017,66.6115
Egypt,EGY,2017,70.7086
Ecuador,ECU,2017,76.2197
Algeria,DZA,2017,75.4313
Dominican Republic,DOM,2017,73.3702
Denmark,DNK,2017,81.1116
Dominica,DMA,2017,68.6199
Djibouti,DJI,2017,63.71
Germany,DEU,2017,80.9371
Czechia,CZE,2017,78.926
Cyprus,CYP,2017,81.5431
Cayman Islands,CYM,2017,78.6149
Curacao,CUW,2017,76.4226
Cuba,CUB,2017,77.3003
Costa Rica,CRI,2017,79.9944
Cape Verde,CPV,2017,74.7103
Comoros,COM,2017,65.1272
Colombia,COL,2017,76.4178
Cook Islands,COK,2017,74.3162
Congo,COG,2017,64.2028
Democratic Republic of Congo,COD,2017,59.4952
Cameroon,CMR,2017,60.8174
Cote d'Ivoire,CIV,2017,59.3151
China,CHN,2017,77.2353
Chile,CHL,2017,80.6096
Switzerland,CHE,2017,83.414
Canada,CAN,2017,81.9195
Central African Republic,CAF,2017,45.2315
Botswana,BWA,2017,65.4203
Bhutan,BTN,2017,71.4127
Brunei,BRN,2017,74.9429
Barbados,BRB,2017,76.2365
Brazil,BRA,2017,75.3835
Bolivia,BOL,2017,67.5357
Bermuda,BMU,2017,80.6861
Belize,BLZ,2017,72.062
Belarus,BLR,2017,74.3618
Saint Barthelemy,BLM,2017,81.7559
Bosnia and Herzegovina,BIH,2017,77.3855
Bahamas,BHS,2017,74.0314
Bahrain,BHR,2017,80.4067
Bulgaria,BGR,2017,74.7977
Bangladesh,BGD,2017,71.6056
Burkina Faso,BFA,2017,59.5775
Bonaire Sint Eustatius and Saba,BES,2017,77.6048
Benin,BEN,2017,59.5278
Belgium,BEL,2017,81.3624
Burundi,BDI,2017,61.3452
Azerbaijan,AZE,2017,72.6943
Austria,AUT,2017,81.6387
Australia,AUS,2017,82.7184
Antigua and Barbuda,ATG,2017,77.0296
American Samoa,ASM,2017,72.8009
Armenia,ARM,2017,74.7441
Argentina,ARG,2017,76.5434
United Arab Emirates,ARE,2017,82.3884
Andorra,AND,2017,84.3595
Albania,ALB,2017,78.9003
Anguilla,AIA,2017,77.1738
Angola,AGO,2017,62.1221
Afghanistan,AFG,2017,62.4062
Aruba,ABW,2017,75.6203
Zimbabwe,ZWE,2018,60.9055
Zambia,ZMB,2018,62.1381
South Africa,ZAF,2018,65.726
Yemen,YEM,2018,65.9154
Samoa,WSM,2018,71.0516
Wallis and Futuna,WLF,2018,77.7633
Vanuatu,VUT,2018,70.6259
Vietnam,VNM,2018,74.1004
United States Virgin Islands,VIR,2018,74.6823
British Virgin Islands,VGB,2018,76.7281
Venezuela,VEN,2018,72.6415
Saint Vincent and the Grenadines,VCT,2018,71.0174
Vatican,VAT,2018,83.3126
Uzbekistan,UZB,2018,71.9988
United States,USA,2018,78.7997
Uruguay,URY,2018,77.5273
Ukraine,UKR,2018,73.5691
Uganda,UGA,2018,65.7751
Tanzania,TZA,2018,65.488
Taiwan,TWN,2018,80.4312
Tuvalu,TUV,2018,65.871
Turkey,TUR,2018,77.4535
Tunisia,TUN,2018,75.37
Trinidad and Tobago,TTO,2018,72.6582
Tonga,TON,2018,72.1691
East Timor,TLS,2018,66.2039
Turkmenistan,TKM,2018,69.2718
Tokelau,TKL,2018,76.2435
Tajikistan,TJK,2018,70.7366
Thailand,THA,2018,77.1903
Togo,TGO,2018,60.6006
Chad,TCD,2018,52.4467
Turks and Caicos Islands,TCA,2018,77.5957
Syria,SYR,2018,67.3711
Seychelles,SYC,2018,72.1756
Sint Maarten (Dutch part),SXM,2018,75.6932
Eswatini,SWZ,2018,58.7072
Sweden,SWE,2018,82.5321
Slovenia,SVN,2018,80.861
Slovakia,SVK,2018,77.265
Suriname,SUR,2018,71.4679
Sao Tome and Principe,STP,2018,67.6015
South Sudan,SSD,2018,51.9049
Serbia,SRB,2018,76.0356
Saint Pierre and Miquelon,SPM,2018,76.5851
Somalia,SOM,2018,54.7673
San Marino,SMR,2018,85.0947
El Salvador,SLV,2018,71.3836
Sierra Leone,SLE,2018,59.0587
Solomon Islands,SLB,2018,69.8061
Saint Helena,SHN,2018,76.4031
Singapore,SGP,2018,83.3783
Senegal,SEN,2018,67.3792
Sudan,SDN,2018,65.5005
Saudi Arabia,SAU,2018,78.7499
Rwanda,RWA,2018,66.3539
Russia,RUS,2018,72.9363
Romania,ROU,2018,75.1033
Reunion,REU,2018,82.198
Qatar,QAT,2018,82.7136
French Polynesia,PYF,2018,82.9852
Palestine,PSE,2018,75.3798
Paraguay,PRY,2018,73.6271
Portugal,PRT,2018,81.5915
North Korea,PRK,2018,73.0196
Puerto Rico,PRI,2018,81.0859
Poland,POL,2018,77.6232
Papua New Guinea,PNG,2018,65.1139
Palau,PLW,2018,68.9885
Philippines,PHL,2018,69.7615
Peru,PER,2018,76.018
Panama,PAN,2018,78.2656
Pakistan,PAK,2018,66.4807
World,OWID_WRL,2018,72.3885
Kosovo,OWID_KOS,2018,77.1165
Oman,OMN,2018,79.8642
New Zealand,NZL,2018,81.8838
Nauru,NRU,2018,61.2378
Nepal,NPL,2018,69.036
Norway,NOR,2018,82.7599
Netherlands,NLD,2018,81.7813
Niue,NIU,2018,69.1361
Nicaragua,NIC,2018,73.8787
Nigeria,NGA,2018,52.669
Niger,NER,2018,59.7646
New Caledonia,NCL,2018,77.5567
Namibia,NAM,2018,62.5787
Mayotte,MYT,2018,76.221
Malaysia,MYS,2018,75.7341
Malawi,MWI,2018,64.4641
Mauritius,MUS,2018,74.4909
Martinique,MTQ,2018,82.0935
Montserrat,MSR,2018,75.4559
Mauritania,MRT,2018,67.4195
Mozambique,MOZ,2018,60.7904
Northern Mariana Islands,MNP,2018,77.51
Mongolia,MNG,2018,70.5743
Montenegro,MNE,2018,76.9215
Myanmar,MMR,2018,66.2322
Malta,MLT,2018,82.9083
Mali,MLI,2018,58.8728
North Macedonia,MKD,2018,76.8835
Marshall Islands,MHL,2018,65.8703
Mexico,MEX,2018,74.3009
Maldives,MDV,2018,79.4331
Madagascar,MDG,2018,63.4911
Moldova,MDA,2018,70.2355
Monaco,MCO,2018,86.0843
Morocco,MAR,2018,73.9456
Saint Martin (French part),MAF,2018,80.029
Macao,MAC,2018,83.3959
Latvia,LVA,2018,74.9793
Luxembourg,LUX,2018,81.5187
Lithuania,LTU,2018,75.9091
Lesotho,LSO,2018,54.6377
Sri Lanka,LKA,2018,76.4853
Liechtenstein,LIE,2018,83.269
Saint Lucia,LCA,2018,72.6546
Libya,LBY,2018,73.1508
Liberia,LBR,2018,60.9995
Lebanon,LBN,2018,78.2632
Laos,LAO,2018,67.5942
Kuwait,KWT,2018,79.8994
South Korea,KOR,2018,83.34
Saint Kitts and Nevis,KNA,2018,71.3362
Kiribati,KIR,2018,65.8067
Cambodia,KHM,2018,69.9935
Kyrgyzstan,KGZ,2018,70.6678
Kenya,KEN,2018,62.8254
Kazakhstan,KAZ,2018,73.3693
Japan,JPN,2018,84.289
Jordan,JOR,2018,76.4913
Jersey,JEY,2018,80.0258
Jamaica,JAM,2018,71.6062
Italy,ITA,2018,83.1844
Israel,ISR,2018,82.9184
Iceland,ISL,2018,82.4526
Iraq,IRQ,2018,71.1162
Iran,IRN,2018,76.6205
Ireland,IRL,2018,82.1232
India,IND,2018,70.4152
Isle of Man,IMN,2018,80.6139
Indonesia,IDN,2018,70.0797
Hungary,HUN,2018,76.2049
Haiti,HTI,2018,64.0766
Croatia,HRV,2018,77.8654
Honduras,HND,2018,72.0005
Hong Kong,HKG,2018,84.9866
Guyana,GUY,2018,68.8288
Guam,GUM,2018,76.5605
French Guiana,GUF,2018,77.2376
Guatemala,GTM,2018,71.4964
Greenland,GRL,2018,70.354
Grenada,GRD,2018,74.9569
Greece,GRC,2018,81.4954
Equatorial Guinea,GNQ,2018,61.9151
Guinea-Bissau,GNB,2018,61.6516
Gambia,GMB,2018,64.0339
Guadeloupe,GLP,2018,81.3819
Guinea,GIN,2018,59.0434
Gibraltar,GIB,2018,83.0279
Ghana,GHA,2018,64.1382
Guernsey,GGY,2018,82.7481
Georgia,GEO,2018,73.9847
United Kingdom,GBR,2018,81.1229
Gabon,GAB,2018,67.0426
Micronesia (country),FSM,2018,65.9427
Faroe Islands,FRO,2018,79.8121
France,FRA,2018,82.5682
Falkland Islands,FLK,2018,78.5577
Fiji,FJI,2018,66.9645
Finland,FIN,2018,81.6265
Ethiopia,ETH,2018,65.2573
Estonia,EST,2018,78.3339
Spain,ESP,2018,83.0956
Western Sahara,ESH,2018,70.1433
Eritrea,ERI,2018,66.9787
Egypt,EGY,2018,70.9741
Ecuador,ECU,2018,77.2484
Algeria,DZA,2018,75.5554
Dominican Republic,DOM,2018,73.5553
Denmark,DNK,2018,80.9909
Dominica,DMA,2018,71.3779
Djibouti,DJI,2018,64.1051
Germany,DEU,2018,80.8747
Czechia,CZE,2018,78.9612
Cyprus,CYP,2018,81.5558
Cayman Islands,CYM,2018,78.8355
Curacao,CUW,2018,76.4929
Cuba,CUB,2018,77.4259
Costa Rica,CRI,2018,80.0896
Cape Verde,CPV,2018,74.8397
Comoros,COM,2018,65.4009
Colombia,COL,2018,76.5791
Cook Islands,COK,2018,74.4407
Congo,COG,2018,64.472
Democratic Republic of Congo,COD,2018,59.9265
Cameroon,CMR,2018,61.1888
Cote d'Ivoire,CIV,2018,59.7946
China,CHN,2018,77.709
Chile,CHL,2018,80.5594
Switzerland,CHE,2018,83.5639
Canada,CAN,2018,81.9247
Central African Republic,CAF,2018,52.2973
Botswana,BWA,2018,66.3709
Bhutan,BTN,2018,71.7113
Brunei,BRN,2018,74.9915
Barbados,BRB,2018,76.3784
Brazil,BRA,2018,75.6335
Bolivia,BOL,2018,67.6992
Bermuda,BMU,2018,80.9856
Belize,BLZ,2018,72.3215
Belarus,BLR,2018,74.3344
Saint Barthelemy,BLM,2018,83.6036
Bosnia and Herzegovina,BIH,2018,77.9425
Bahamas,BHS,2018,74.062
Bahrain,BHR,2018,80.4118
Bulgaria,BGR,2018,74.9325
Bangladesh,BGD,2018,72.1217
Burkina Faso,BFA,2018,59.9719
Bonaire Sint Eustatius and Saba,BES,2018,77.1027
Benin,BEN,2018,59.7097
Belgium,BEL,2018,81.4805
Burundi,BDI,2018,61.8065
Azerbaijan,AZE,2018,73.0156
Austria,AUT,2018,81.6859
Australia,AUS,2018,83.2582
Antigua and Barbuda,ATG,2018,77.1325
American Samoa,ASM,2018,72.794
Armenia,ARM,2018,74.9783
Argentina,ARG,2018,76.7698
United Arab Emirates,ARE,2018,82.4493
Andorra,AND,2018,84.2416
Albania,ALB,2018,79.2377
Anguilla,AIA,2018,78.2359
Angola,AGO,2018,62.6219
Afghanistan,AFG,2018,62.4434
Aruba,ABW,2018,75.8797
Zimbabwe,ZWE,2019,61.0603
Zambia,ZMB,2019,62.9145
South Africa,ZAF,2019,66.0711
Yemen,YEM,2019,66.5673
Samoa,WSM,2019,70.2695
Wallis and Futuna,WLF,2019,77.9936
Vanuatu,VUT,2019,70.7834
Vietnam,VNM,2019,74.2113
United States Virgin Islands,VIR,2019,74.8761
British Virgin Islands,VGB,2019,76.8452
Venezuela,VEN,2019,72.7664
Saint Vincent and the Grenadines,VCT,2019,70.9944
Vatican,VAT,2019,83.6243
Uzbekistan,UZB,2019,72.0934
United States,USA,2019,78.916
Uruguay,URY,2019,77.5028
Ukraine,UKR,2019,73.9199
Uganda,UGA,2019,66.3537
Tanzania,TZA,2019,66.0068
Taiwan,TWN,2019,80.5958
Tuvalu,TUV,2019,66.1085
Turkey,TUR,2019,77.737
Tunisia,TUN,2019,75.5992
Trinidad and Tobago,TTO,2019,72.8357
Tonga,TON,2019,72.292
East Timor,TLS,2019,66.4964
Turkmenistan,TKM,2019,69.4046
Tokelau,TKL,2019,76.4524
Tajikistan,TJK,2019,70.962
Thailand,THA,2019,77.1967
Togo,TGO,2019,61.0554
Chad,TCD,2019,52.9927
Turks and Caicos Islands,TCA,2019,77.691
Syria,SYR,2019,70.9701
Seychelles,SYC,2019,72.1226
Sint Maarten (Dutch part),SXM,2019,75.6796
Eswatini,SWZ,2019,59.8496
Sweden,SWE,2019,83.0518
Slovenia,SVN,2019,81.007
Slovakia,SVK,2019,77.6863
Suriname,SUR,2019,71.7734
Sao Tome and Principe,STP,2019,68.0435
South Sudan,SSD,2019,58.1293
Serbia,SRB,2019,76.0585
Saint Pierre and Miquelon,SPM,2019,76.6094
Somalia,SOM,2019,57.2494
San Marino,SMR,2019,85.2565
El Salvador,SLV,2019,71.7253
Sierra Leone,SLE,2019,59.5935
Solomon Islands,SLB,2019,69.9807
Saint Helena,SHN,2019,76.6816
Singapore,SGP,2019,83.6622
Senegal,SEN,2019,67.668
Sudan,SDN,2019,65.8032
Saudi Arabia,SAU,2019,78.3132
Rwanda,RWA,2019,66.6905
Russia,RUS,2019,73.0658
Romania,ROU,2019,75.3288
Reunion,REU,2019,82.3179
Qatar,QAT,2019,82.9454
French Polynesia,PYF,2019,83.1955
Palestine,PSE,2019,75.8114
Paraguay,PRY,2019,73.6681
Portugal,PRT,2019,81.9587
North Korea,PRK,2019,72.9282
Puerto Rico,PRI,2019,81.4383
Poland,POL,2019,77.9213
Papua New Guinea,PNG,2019,65.3306
Palau,PLW,2019,68.9816
Philippines,PHL,2019,69.6804
Peru,PER,2019,76.2749
Panama,PAN,2019,78.5145
Pakistan,PAK,2019,66.7288
World,OWID_WRL,2019,72.6093
Kosovo,OWID_KOS,2019,77.2489
Oman,OMN,2019,79.9456
New Zealand,NZL,2019,81.8322
Nauru,NRU,2019,61.3931
Nepal,NPL,2019,69.2992
Norway,NOR,2019,82.9553
Netherlands,NLD,2019,82.053
Niue,NIU,2019,69.2988
Nicaragua,NIC,2019,73.7637
Nigeria,NGA,2019,53.0086
Niger,NER,2019,60.031
New Caledonia,NCL,2019,77.2623
Namibia,NAM,2019,63.5463
Mayotte,MYT,2019,76.1027
Malaysia,MYS,2019,75.9005
Malawi,MWI,2019,64.995
Mauritius,MUS,2019,74.1811
Martinique,MTQ,2019,82.0734
Montserrat,MSR,2019,75.6002
Mauritania,MRT,2019,67.6397
Mozambique,MOZ,2019,61.3059
Northern Mariana Islands,MNP,2019,77.8437
Mongolia,MNG,2019,70.6631
Montenegro,MNE,2019,76.6392
Myanmar,MMR,2019,66.4567
Malta,MLT,2019,82.8387
Mali,MLI,2019,59.2173
North Macedonia,MKD,2019,76.8346
Marshall Islands,MHL,2019,66.0473
Mexico,MEX,2019,74.5302
Maldives,MDV,2019,79.7071
Madagascar,MDG,2019,63.5039
Moldova,MDA,2019,70.181
Monaco,MCO,2019,86.1507
Morocco,MAR,2019,74.2446
Saint Martin (French part),MAF,2019,80.0784
Macao,MAC,2019,83.2927
Latvia,LVA,2019,75.6278
Luxembourg,LUX,2019,81.5879
Lithuania,LTU,2019,76.4245
Lesotho,LSO,2019,55.2493
Sri Lanka,LKA,2019,76.698
Liechtenstein,LIE,2019,83.4047
Saint Lucia,LCA,2019,72.249
Libya,LBY,2019,72.9412
Liberia,LBR,2019,61.2324
Lebanon,LBN,2019,78.2079
Laos,LAO,2019,67.9113
Kuwait,KWT,2019,80.0223
South Korea,KOR,2019,83.6846
Saint Kitts and Nevis,KNA,2019,71.5399
Kiribati,KIR,2019,65.8663
Cambodia,KHM,2019,70.1267
Kyrgyzstan,KGZ,2019,70.8907
Kenya,KEN,2019,62.9391
Kazakhstan,KAZ,2019,73.6581
Japan,JPN,2019,84.4177
Jordan,JOR,2019,76.8645
Jersey,JEY,2019,79.8931
Jamaica,JAM,2019,71.5316
Italy,ITA,2019,83.3423
Israel,ISR,2019,82.9048
Iceland,ISL,2019,82.8474
Iraq,IRQ,2019,71.2452
Iran,IRN,2019,76.8549
Ireland,IRL,2019,82.4108
India,IND,2019,70.7463
Isle of Man,IMN,2019,80.7399
Indonesia,IDN,2019,70.3491
Hungary,HUN,2019,76.4546
Haiti,HTI,2019,64.3281
Croatia,HRV,2019,78.197
Honduras,HND,2019,72.1238
Hong Kong,HKG,2019,85.2632
Guyana,GUY,2019,69.0673
Guam,GUM,2019,76.6453
French Guiana,GUF,2019,76.5711
Guatemala,GTM,2019,71.6394
Greenland,GRL,2019,70.2573
Grenada,GRD,2019,74.9711
Greece,GRC,2019,81.3487
Equatorial Guinea,GNQ,2019,62.2965
Guinea-Bissau,GNB,2019,62.1612
Gambia,GMB,2019,64.4275
Guadeloupe,GLP,2019,81.3922
Guinea,GIN,2019,59.3785
Gibraltar,GIB,2019,83.1834
Ghana,GHA,2019,64.4554
Guernsey,GGY,2019,83.2815
Georgia,GEO,2019,74.1649
United Kingdom,GBR,2019,81.4426
Gabon,GAB,2019,67.3369
Micronesia (country),FSM,2019,66.1957
Faroe Islands,FRO,2019,79.9058
France,FRA,2019,82.7304
Falkland Islands,FLK,2019,78.6131
Fiji,FJI,2019,67.0088
Finland,FIN,2019,81.8643
Ethiopia,ETH,2019,65.7413
Estonia,EST,2019,78.7728
Spain,ESP,2019,83.4794
Western Sahara,ESH,2019,70.3822
Eritrea,ERI,2019,67.3061
Egypt,EGY,2019,71.2128
Ecuador,ECU,2019,77.2862
Algeria,DZA,2019,75.6818
Dominican Republic,DOM,2019,73.1119
Denmark,DNK,2019,81.4343
Dominica,DMA,2019,71.3052
Djibouti,DJI,2019,64.3809
Germany,DEU,2019,81.1893
Czechia,CZE,2019,79.1853
Cyprus,CYP,2019,81.4543
Cayman Islands,CYM,2019,79.0516
Curacao,CUW,2019,76.4917
Cuba,CUB,2019,77.4133
Costa Rica,CRI,2019,80.2963
Cape Verde,CPV,2019,75.4486
Comoros,COM,2019,65.6622
Colombia,COL,2019,76.7927
Cook Islands,COK,2019,74.5561
Congo,COG,2019,63.1523
Democratic Republic of Congo,COD,2019,60.2425
Cameroon,CMR,2019,61.6952
Cote d'Ivoire,CIV,2019,60.2741
China,CHN,2019,77.9396
Chile,CHL,2019,80.3243
Switzerland,CHE,2019,83.7804
Canada,CAN,2019,82.2848
Central African Republic,CAF,2019,31.5302
Botswana,BWA,2019,67.1668
Bhutan,BTN,2019,72.0049
Brunei,BRN,2019,75.049
Barbados,BRB,2019,76.4951
Brazil,BRA,2019,75.8093
Bolivia,BOL,2019,67.8198
Bermuda,BMU,2019,81.2507
Belize,BLZ,2019,72.5766
Belarus,BLR,2019,74.2555
Saint Barthelemy,BLM,2019,83.8237
Bosnia and Herzegovina,BIH,2019,77.3939
Bahamas,BHS,2019,71.4084
Bahrain,BHR,2019,80.4706
Bulgaria,BGR,2019,75.0874
Bangladesh,BGD,2019,72.6254
Burkina Faso,BFA,2019,60.1842
Bonaire Sint Eustatius and Saba,BES,2019,77.2373
Benin,BEN,2019,59.8875
Belgium,BEL,2019,81.8353
Burundi,BDI,2019,62.1801
Azerbaijan,AZE,2019,73.29
Austria,AUT,2019,81.9072
Australia,AUS,2019,83.2412
Antigua and Barbuda,ATG,2019,77.1681
American Samoa,ASM,2019,72.7511
Armenia,ARM,2019,75.1931
Argentina,ARG,2019,76.8475
United Arab Emirates,ARE,2019,82.5961
Andorra,AND,2019,84.098
Albania,ALB,2019,79.4669
Anguilla,AIA,2019,78.4253
Angola,AGO,2019,63.0511
Afghanistan,AFG,2019,62.9411
Aruba,ABW,2019,76.0193
Zimbabwe,ZWE,2020,61.53
Zambia,ZMB,2020,63.3607
South Africa,ZAF,2020,65.1502
Yemen,YEM,2020,66.4354
Samoa,WSM,2020,70.7265
Wallis and Futuna,WLF,2020,78.1637
Vanuatu,VUT,2020,70.3845
Vietnam,VNM,2020,75.3832
United States Virgin Islands,VIR,2020,74.7137
British Virgin Islands,VGB,2020,76.8941
Venezuela,VEN,2020,72.3693
Saint Vincent and the Grenadines,VCT,2020,69.6051
Vatican,VAT,2020,82.986
Uzbekistan,UZB,2020,71.4613
United States,USA,2020,77.0115
Uruguay,URY,2020,78.3811
Ukraine,UKR,2020,73.2833
Uganda,UGA,2020,66.4098
Tanzania,TZA,2020,66.7712
Taiwan,TWN,2020,81.1067
Tuvalu,TUV,2020,66.3567
Turkey,TUR,2020,76.5255
Tunisia,TUN,2020,75.0035
Trinidad and Tobago,TTO,2020,72.645
Tonga,TON,2020,72.3787
East Timor,TLS,2020,66.9191
Turkmenistan,TKM,2020,68.8457
Tokelau,TKL,2020,76.6217
Tajikistan,TJK,2020,68.6054
Thailand,THA,2020,77.3314
Togo,TGO,2020,61.1225
Chad,TCD,2020,53.0818
Turks and Caicos Islands,TCA,2020,77.4989
Syria,SYR,2020,71.944
Seychelles,SYC,2020,74.0912
Sint Maarten (Dutch part),SXM,2020,75.0023
Eswatini,SWZ,2020,59.8618
Sweden,SWE,2020,82.4271
Slovenia,SVN,2020,80.3641
Slovakia,SVK,2020,76.8643
Suriname,SUR,2020,72.3208
Sao Tome and Principe,STP,2020,67.979
South Sudan,SSD,2020,57.6479
Serbia,SRB,2020,74.5065
Saint Pierre and Miquelon,SPM,2020,76.6183
Somalia,SOM,2020,57.0948
San Marino,SMR,2020,82.6495
El Salvador,SLV,2020,70.2436
Sierra Leone,SLE,2020,59.6935
Solomon Islands,SLB,2020,69.2577
Saint Helena,SHN,2020,76.8925
Singapore,SGP,2020,83.6607
Senegal,SEN,2020,67.4961
Sudan,SDN,2020,65.1237
Saudi Arabia,SAU,2020,77.5962
Rwanda,RWA,2020,66.9534
Russia,RUS,2020,71.1705
Romania,ROU,2020,74.0464
Reunion,REU,2020,82.5765
Qatar,QAT,2020,80.4095
French Polynesia,PYF,2020,82.4588
Palestine,PSE,2020,74.9978
Paraguay,PRY,2020,72.7197
Portugal,PRT,2020,81.3664
North Korea,PRK,2020,72.7826
Puerto Rico,PRI,2020,80.009
Poland,POL,2020,76.5951
Papua New Guinea,PNG,2020,65.075
Palau,PLW,2020,68.6889
Philippines,PHL,2020,70.0974
Peru,PER,2020,73.8315
Panama,PAN,2020,76.3302
Pakistan,PAK,2020,65.7015
World,OWID_WRL,2020,71.9166
Kosovo,OWID_KOS,2020,74.2118
Oman,OMN,2020,77.7634
New Zealand,NZL,2020,82.6628
Nauru,NRU,2020,61.5271
Nepal,NPL,2020,69.1065
Norway,NOR,2020,83.1953
Netherlands,NLD,2020,81.3931
Niue,NIU,2020,69.4704
Nicaragua,NIC,2020,70.7662
Nigeria,NGA,2020,53.0724
Niger,NER,2020,59.8903
New Caledonia,NCL,2020,77.0494
Namibia,NAM,2020,64.0712
Mayotte,MYT,2020,74.2126
Malaysia,MYS,2020,76.0566
Malawi,MWI,2020,65.2159
Mauritius,MUS,2020,74.6572
Martinique,MTQ,2020,80.2672
Montserrat,MSR,2020,75.5677
Mauritania,MRT,2020,66.7943
Mozambique,MOZ,2020,61.3904
Northern Mariana Islands,MNP,2020,78.03
Mongolia,MNG,2020,70.0291
Montenegro,MNE,2020,75.8503
Myanmar,MMR,2020,66.6121
Malta,MLT,2020,82.3358
Mali,MLI,2020,58.8577
North Macedonia,MKD,2020,74.4687
Marshall Islands,MHL,2020,65.3873
Mexico,MEX,2020,70.4492
Maldives,MDV,2020,78.713
Madagascar,MDG,2020,62.706
Moldova,MDA,2020,69.9144
Monaco,MCO,2020,86.0893
Morocco,MAR,2020,73.1327
Saint Martin (French part),MAF,2020,80.0848
Macao,MAC,2020,84.61
Latvia,LVA,2020,75.4781
Luxembourg,LUX,2020,81.4108
Lithuania,LTU,2020,75.105
Lesotho,LSO,2020,55.1325
Sri Lanka,LKA,2020,76.9281
Liechtenstein,LIE,2020,82.037
Saint Lucia,LCA,2020,72.3077
Libya,LBY,2020,72.3882
Liberia,LBR,2020,61.2672
Lebanon,LBN,2020,76.2988
Laos,LAO,2020,68.3386
Kuwait,KWT,2020,78.2483
South Korea,KOR,2020,83.6752
Saint Kitts and Nevis,KNA,2020,71.1814
Kiribati,KIR,2020,65.2046
Cambodia,KHM,2020,70.0594
Kyrgyzstan,KGZ,2020,69.136
Kenya,KEN,2020,61.5958
Kazakhstan,KAZ,2020,71.1952
Japan,JPN,2020,84.6703
Jordan,JOR,2020,75.5831
Jersey,JEY,2020,79.4471
Jamaica,JAM,2020,71.4519
Italy,ITA,2020,82.1814
Israel,ISR,2020,82.6997
Iceland,ISL,2020,82.7113
Iraq,IRQ,2020,69.6506
Iran,IRN,2020,74.1406
Ireland,IRL,2020,82.3897
India,IND,2020,70.1563
Isle of Man,IMN,2020,80.5909
Indonesia,IDN,2020,68.8173
Hungary,HUN,2020,75.7302
Haiti,HTI,2020,63.773
Croatia,HRV,2020,77.4972
Honduras,HND,2020,70.864
Hong Kong,HKG,2020,84.7073
Guyana,GUY,2020,67.751
Guam,GUM,2020,75.5289
French Guiana,GUF,2020,77.5067
Guatemala,GTM,2020,69.9707
Greenland,GRL,2020,70.1558
Grenada,GRD,2020,75.019
Greece,GRC,2020,81.5361
Equatorial Guinea,GNQ,2020,62.1408
Guinea-Bissau,GNB,2020,61.343
Gambia,GMB,2020,64.4183
Guadeloupe,GLP,2020,80.6481
Guinea,GIN,2020,59.3499
Gibraltar,GIB,2020,83.0698
Ghana,GHA,2020,64.3089
Guernsey,GGY,2020,83.3459
Georgia,GEO,2020,73.5094
United Kingdom,GBR,2020,80.3854
Gabon,GAB,2020,67.0725
Micronesia (country),FSM,2020,65.8776
Faroe Islands,FRO,2020,79.9822
France,FRA,2020,82.1993
Falkland Islands,FLK,2020,78.7753
Fiji,FJI,2020,66.924
Finland,FIN,2020,81.8219
Ethiopia,ETH,2020,65.9688
Estonia,EST,2020,78.8929
Spain,ESP,2020,82.2413
Western Sahara,ESH,2020,70.6126
Eritrea,ERI,2020,66.9802
Egypt,EGY,2020,69.7897
Ecuador,ECU,2020,72.0036
Algeria,DZA,2020,73.2568
Dominican Republic,DOM,2020,72.6358
Denmark,DNK,2020,81.5458
Dominica,DMA,2020,71.2693
Djibouti,DJI,2020,64.2001
Germany,DEU,2020,81.0036
Czechia,CZE,2020,78.237
Cyprus,CYP,2020,81.2302
Cayman Islands,CYM,2020,79.2299
Curacao,CUW,2020,76.5011
Cuba,CUB,2020,77.4075
Costa Rica,CRI,2020,79.7252
Cape Verde,CPV,2020,73.8177
Comoros,COM,2020,65.7559
Colombia,COL,2020,74.7565
Cook Islands,COK,2020,74.5139
Congo,COG,2020,64.3907
Democratic Republic of Congo,COD,2020,60.4283
Cameroon,CMR,2020,61.6738
Cote d'Ivoire,CIV,2020,60.1397
China,CHN,2020,78.0191
Chile,CHL,2020,79.3488
Switzerland,CHE,2020,83.0626
Canada,CAN,2020,81.6536
Central African Republic,CAF,2020,50.5959
Botswana,BWA,2020,67.6426
Bhutan,BTN,2020,72.2531
Brunei,BRN,2020,75.1138
Barbados,BRB,2020,76.6465
Brazil,BRA,2020,74.5058
Bolivia,BOL,2020,62.906
Bermuda,BMU,2020,81.4562
Belize,BLZ,2020,71.5801
Belarus,BLR,2020,72.269
Saint Barthelemy,BLM,2020,84.0707
Bosnia and Herzegovina,BIH,2020,76.0395
Bahamas,BHS,2020,72.9936
Bahrain,BHR,2020,78.6833
Bulgaria,BGR,2020,73.5992
Bangladesh,BGD,2020,71.4211
Burkina Faso,BFA,2020,60.4536
Bonaire Sint Eustatius and Saba,BES,2020,77.213
Benin,BEN,2020,60.154
Belgium,BEL,2020,80.7977
Burundi,BDI,2020,62.5694
Azerbaijan,AZE,2020,70.3116
Austria,AUT,2020,81.8037
Australia,AUS,2020,83.6639
Antigua and Barbuda,ATG,2020,77.1613
American Samoa,ASM,2020,72.6717
Armenia,ARM,2020,68.8898
Argentina,ARG,2020,75.8781
United Arab Emirates,ARE,2020,81.9363
Andorra,AND,2020,79.4177
Albania,ALB,2020,77.8241
Anguilla,AIA,2020,78.6562
Angola,AGO,2020,63.1164
Afghanistan,AFG,2020,61.4537
Aruba,ABW,2020,75.4061
Zimbabwe,ZWE,2021,60.1347
Zambia,ZMB,2021,62.3631
South Africa,ZAF,2021,62.0099
Yemen,YEM,2021,66.0191
Samoa,WSM,2021,71.0958
Wallis and Futuna,WLF,2021,77.4609
Vanuatu,VUT,2021,69.9518
Vietnam,VNM,2021,74.1448
United States Virgin Islands,VIR,2021,74.6132
British Virgin Islands,VGB,2021,75.297
Venezuela,VEN,2021,71.5364
Saint Vincent and the Grenadines,VCT,2021,69.132
Vatican,VAT,2021,82.946
Uzbekistan,UZB,2021,71.6808
United States,USA,2021,76.3836
Uruguay,URY,2021,75.4345
Ukraine,UKR,2021,71.6308
Uganda,UGA,2021,66.4497
Tanzania,TZA,2021,66.1306
Taiwan,TWN,2021,80.7847
Tuvalu,TUV,2021,65.8236
Turkey,TUR,2021,75.7222
Tunisia,TUN,2021,72.8928
Trinidad and Tobago,TTO,2021,71.1114
Tonga,TON,2021,72.1296
East Timor,TLS,2021,66.1993
Turkmenistan,TKM,2021,69.3525
Tokelau,TKL,2021,76.7183
Tajikistan,TJK,2021,69.5935
Thailand,THA,2021,77.6065
Togo,TGO,2021,61.3285
Chad,TCD,2021,53.1362
Turks and Caicos Islands,TCA,2021,77.2342
Syria,SYR,2021,72.4175
Seychelles,SYC,2021,71.2198
Sint Maarten (Dutch part),SXM,2021,74.5049
Eswatini,SWZ,2021,58.2284
Sweden,SWE,2021,83.0196
Slovenia,SVN,2021,80.434
Slovakia,SVK,2021,74.5901
Suriname,SUR,2021,68.9427
Sao Tome and Principe,STP,2021,68.0262
South Sudan,SSD,2021,57.0474
Serbia,SRB,2021,72.853
Saint Pierre and Miquelon,SPM,2021,76.6661
Somalia,SOM,2021,55.7027
San Marino,SMR,2021,83.5389
El Salvador,SLV,2021,69.9414
Sierra Leone,SLE,2021,60.2596
Solomon Islands,SLB,2021,68.8904
Saint Helena,SHN,2021,76.7652
Singapore,SGP,2021,83.4846
Senegal,SEN,2021,66.8685
Sudan,SDN,2021,64.4604
Saudi Arabia,SAU,2021,77.0887
Rwanda,RWA,2021,66.8496
Russia,RUS,2021,69.8066
Romania,ROU,2021,72.7405
Reunion,REU,2021,81.5003
Qatar,QAT,2021,81.083
French Polynesia,PYF,2021,79.5711
Palestine,PSE,2021,73.8896
Paraguay,PRY,2021,68.1081
Portugal,PRT,2021,81.3978
North Korea,PRK,2021,73.4366
Puerto Rico,PRI,2021,79.7698
Poland,POL,2021,75.6387
Papua New Guinea,PNG,2021,64.3577
Palau,PLW,2021,68.5629
Philippines,PHL,2021,66.6755
Peru,PER,2021,71.5962
Panama,PAN,2021,77.0037
Pakistan,PAK,2021,65.7731
World,OWID_WRL,2021,70.865
Kosovo,OWID_KOS,2021,74.9812
Oman,OMN,2021,75.9693
New Zealand,NZL,2021,82.3003
Nauru,NRU,2021,61.3312
Nepal,NPL,2021,68.3846
Norway,NOR,2021,83.1656
Netherlands,NLD,2021,81.356
Niue,NIU,2021,69.5721
Nicaragua,NIC,2021,70.4777
Nigeria,NGA,2021,53.455
Niger,NER,2021,59.5422
New Caledonia,NCL,2021,77.1134
Namibia,NAM,2021,60.8499
Mayotte,MYT,2021,72.8232
Malaysia,MYS,2021,73.9172
Malawi,MWI,2021,64.782
Mauritius,MUS,2021,72.903
Martinique,MTQ,2021,77.7403
Montserrat,MSR,2021,75.8958
Mauritania,MRT,2021,66.7618
Mozambique,MOZ,2021,60.2683
Northern Mariana Islands,MNP,2021,78.1598
Mongolia,MNG,2021,68.5654
Montenegro,MNE,2021,73.7893
Myanmar,MMR,2021,65.5535
Malta,MLT,2021,82.3161
Mali,MLI,2021,59.116
North Macedonia,MKD,2021,73.2918
Marshall Islands,MHL,2021,65.4209
Mexico,MEX,2021,69.7499
Maldives,MDV,2021,78.052
Madagascar,MDG,2021,62.5157
Moldova,MDA,2021,68.9908
Monaco,MCO,2021,85.1126
Morocco,MAR,2021,73.3848
Saint Martin (French part),MAF,2021,80.206
Macao,MAC,2021,83.8179
Latvia,LVA,2021,73.1809
Luxembourg,LUX,2021,81.8392
Lithuania,LTU,2021,74.2967
Lesotho,LSO,2021,54.2091
Sri Lanka,LKA,2021,76.2779
Liechtenstein,LIE,2021,82.7877
Saint Lucia,LCA,2021,69.1194
Libya,LBY,2021,72.0617
Liberia,LBR,2021,61.1658
Lebanon,LBN,2021,73.6495
Laos,LAO,2021,67.8074
Kuwait,KWT,2021,77.625
South Korea,KOR,2021,83.8517
Saint Kitts and Nevis,KNA,2021,69.2709
Kiribati,KIR,2021,64.1482
Cambodia,KHM,2021,69.3012
Kyrgyzstan,KGZ,2021,69.2904
Kenya,KEN,2021,61.2253
Kazakhstan,KAZ,2021,70.1311
Japan,JPN,2021,84.55
Jordan,JOR,2021,74.2042
Jersey,JEY,2021,79.3232
Jamaica,JAM,2021,69.0846
Italy,ITA,2021,82.8652
Israel,ISR,2021,82.5169
Iceland,ISL,2021,82.8433
Iraq,IRQ,2021,70.7036
Iran,IRN,2021,73.7521
Ireland,IRL,2021,81.8608
India,IND,2021,67.2823
Isle of Man,IMN,2021,80.4197
Indonesia,IDN,2021,67.4516
Hungary,HUN,2021,74.1851
Haiti,HTI,2021,62.613
Croatia,HRV,2021,77.1412
Honduras,HND,2021,69.4924
Hong Kong,HKG,2021,85.0816
Guyana,GUY,2021,64.3228
Guam,GUM,2021,75.4337
French Guiana,GUF,2021,74.1955
Guatemala,GTM,2021,67.8582
Greenland,GRL,2021,70.0489
Grenada,GRD,2021,74.5221
Greece,GRC,2021,80.5312
Equatorial Guinea,GNQ,2021,62.4468
Guinea-Bissau,GNB,2021,61.6528
Gambia,GMB,2021,63.8475
Guadeloupe,GLP,2021,78.2108
Guinea,GIN,2021,59.3728
Gibraltar,GIB,2021,80.2743
Ghana,GHA,2021,64.2862
Guernsey,GGY,2021,81.9691
Georgia,GEO,2021,71.6353
United Kingdom,GBR,2021,80.708
Gabon,GAB,2021,67.0715
Micronesia (country),FSM,2021,66.1516
Faroe Islands,FRO,2021,79.7923
France,FRA,2021,82.3216
Falkland Islands,FLK,2021,78.9882
Fiji,FJI,2021,64.9039
Finland,FIN,2021,81.8137
Ethiopia,ETH,2021,65.3299
Estonia,EST,2021,77.4095
Spain,ESP,2021,82.9508
Western Sahara,ESH,2021,70.8869
Eritrea,ERI,2021,66.9396
Egypt,EGY,2021,68.9759
Ecuador,ECU,2021,72.7465
Algeria,DZA,2021,75.2077
Dominican Republic,DOM,2021,71.7575
Denmark,DNK,2021,81.4363
Dominica,DMA,2021,69.8318
Djibouti,DJI,2021,63.8301
Germany,DEU,2021,81.1059
Czechia,CZE,2021,77.2342
Cyprus,CYP,2021,80.5735
Cayman Islands,CYM,2021,79.2996
Curacao,CUW,2021,75.6857
Cuba,CUB,2021,73.2006
Costa Rica,CRI,2021,78.0501
Cape Verde,CPV,2021,74.4235
Comoros,COM,2021,65.2009
Colombia,COL,2021,72.6983
Cook Islands,COK,2021,74.5833
Congo,COG,2021,64.1918
Democratic Republic of Congo,COD,2021,60.0444
Cameroon,CMR,2021,61.1463
Cote d'Ivoire,CIV,2021,60.2897
China,CHN,2021,78.1166
Chile,CHL,2021,78.8764
Switzerland,CHE,2021,83.6477
Canada,CAN,2021,81.976
Central African Republic,CAF,2021,40.2791
Botswana,BWA,2021,63.3025
Bhutan,BTN,2021,72.4482
Brunei,BRN,2021,74.8692
Barbados,BRB,2021,76.5797
Brazil,BRA,2021,73.0377
Bolivia,BOL,2021,61.4268
Bermuda,BMU,2021,81.7451
Belize,BLZ,2021,70.917
Belarus,BLR,2021,72.2206
Saint Barthelemy,BLM,2021,84.1875
Bosnia and Herzegovina,BIH,2021,74.5673
Bahamas,BHS,2021,70.752
Bahrain,BHR,2021,78.0826
Bulgaria,BGR,2021,71.4137
Bangladesh,BGD,2021,71.1035
Burkina Faso,BFA,2021,60.0463
Bonaire Sint Eustatius and Saba,BES,2021,77.8843
Benin,BEN,2021,59.6103
Belgium,BEL,2021,81.6591
Burundi,BDI,2021,62.1013
Azerbaijan,AZE,2021,70.9994
Austria,AUT,2021,81.8204
Australia,AUS,2021,83.564
Antigua and Barbuda,ATG,2021,77.197
American Samoa,ASM,2021,72.708
Armenia,ARM,2021,72.5524
Argentina,ARG,2021,73.9485
United Arab Emirates,ARE,2021,79.0831
Andorra,AND,2021,82.3311
Albania,ALB,2021,76.8442
Anguilla,AIA,2021,78.4144
Angola,AGO,2021,62.9581
Afghanistan,AFG,2021,60.4174
Aruba,ABW,2021,73.655
Zimbabwe,ZWE,2022,62.3601
Zambia,ZMB,2022,65.2791
South Africa,ZAF,2022,65.4536
Yemen,YEM,2022,67.9517
Samoa,WSM,2022,71.5503
Wallis and Futuna,WLF,2022,78.5005
Vanuatu,VUT,2022,71.3016
Vietnam,VNM,2022,74.5025
United States Virgin Islands,VIR,2022,75.0449
British Virgin Islands,VGB,2022,77.177
Venezuela,VEN,2022,72.5656
Saint Vincent and the Grenadines,VCT,2022,71.1906
Vatican,VAT,2022,83.3354
Uzbekistan,UZB,2022,72.1465
United States,USA,2022,77.9789
Uruguay,URY,2022,76.4682
Ukraine,UKR,2022,72.6582
Uganda,UGA,2022,67.6747
Tanzania,TZA,2022,66.8786
Taiwan,TWN,2022,80.1569
Tuvalu,TUV,2022,66.8516
Turkey,TUR,2022,77.5913
Tunisia,TUN,2022,76.0505
Trinidad and Tobago,TTO,2022,73.3308
Tonga,TON,2022,72.6353
East Timor,TLS,2022,67.3684
Turkmenistan,TKM,2022,69.9133
Tokelau,TKL,2022,76.887
Tajikistan,TJK,2022,71.5624
Thailand,THA,2022,75.2913
Togo,TGO,2022,62.2898
Chad,TCD,2022,54.5275
Turks and Caicos Islands,TCA,2022,77.9176
Syria,SYR,2022,72.7898
Seychelles,SYC,2022,71.2481
Sint Maarten (Dutch part),SXM,2022,76.1804
Eswatini,SWZ,2022,63.0283
Sweden,SWE,2022,83.046
Slovenia,SVN,2022,80.7933
Slovakia,SVK,2022,77.0356
Suriname,SUR,2022,73.2538
Sao Tome and Principe,STP,2022,69.2368
South Sudan,SSD,2022,57.2026
Serbia,SRB,2022,75.4778
Saint Pierre and Miquelon,SPM,2022,76.6987
Somalia,SOM,2022,53.9315
San Marino,SMR,2022,85.7082
El Salvador,SLV,2022,71.9695
Sierra Leone,SLE,2022,61.2748
Solomon Islands,SLB,2022,70.4086
Saint Helena,SHN,2022,76.7352
Singapore,SGP,2022,82.9211
Senegal,SEN,2022,67.7884
Sudan,SDN,2022,65.695
Saudi Arabia,SAU,2022,77.3098
Rwanda,RWA,2022,67.528
Russia,RUS,2022,72.5174
Romania,ROU,2022,75.2614
Reunion,REU,2022,81.5
Qatar,QAT,2022,81.8566
French Polynesia,PYF,2022,83.8594
Palestine,PSE,2022,76.6624
Paraguay,PRY,2022,72.3185
Portugal,PRT,2022,81.1936
North Korea,PRK,2022,73.6411
Puerto Rico,PRI,2022,79.4269
Poland,POL,2022,77.9229
Papua New Guinea,PNG,2022,65.2736
Palau,PLW,2022,68.9222
Philippines,PHL,2022,69.4723
Peru,PER,2022,76.834
Panama,PAN,2022,79.3241
Pakistan,PAK,2022,67.4167
World,OWID_WRL,2022,72.6398
Kosovo,OWID_KOS,2022,77.6233
Oman,OMN,2022,77.9106
New Zealand,NZL,2022,81.0061
Nauru,NRU,2022,61.9304
Nepal,NPL,2022,70.0869
Norway,NOR,2022,82.6309
Netherlands,NLD,2022,81.9121
Niue,NIU,2022,69.8182
Nicaragua,NIC,2022,74.4626
Nigeria,NGA,2022,54.079
Niger,NER,2022,60.3981
New Caledonia,NCL,2022,77.6983
Namibia,NAM,2022,64.1903
Mayotte,MYT,2022,75.1273
Malaysia,MYS,2022,75.4442
Malawi,MWI,2022,66.037
Mauritius,MUS,2022,73.5445
Martinique,MTQ,2022,80.8364
Montserrat,MSR,2022,76.0377
Mauritania,MRT,2022,68.2807
Mozambique,MOZ,2022,63.0115
Northern Mariana Islands,MNP,2022,78.5312
Mongolia,MNG,2022,71.5049
Montenegro,MNE,2022,75.9214
Myanmar,MMR,2022,66.5058
Malta,MLT,2022,82.2496
Mali,MLI,2022,60.0347
North Macedonia,MKD,2022,76.6455
Marshall Islands,MHL,2022,66.7245
Mexico,MEX,2022,73.9731
Maldives,MDV,2022,80.7595
Madagascar,MDG,2022,63.0677
Moldova,MDA,2022,71.5465
Monaco,MCO,2022,85.7464
Morocco,MAR,2022,75.1614
Saint Martin (French part),MAF,2022,80.2355
Macao,MAC,2022,82.1025
Latvia,LVA,2022,74.8706
Luxembourg,LUX,2022,82.2007
Lithuania,LTU,2022,74.696
Lesotho,LSO,2022,56.8119
Sri Lanka,LKA,2022,77.2996
Liechtenstein,LIE,2022,83.4054
Saint Lucia,LCA,2022,72.6699
Libya,LBY,2022,74.4615
Liberia,LBR,2022,61.9342
Lebanon,LBN,2022,78.0029
Laos,LAO,2022,68.7152
Kuwait,KWT,2022,78.7881
South Korea,KOR,2022,82.727
Saint Kitts and Nevis,KNA,2022,70.3131
Kiribati,KIR,2022,66.2687
Cambodia,KHM,2022,70.528
Kyrgyzstan,KGZ,2022,71.487
Kenya,KEN,2022,63.5491
Kazakhstan,KAZ,2022,73.5028
Japan,JPN,2022,84.0541
Jordan,JOR,2022,77.088
Jersey,JEY,2022,79.7257
Jamaica,JAM,2022,71.4809
Italy,ITA,2022,82.052
Israel,ISR,2022,82.8145
Iceland,ISL,2022,81.5877
Iraq,IRQ,2022,72.0371
Iran,IRN,2022,76.7993
Ireland,IRL,2022,82.0505
India,IND,2022,71.6984
Isle of Man,IMN,2022,80.9561
Indonesia,IDN,2022,70.9246
Hungary,HUN,2022,76.2118
Haiti,HTI,2022,63.9483
Croatia,HRV,2022,78.2779
Honduras,HND,2022,72.7151
Hong Kong,HKG,2022,83.4853
Guyana,GUY,2022,69.8885
Guam,GUM,2022,77.1015
French Guiana,GUF,2022,76.7942
Guatemala,GTM,2022,71.2064
Greenland,GRL,2022,70.0519
Grenada,GRD,2022,75.1508
Greece,GRC,2022,79.9441
Equatorial Guinea,GNQ,2022,63.3545
Guinea-Bissau,GNB,2022,63.6045
Gambia,GMB,2022,64.859
Guadeloupe,GLP,2022,80.9054
Guinea,GIN,2022,60.4316
Gibraltar,GIB,2022,83.5167
Ghana,GHA,2022,65.246
Guernsey,GGY,2022,83.108
Georgia,GEO,2022,74.1409
United Kingdom,GBR,2022,81.0744
Gabon,GAB,2022,67.713
Micronesia (country),FSM,2022,66.9606
Faroe Islands,FRO,2022,79.2637
France,FRA,2022,82.4753
Falkland Islands,FLK,2022,79.0448
Fiji,FJI,2022,67.1481
Finland,FIN,2022,81.2435
Ethiopia,ETH,2022,66.8971
Estonia,EST,2022,78.1674
Spain,ESP,2022,82.3661
Western Sahara,ESH,2022,71.1432
Eritrea,ERI,2022,67.7892
Egypt,EGY,2022,71.0097
Ecuador,ECU,2022,76.5767
Algeria,DZA,2022,76.1289
Dominican Republic,DOM,2022,74.2108
Denmark,DNK,2022,81.2906
Dominica,DMA,2022,71.0806
Djibouti,DJI,2022,65.5402
Germany,DEU,2022,80.5796
Czechia,CZE,2022,79.1648
Cyprus,CYP,2022,80.4337
Cayman Islands,CYM,2022,79.9841
Curacao,CUW,2022,76.7287
Cuba,CUB,2022,77.6291
Costa Rica,CRI,2022,79.3164
Cape Verde,CPV,2022,75.9068
Comoros,COM,2022,66.4806
Colombia,COL,2022,76.5081
Cook Islands,COK,2022,75.0787
Congo,COG,2022,65.0003
Democratic Republic of Congo,COD,2022,60.9789
Cameroon,CMR,2022,62.4428
Cote d'Ivoire,CIV,2022,61.5622
China,CHN,2022,78.2021
Chile,CHL,2022,79.1762
Switzerland,CHE,2022,83.2003
Canada,CAN,2022,81.2493
Central African Republic,CAF,2022,18.8177
Botswana,BWA,2022,68.7487
Bhutan,BTN,2022,72.754
Brunei,BRN,2022,72.9171
Barbados,BRB,2022,75.6761
Brazil,BRA,2022,74.8719
Bolivia,BOL,2022,67.4342
Bermuda,BMU,2022,82.0616
Belize,BLZ,2022,72.1904
Belarus,BLR,2022,74.3612
Saint Barthelemy,BLM,2022,84.2805
Bosnia and Herzegovina,BIH,2022,76.7772
Bahamas,BHS,2022,74.4911
Bahrain,BHR,2022,80.9921
Bulgaria,BGR,2022,74.0342
Bangladesh,BGD,2022,74.2647
Burkina Faso,BFA,2022,60.7
Bonaire Sint Eustatius and Saba,BES,2022,78.1545
Benin,BEN,2022,60.4751
Belgium,BEL,2022,81.1589
Burundi,BDI,2022,62.8819
Azerbaijan,AZE,2022,74.125
Austria,AUT,2022,81.2959
Australia,AUS,2022,82.7662
Antigua and Barbuda,ATG,2022,77.4833
American Samoa,ASM,2022,72.7521
Armenia,ARM,2022,74.6333
Argentina,ARG,2022,75.8061
United Arab Emirates,ARE,2022,80.4868
Andorra,AND,2022,84.0164
Albania,ALB,2022,78.7688
Anguilla,AIA,2022,79.1194
Angola,AGO,2022,64.2455
Afghanistan,AFG,2022,65.617
Aruba,ABW,2022,76.2258
Zimbabwe,ZWE,2023,62.7748
Zambia,ZMB,2023,66.3487
South Africa,ZAF,2023,66.1387
Yemen,YEM,2023,69.2952
Samoa,WSM,2023,71.6982
Wallis and Futuna,WLF,2023,78.6286
Vanuatu,VUT,2023,71.4769
Vietnam,VNM,2023,74.5883
United States Virgin Islands,VIR,2023,75.4724
British Virgin Islands,VGB,2023,77.2758
Venezuela,VEN,2023,72.5142
Saint Vincent and the Grenadines,VCT,2023,71.2301
Vatican,VAT,2023,82.9848
Uzbekistan,UZB,2023,72.3884
United States,USA,2023,79.3043
Uruguay,URY,2023,78.1385
Ukraine,UKR,2023,73.4225
Uganda,UGA,2023,68.2523
Tanzania,TZA,2023,66.9953
Taiwan,TWN,2023,80.5588
Tuvalu,TUV,2023,67.1049
Turkey,TUR,2023,77.1557
Tunisia,TUN,2023,76.5077
Trinidad and Tobago,TTO,2023,73.4896
Tonga,TON,2023,72.8947
East Timor,TLS,2023,67.6894
Turkmenistan,TKM,2023,70.0727
Tokelau,TKL,2023,77.0512
Tajikistan,TJK,2023,71.7901
Thailand,THA,2023,76.4115
Togo,TGO,2023,62.7387
Chad,TCD,2023,55.0692
Turks and Caicos Islands,TCA,2023,78.0077
Syria,SYR,2023,72.1201
Seychelles,SYC,2023,72.862
Sint Maarten (Dutch part),SXM,2023,76.371
Eswatini,SWZ,2023,64.1227
Sweden,SWE,2023,83.2624
Slovenia,SVN,2023,81.6034
Slovakia,SVK,2023,78.3414
Suriname,SUR,2023,73.631
Sao Tome and Principe,STP,2023,69.7182
South Sudan,SSD,2023,57.6174
Serbia,SRB,2023,76.7693
Saint Pierre and Miquelon,SPM,2023,76.7578
Somalia,SOM,2023,58.8158
San Marino,SMR,2023,85.7062
El Salvador,SLV,2023,72.0993
Sierra Leone,SLE,2023,61.7858
Solomon Islands,SLB,2023,70.5277
Saint Helena,SHN,2023,76.7869
Singapore,SGP,2023,83.7362
Senegal,SEN,2023,68.6829
Sudan,SDN,2023,66.331
Saudi Arabia,SAU,2023,78.7321
Rwanda,RWA,2023,67.7852
Russia,RUS,2023,73.1541
Romania,ROU,2023,75.9381
Reunion,REU,2023,83.5472
Qatar,QAT,2023,82.368
French Polynesia,PYF,2023,84.0698
Palestine,PSE,2023,65.1703
Paraguay,PRY,2023,73.8443
Portugal,PRT,2023,82.3599
North Korea,PRK,2023,73.6418
Puerto Rico,PRI,2023,81.6902
Poland,POL,2023,78.6329
Papua New Guinea,PNG,2023,66.134
Palau,PLW,2023,69.269
Philippines,PHL,2023,69.8327
Peru,PER,2023,77.7401
Panama,PAN,2023,79.5937
Pakistan,PAK,2023,67.649
World,OWID_WRL,2023,73.1694
Kosovo,OWID_KOS,2023,78.0326
Oman,OMN,2023,80.0305
New Zealand,NZL,2023,82.088
Nauru,NRU,2023,62.1094
Nepal,NPL,2023,70.3537
Norway,NOR,2023,83.3078
Netherlands,NLD,2023,82.1576
Niue,NIU,2023,69.9778
Nicaragua,NIC,2023,74.9468
Nigeria,NGA,2023,54.4623
Niger,NER,2023,61.1833
New Caledonia,NCL,2023,78.7658
Namibia,NAM,2023,67.3848
Mayotte,MYT,2023,76.0544
Malaysia,MYS,2023,76.6571
Malawi,MWI,2023,67.3535
Mauritius,MUS,2023,74.9263
Martinique,MTQ,2023,82.5651
Montserrat,MSR,2023,76.1857
Mauritania,MRT,2023,68.4836
Mozambique,MOZ,2023,63.6111
Northern Mariana Islands,MNP,2023,78.8075
Mongolia,MNG,2023,71.7341
Montenegro,MNE,2023,77.0869
Myanmar,MMR,2023,66.889
Malta,MLT,2023,83.2989
Mali,MLI,2023,60.4394
North Macedonia,MKD,2023,77.3947
Marshall Islands,MHL,2023,66.9454
Mexico,MEX,2023,75.069
Maldives,MDV,2023,81.0412
Madagascar,MDG,2023,63.6317
Moldova,MDA,2023,71.1985
Monaco,MCO,2023,86.3724
Morocco,MAR,2023,75.3128
Saint Martin (French part),MAF,2023,80.2238
Macao,MAC,2023,83.0749
Latvia,LVA,2023,76.1898
Luxembourg,LUX,2023,82.2294
Lithuania,LTU,2023,76.025
Lesotho,LSO,2023,57.3749
Sri Lanka,LKA,2023,77.4828
Liechtenstein,LIE,2023,83.6298
Saint Lucia,LCA,2023,72.6968
Libya,LBY,2023,69.3389
Liberia,LBR,2023,62.1625
Lebanon,LBN,2023,77.817
Laos,LAO,2023,68.9637
Kuwait,KWT,2023,80.4047
South Korea,KOR,2023,84.3288
Saint Kitts and Nevis,KNA,2023,72.1447
Kiribati,KIR,2023,66.4731
Cambodia,KHM,2023,70.6675
Kyrgyzstan,KGZ,2023,71.677
Kenya,KEN,2023,63.6459
Kazakhstan,KAZ,2023,74.4021
Japan,JPN,2023,84.7123
Jordan,JOR,2023,77.8145
Jersey,JEY,2023,79.7071
Jamaica,JAM,2023,71.4789
Italy,ITA,2023,83.7157
Israel,ISR,2023,82.408
Iceland,ISL,2023,82.6911
Iraq,IRQ,2023,72.3242
Iran,IRN,2023,77.6545
Ireland,IRL,2023,82.4118
India,IND,2023,72.0026
Isle of Man,IMN,2023,80.999
Indonesia,IDN,2023,71.1457
Hungary,HUN,2023,77.024
Haiti,HTI,2023,64.9356
Croatia,HRV,2023,78.5803
Honduras,HND,2023,72.8842
Hong Kong,HKG,2023,85.5106
Guyana,GUY,2023,70.1802
Guam,GUM,2023,77.2093
French Guiana,GUF,2023,76.9781
Guatemala,GTM,2023,72.6023
Greenland,GRL,2023,70.055
Grenada,GRD,2023,75.2052
Greece,GRC,2023,81.8568
Equatorial Guinea,GNQ,2023,63.7071
Guinea-Bissau,GNB,2023,64.0849
Gambia,GMB,2023,65.8603
Guadeloupe,GLP,2023,82.0503
Guinea,GIN,2023,60.7405
Gibraltar,GIB,2023,83.553
Ghana,GHA,2023,65.4979
Guernsey,GGY,2023,83.2744
Georgia,GEO,2023,74.4965
United Kingdom,GBR,2023,81.3015
Gabon,GAB,2023,68.3367
Micronesia (country),FSM,2023,67.1983
Faroe Islands,FRO,2023,80.1792
France,FRA,2023,83.3253
Falkland Islands,FLK,2023,79.2132
Fiji,FJI,2023,67.3157
Finland,FIN,2023,81.9102
Ethiopia,ETH,2023,67.315
Estonia,EST,2023,79.1535
Spain,ESP,2023,83.6703
Western Sahara,ESH,2023,71.385
Eritrea,ERI,2023,68.6239
Egypt,EGY,2023,71.6335
Ecuador,ECU,2023,77.3924
Algeria,DZA,2023,76.261
Dominican Republic,DOM,2023,73.7201
Denmark,DNK,2023,81.9328
Dominica,DMA,2023,71.1325
Djibouti,DJI,2023,65.9865
Germany,DEU,2023,81.3777
Czechia,CZE,2023,79.8341
Cyprus,CYP,2023,81.648
Cayman Islands,CYM,2023,80.3576
Curacao,CUW,2023,76.7996
Cuba,CUB,2023,78.0855
Costa Rica,CRI,2023,80.7995
Cape Verde,CPV,2023,76.0587
Comoros,COM,2023,66.7768
Colombia,COL,2023,77.7246
Cook Islands,COK,2023,75.2818
Congo,COG,2023,65.772
Democratic Republic of Congo,COD,2023,61.895
Cameroon,CMR,2023,63.6996
Cote d'Ivoire,CIV,2023,61.9438
China,CHN,2023,77.9529
Chile,CHL,2023,81.1667
Switzerland,CHE,2023,83.9536
Canada,CAN,2023,82.6302
Central African Republic,CAF,2023,57.4077
Botswana,BWA,2023,69.1631
Bhutan,BTN,2023,72.9753
Brunei,BRN,2023,75.3266
Barbados,BRB,2023,76.1782
Brazil,BRA,2023,75.8482
Bolivia,BOL,2023,68.5814
Bermuda,BMU,2023,82.3089
Belize,BLZ,2023,73.5656
Belarus,BLR,2023,74.4339
Saint Barthelemy,BLM,2023,84.2901
Bosnia and Herzegovina,BIH,2023,77.8504
Bahamas,BHS,2023,74.5518
Bahrain,BHR,2023,81.2835
Bulgaria,BGR,2023,75.6363
Bangladesh,BGD,2023,74.6723
Burkina Faso,BFA,2023,61.092
Bonaire Sint Eustatius and Saba,BES,2023,77.4355
Benin,BEN,2023,60.7738
Belgium,BEL,2023,82.115
Burundi,BDI,2023,63.6511
Azerbaijan,AZE,2023,74.4286
Austria,AUT,2023,81.9559
Australia,AUS,2023,83.9228
Antigua and Barbuda,ATG,2023,77.5976
American Samoa,ASM,2023,72.8518
Armenia,ARM,2023,75.6827
Argentina,ARG,2023,77.3947
United Arab Emirates,ARE,2023,82.9091
Andorra,AND,2023,84.0406
Albania,ALB,2023,79.6019
Anguilla,AIA,2023,79.3115
Angola,AGO,2023,64.617
Afghanistan,AFG,2023,66.0346
Aruba,ABW,2023,76.353