"","gender","event","medal","abb","country","grp_id","type","year","guide"
"1","Women","Double FITA Round Amputee","Gold","NOR",NA,NA,"Archery",1980,NA
"2","Women","Double FITA Round Amputee","Silver","POL",NA,NA,"Archery",1980,NA
"3","Women","Double FITA Round Amputee","Bronze","FRA",NA,NA,"Archery",1980,NA
"4","Women","Double FITA Round Paraplegic","Gold","NZL",NA,NA,"Archery",1980,NA
"5","Women","Double FITA Round Paraplegic","Silver","FIN",NA,NA,"Archery",1980,NA
"6","Women","Double FITA Round Paraplegic","Bronze","FRG",NA,NA,"Archery",1980,NA
"7","Women","Double FITA Round Novice Paraplegic","Gold","JPN",NA,NA,"Archery",1980,NA
"8","Women","Short Metric Round Paraplegic","Gold","AUT",NA,NA,"Archery",1980,NA
"9","Women","Short Metric Round Paraplegic","Silver","GBR",NA,NA,"Archery",1980,NA
"10","Women","Advanced Metric Round Paraplegic","Gold","USA",NA,NA,"Archery",1980,NA
"11","Women","Advanced Metric Round Paraplegic","Silver","NZL",NA,NA,"Archery",1980,NA
"12","Women","Advanced Metric Round Paraplegic","Bronze","GBR",NA,NA,"Archery",1980,NA
"13","Women","Double FITA Round Div. 3","Gold","GBR",NA,NA,"Archery",1984,NA
"14","Women","Double FITA Round Div. 3","Silver","GBR",NA,NA,"Archery",1984,NA
"15","Women","Double FITA Round Integrated","Gold","FRG",NA,NA,"Archery",1984,NA
"16","Women","Double FITA Round Integrated","Silver","BEL",NA,NA,"Archery",1984,NA
"17","Women","Double FITA Round Integrated","Bronze","ITA",NA,NA,"Archery",1984,NA
"18","Women","Double FITA Round Paraplegic","Gold","USA",NA,NA,"Archery",1984,NA
"19","Women","Double FITA Round Paraplegic","Silver","JPN",NA,NA,"Archery",1984,NA
"20","Women","Double FITA Round Paraplegic","Bronze","AUS",NA,NA,"Archery",1984,NA
"21","Women","Double Short Metric Round Paraplegic","Gold","FRA",NA,NA,"Archery",1984,NA
"22","Women","Double Short Metric Round Paraplegic","Silver","AUT",NA,NA,"Archery",1984,NA
"23","Women","Double Short Metric Round Paraplegic","Bronze","GBR",NA,NA,"Archery",1984,NA
"24","Women","Double FITA Round Open","Gold","KOR",NA,NA,"Archery",1988,NA
"25","Women","Double FITA Round Open","Silver","FRG",NA,NA,"Archery",1988,NA
"26","Women","Double FITA Round Open","Bronze","DEN",NA,NA,"Archery",1988,NA
"27","Women","Double FITA Round 2-6","Gold","GBR",NA,NA,"Archery",1988,NA
"28","Women","Double FITA Round 2-6","Silver","FIN",NA,NA,"Archery",1988,NA
"29","Women","Double FITA Round 2-6","Bronze","ITA",NA,NA,"Archery",1988,NA
"30","Women","Double FITA Round Team 2-6","Gold","GBR","Great Britain",2,"Archery",1988,NA
"31","Women","Double FITA Round Team 2-6","Gold","GBR","Great Britain",3,"Archery",1988,NA
"32","Women","Double FITA Round Team 2-6","Silver","FRG","FR Germany",2,"Archery",1988,NA
"33","Women","Double FITA Round Team 2-6","Silver","FRG","FR Germany",3,"Archery",1988,NA
"34","Women","Double FITA Round Team 2-6","Bronze","FIN","Finland",2,"Archery",1988,NA
"35","Women","Double FITA Round Team 2-6","Bronze","FIN","Finland",3,"Archery",1988,NA
"36","Women","Individual AR2","Gold","ITA",NA,NA,"Archery",1992,NA
"37","Women","Individual AR2","Silver","FIN",NA,NA,"Archery",1992,NA
"38","Women","Individual AR2","Bronze","JPN",NA,NA,"Archery",1992,NA
"39","Women","Individual Open","Gold","EUN",NA,NA,"Archery",1992,NA
"40","Women","Individual Open","Silver","SWE",NA,NA,"Archery",1992,NA
"41","Women","Individual Open","Bronze","DEN",NA,NA,"Archery",1992,NA
"42","Women","Individual W2","Gold","JPN",NA,NA,"Archery",1996,NA
"43","Women","Individual W2","Silver","ITA",NA,NA,"Archery",1996,NA
"44","Women","Individual W2","Bronze","ITA",NA,NA,"Archery",1996,NA
"45","Women","Individual Standing","Gold","POL",NA,NA,"Archery",1996,NA
"46","Women","Individual Standing","Silver","GBR",NA,NA,"Archery",1996,NA
"47","Women","Individual Standing","Bronze","FRA",NA,NA,"Archery",1996,NA
"48","Women","Teams Open","Gold","ITA","Italy",2,"Archery",1996,NA
"49","Women","Teams Open","Gold","ITA","Italy",3,"Archery",1996,NA
"50","Women","Teams Open","Silver","JPN","Japan",2,"Archery",1996,NA
"51","Women","Teams Open","Silver","JPN","Japan",3,"Archery",1996,NA
"52","Women","Teams Open","Bronze","GBR","Great Britain",2,"Archery",1996,NA
"53","Women","Teams Open","Bronze","GBR","Great Britain",3,"Archery",1996,NA
"54","Women","Individual W1/W2","Gold","ITA",NA,NA,"Archery",2000,NA
"55","Women","Individual W1/W2","Silver","GBR",NA,NA,"Archery",2000,NA
"56","Women","Individual W1/W2","Bronze","KOR",NA,NA,"Archery",2000,NA
"57","Women","Individual Standing","Gold","GBR",NA,NA,"Archery",2000,NA
"58","Women","Individual Standing","Silver","POL",NA,NA,"Archery",2000,NA
"59","Women","Individual Standing","Bronze","POL",NA,NA,"Archery",2000,NA
"60","Women","Teams Open","Gold","ITA","Italy",4,"Archery",2000,NA
"61","Women","Teams Open","Gold","ITA","Italy",5,"Archery",2000,NA
"62","Women","Teams Open","Gold","ITA","Italy",6,"Archery",2000,NA
"63","Women","Teams Open","Silver","GBR","Great Britain",2,"Archery",2000,NA
"64","Women","Teams Open","Silver","GBR","Great Britain",3,"Archery",2000,NA
"65","Women","Teams Open","Bronze","JPN","Japan",2,"Archery",2000,NA
"66","Women","Teams Open","Bronze","JPN","Japan",3,"Archery",2000,NA
"67","Women","Individual W1/W2","Gold","ITA",NA,NA,"Archery",2004,NA
"68","Women","Individual W1/W2","Silver","JPN",NA,NA,"Archery",2004,NA
"69","Women","Individual W1/W2","Bronze","JPN",NA,NA,"Archery",2004,NA
"70","Women","Individual Standing","Gold","CHN",NA,NA,"Archery",2004,NA
"71","Women","Individual Standing","Silver","THA",NA,NA,"Archery",2004,NA
"72","Women","Individual Standing","Bronze","POL",NA,NA,"Archery",2004,NA
"73","Women","Teams Open","Gold","GBR","Great Britain",2,"Archery",2004,NA
"74","Women","Teams Open","Gold","GBR","Great Britain",3,"Archery",2004,NA
"75","Women","Teams Open","Silver","ITA","Italy",2,"Archery",2004,NA
"76","Women","Teams Open","Silver","ITA","Italy",3,"Archery",2004,NA
"77","Women","Teams Open","Bronze","KOR","Korea",2,"Archery",2004,NA
"78","Women","Teams Open","Bronze","KOR","Korea",3,"Archery",2004,NA
"79","Women","Individual Compound Open","Gold","GBR",NA,NA,"Archery",2008,NA
"80","Women","Individual Compound Open","Silver","JPN",NA,NA,"Archery",2008,NA
"81","Women","Individual Compound Open","Bronze","GBR",NA,NA,"Archery",2008,NA
"82","Women","Individual Recurve W1/W2","Gold","TUR",NA,NA,"Archery",2008,NA
"83","Women","Individual Recurve W1/W2","Silver","CHN",NA,NA,"Archery",2008,NA
"84","Women","Individual Recurve W1/W2","Bronze","CHN",NA,NA,"Archery",2008,NA
"85","Women","Individual Recurve Standing","Gold","KOR",NA,NA,"Archery",2008,NA
"86","Women","Individual Recurve Standing","Silver","CHN",NA,NA,"Archery",2008,NA
"87","Women","Individual Recurve Standing","Bronze","USA",NA,NA,"Archery",2008,NA
"88","Women","Team Recurve Open","Gold","CHN","China",2,"Archery",2008,NA
"89","Women","Team Recurve Open","Gold","CHN","China",3,"Archery",2008,NA
"90","Women","Team Recurve Open","Silver","KOR","Korea",2,"Archery",2008,NA
"91","Women","Team Recurve Open","Silver","KOR","Korea",3,"Archery",2008,NA
"92","Women","Team Recurve Open","Bronze","CZE","Czech Republic",2,"Archery",2008,NA
"93","Women","Team Recurve Open","Bronze","CZE","Czech Republic",3,"Archery",2008,NA
"94","Women","Individual Compound Open","Gold","GBR",NA,NA,"Archery",2012,NA
"95","Women","Individual Compound Open","Silver","GBR",NA,NA,"Archery",2012,NA
"96","Women","Individual Compound Open","Bronze","RUS",NA,NA,"Archery",2012,NA
"97","Women","Individual Recurve W1/W2","Gold","IRI",NA,NA,"Archery",2012,NA
"98","Women","Individual Recurve W1/W2","Silver","ITA",NA,NA,"Archery",2012,NA
"99","Women","Individual Recurve W1/W2","Bronze","CHN",NA,NA,"Archery",2012,NA
"100","Women","Individual Recurve Standing","Gold","CHN",NA,NA,"Archery",2012,NA
"101","Women","Individual Recurve Standing","Silver","KOR",NA,NA,"Archery",2012,NA
"102","Women","Individual Recurve Standing","Bronze","POL",NA,NA,"Archery",2012,NA
"103","Women","Team Recurve Open","Gold","KOR","Korea",2,"Archery",2012,NA
"104","Women","Team Recurve Open","Gold","KOR","Korea",3,"Archery",2012,NA
"105","Women","Team Recurve Open","Silver","CHN","China",2,"Archery",2012,NA
"106","Women","Team Recurve Open","Silver","CHN","China",3,"Archery",2012,NA
"107","Women","Team Recurve Open","Bronze","IRI","Iran",2,"Archery",2012,NA
"108","Women","Team Recurve Open","Bronze","IRI","Iran",3,"Archery",2012,NA
"109","Women","Individual W1","Gold","GBR",NA,NA,"Archery",2016,NA
"110","Women","Individual W1","Silver","GBR",NA,NA,"Archery",2016,NA
"111","Women","Individual W1","Bronze","GBR",NA,NA,"Archery",2016,NA
"112","Women","Individual Compound Open","Gold","CHN",NA,NA,"Archery",2016,NA
"113","Women","Individual Compound Open","Silver","CHN",NA,NA,"Archery",2016,NA
"114","Women","Individual Compound Open","Bronze","KOR",NA,NA,"Archery",2016,NA
"115","Women","Individual Recurve Open","Gold","IRI",NA,NA,"Archery",2016,NA
"116","Women","Individual Recurve Open","Silver","CHN",NA,NA,"Archery",2016,NA
"117","Women","Individual Recurve Open","Bronze","POL",NA,NA,"Archery",2016,NA
"118","Mixed","Team W1","Gold","GBR","Great Britain",2,"Archery",2016,NA
"119","Mixed","Team W1","Silver","KOR","Korea",2,"Archery",2016,NA
"120","Mixed","Team W1","Bronze","CZE","Czech Republic",2,"Archery",2016,NA
"121","Mixed","Team Compound Open","Gold","CHN","China",2,"Archery",2016,NA
"122","Mixed","Team Compound Open","Silver","GBR","Great Britain",2,"Archery",2016,NA
"123","Mixed","Team Compound Open","Bronze","KOR","Korea",2,"Archery",2016,NA
"124","Mixed","Team Recurve Open","Gold","CHN","China",2,"Archery",2016,NA
"125","Mixed","Team Recurve Open","Silver","IRI","Iran",2,"Archery",2016,NA
"126","Mixed","Team Recurve Open","Bronze","ITA","Italy",2,"Archery",2016,NA
"127","Women","60 m 1A","Gold","MEX",NA,NA,"Athletics",1980,NA
"128","Women","60 m 1A","Silver","USA",NA,NA,"Athletics",1980,NA
"129","Women","60 m 1A","Bronze","GBR",NA,NA,"Athletics",1980,NA
"130","Women","60 m 1B","Gold","USA",NA,NA,"Athletics",1980,NA
"131","Women","60 m 1B","Silver","MEX",NA,NA,"Athletics",1980,NA
"132","Women","60 m 1B","Bronze","IRL",NA,NA,"Athletics",1980,NA
"133","Women","60 m 1C","Gold","EGY",NA,NA,"Athletics",1980,NA
"134","Women","60 m 1C","Silver","ITA",NA,NA,"Athletics",1980,NA
"135","Women","60 m 1C","Bronze","USA",NA,NA,"Athletics",1980,NA
"136","Women","60 m A","Gold","USA",NA,NA,"Athletics",1980,NA
"137","Women","60 m A","Silver","USA",NA,NA,"Athletics",1980,NA
"138","Women","60 m A","Bronze","USA",NA,NA,"Athletics",1980,NA
"139","Women","60 m CP C","Gold","FRA",NA,NA,"Athletics",1980,NA
"140","Women","60 m CP C","Silver","USA",NA,NA,"Athletics",1980,NA
"141","Women","60 m CP C","Bronze","USA",NA,NA,"Athletics",1980,NA
"142","Women","60 m CP D","Gold","FRA",NA,NA,"Athletics",1980,NA
"143","Women","60 m CP D","Silver","SUI",NA,NA,"Athletics",1980,NA
"144","Women","60 m CP D","Bronze","FRA",NA,NA,"Athletics",1980,NA
"145","Women","60 m 2","Gold","KUW",NA,NA,"Athletics",1980,NA
"146","Women","60 m 2","Silver","MEX",NA,NA,"Athletics",1980,NA
"147","Women","60 m 2","Bronze","USA",NA,NA,"Athletics",1980,NA
"148","Women","60 m 3","Gold","MEX",NA,NA,"Athletics",1980,NA
"149","Women","60 m 3","Silver","GBR",NA,NA,"Athletics",1980,NA
"150","Women","60 m 3","Bronze","ITA",NA,NA,"Athletics",1980,NA
"151","Women","60 m 4","Gold","USA",NA,NA,"Athletics",1980,NA
"152","Women","60 m 4","Silver","FRA",NA,NA,"Athletics",1980,NA
"153","Women","60 m 4","Bronze","USA",NA,NA,"Athletics",1980,NA
"154","Women","60 m 5","Gold","MEX",NA,NA,"Athletics",1980,NA
"155","Women","60 m 5","Silver","AUS",NA,NA,"Athletics",1980,NA
"156","Women","60 m 5","Bronze","SWE",NA,NA,"Athletics",1980,NA
"157","Women","100 m B","Gold","POL",NA,NA,"Athletics",1980,NA
"158","Women","100 m B","Silver","USA",NA,NA,"Athletics",1980,NA
"159","Women","100 m B","Bronze","ESP",NA,NA,"Athletics",1980,NA
"160","Women","100 m C","Gold","CAN",NA,NA,"Athletics",1980,NA
"161","Women","100 m C","Silver","CAN",NA,NA,"Athletics",1980,NA
"162","Women","100 m C","Bronze","AUS",NA,NA,"Athletics",1980,NA
"163","Women","100 m C1","Gold","POL",NA,NA,"Athletics",1980,NA
"164","Women","100 m D","Gold","USA",NA,NA,"Athletics",1980,NA
"165","Women","100 m D","Silver","USA",NA,NA,"Athletics",1980,NA
"166","Women","100 m D1","Gold","JAM",NA,NA,"Athletics",1980,NA
"167","Women","100 m D1","Silver","POL",NA,NA,"Athletics",1980,NA
"168","Women","100 m D1","Bronze","POL",NA,NA,"Athletics",1980,NA
"169","Women","100 m E","Gold","GBR",NA,NA,"Athletics",1980,NA
"170","Women","100 m E","Silver","FIN",NA,NA,"Athletics",1980,NA
"171","Women","100 m E","Bronze","POL",NA,NA,"Athletics",1980,NA
"172","Women","100 m F","Gold","JPN",NA,NA,"Athletics",1980,NA
"173","Women","100 m F","Silver","POL",NA,NA,"Athletics",1980,NA
"174","Women","100 m F1","Gold","CAN",NA,NA,"Athletics",1980,NA
"175","Women","100 m F1","Silver","ITA",NA,NA,"Athletics",1980,NA
"176","Women","200 m 2","Gold","KUW",NA,NA,"Athletics",1980,NA
"177","Women","200 m 2","Silver","NZL",NA,NA,"Athletics",1980,NA
"178","Women","200 m 2","Bronze","USA",NA,NA,"Athletics",1980,NA
"179","Women","200 m 3","Gold","USA",NA,NA,"Athletics",1980,NA
"180","Women","200 m 3","Silver","MEX",NA,NA,"Athletics",1980,NA
"181","Women","200 m 3","Bronze","USA",NA,NA,"Athletics",1980,NA
"182","Women","400 m A","Gold","USA",NA,NA,"Athletics",1980,NA
"183","Women","400 m A","Silver","ESP",NA,NA,"Athletics",1980,NA
"184","Women","400 m A","Bronze","SWE",NA,NA,"Athletics",1980,NA
"185","Women","400 m B","Gold","FRG",NA,NA,"Athletics",1980,NA
"186","Women","400 m B","Silver","USA",NA,NA,"Athletics",1980,NA
"187","Women","400 m B","Bronze","USA",NA,NA,"Athletics",1980,NA
"188","Women","400 m C1","Gold","POL",NA,NA,"Athletics",1980,NA
"189","Women","400 m CP C","Gold","FRA",NA,NA,"Athletics",1980,NA
"190","Women","400 m CP C","Silver","FRA",NA,NA,"Athletics",1980,NA
"191","Women","400 m CP C","Bronze","USA",NA,NA,"Athletics",1980,NA
"192","Women","400 m CP D","Gold","FRA",NA,NA,"Athletics",1980,NA
"193","Women","400 m CP D","Silver","FRA",NA,NA,"Athletics",1980,NA
"194","Women","400 m CP D","Bronze","USA",NA,NA,"Athletics",1980,NA
"195","Women","400 m D","Gold","USA",NA,NA,"Athletics",1980,NA
"196","Women","400 m E","Gold","GBR",NA,NA,"Athletics",1980,NA
"197","Women","400 m E","Silver","FIN",NA,NA,"Athletics",1980,NA
"198","Women","400 m F1","Gold","CAN",NA,NA,"Athletics",1980,NA
"199","Women","400 m F1","Silver","FRG",NA,NA,"Athletics",1980,NA
"200","Women","400 m F1","Bronze","FRG",NA,NA,"Athletics",1980,NA
"201","Women","400 m 2","Gold","USA",NA,NA,"Athletics",1980,NA
"202","Women","400 m 2","Silver","SUI",NA,NA,"Athletics",1980,NA
"203","Women","400 m 2","Bronze","NZL",NA,NA,"Athletics",1980,NA
"204","Women","400 m 3","Gold","USA",NA,NA,"Athletics",1980,NA
"205","Women","400 m 3","Silver","MEX",NA,NA,"Athletics",1980,NA
"206","Women","400 m 3","Bronze","CAN",NA,NA,"Athletics",1980,NA
"207","Women","400 m D1 runners","Gold","POL",NA,NA,"Athletics",1980,NA
"208","Women","400 m D1 wheelchairs","Gold","POL",NA,NA,"Athletics",1980,NA
"209","Women","800 m A","Gold","FRG",NA,NA,"Athletics",1980,NA
"210","Women","800 m A","Silver","AUT",NA,NA,"Athletics",1980,NA
"211","Women","800 m A","Bronze","FIN",NA,NA,"Athletics",1980,NA
"212","Women","800 m B","Gold","FRG",NA,NA,"Athletics",1980,NA
"213","Women","800 m B","Silver","USA",NA,NA,"Athletics",1980,NA
"214","Women","800 m B","Bronze","CAN",NA,NA,"Athletics",1980,NA
"215","Women","800 m 4","Gold","USA",NA,NA,"Athletics",1980,NA
"216","Women","800 m 4","Silver","USA",NA,NA,"Athletics",1980,NA
"217","Women","800 m 4","Bronze","MEX",NA,NA,"Athletics",1980,NA
"218","Women","800 m 5","Gold","MEX",NA,NA,"Athletics",1980,NA
"219","Women","800 m 5","Silver","AUS",NA,NA,"Athletics",1980,NA
"220","Women","800 m 5","Bronze","USA",NA,NA,"Athletics",1980,NA
"221","Women","1500 m F1","Gold","FRG",NA,NA,"Athletics",1980,NA
"222","Women","1500 m F1","Silver","ITA",NA,NA,"Athletics",1980,NA
"223","Women","1500 m 4","Gold","USA",NA,NA,"Athletics",1980,NA
"224","Women","1500 m 4","Silver","USA",NA,NA,"Athletics",1980,NA
"225","Women","1500 m 4","Bronze","FRG",NA,NA,"Athletics",1980,NA
"226","Women","1500 m 5","Gold","MEX",NA,NA,"Athletics",1980,NA
"227","Women","1500 m 5","Silver","AUS",NA,NA,"Athletics",1980,NA
"228","Women","1500 m 5","Bronze","USA",NA,NA,"Athletics",1980,NA
"229","Women","3000 m Walk A","Gold","CAN",NA,NA,"Athletics",1980,NA
"230","Women","3000 m Walk A","Silver","BEL",NA,NA,"Athletics",1980,NA
"231","Women","3000 m Walk A","Bronze","JPN",NA,NA,"Athletics",1980,NA
"232","Women","Slalom 1A","Gold","USA",NA,NA,"Athletics",1980,NA
"233","Women","Slalom 1A","Silver","MEX",NA,NA,"Athletics",1980,NA
"234","Women","Slalom 1A","Bronze","IRL",NA,NA,"Athletics",1980,NA
"235","Women","Slalom 1B","Gold","USA",NA,NA,"Athletics",1980,NA
"236","Women","Slalom 1B","Silver","USA",NA,NA,"Athletics",1980,NA
"237","Women","Slalom 1B","Bronze","ITA",NA,NA,"Athletics",1980,NA
"238","Women","Slalom 1C","Gold","ITA",NA,NA,"Athletics",1980,NA
"239","Women","Slalom 1C","Silver","USA",NA,NA,"Athletics",1980,NA
"240","Women","Slalom 2","Gold","NZL",NA,NA,"Athletics",1980,NA
"241","Women","Slalom 2","Silver","DEN",NA,NA,"Athletics",1980,NA
"242","Women","Slalom 2","Bronze","FRG",NA,NA,"Athletics",1980,NA
"243","Women","Slalom 3","Gold","USA",NA,NA,"Athletics",1980,NA
"244","Women","Slalom 3","Silver","JAM",NA,NA,"Athletics",1980,NA
"245","Women","Slalom 3","Bronze","BEL",NA,NA,"Athletics",1980,NA
"246","Women","Slalom 4","Gold","FRG",NA,NA,"Athletics",1980,NA
"247","Women","Slalom 4","Silver","FRG",NA,NA,"Athletics",1980,NA
"248","Women","Slalom 4","Bronze","JPN",NA,NA,"Athletics",1980,NA
"249","Women","Slalom 5","Gold","CAN",NA,NA,"Athletics",1980,NA
"250","Women","Slalom 5","Silver","FRG",NA,NA,"Athletics",1980,NA
"251","Women","Slalom 5","Bronze","SUI",NA,NA,"Athletics",1980,NA
"252","Women","High Jump A","Gold","NED",NA,NA,"Athletics",1980,NA
"253","Women","High Jump A","Silver","FRG",NA,NA,"Athletics",1980,NA
"254","Women","High Jump A","Bronze","CAN",NA,NA,"Athletics",1980,NA
"255","Women","High Jump B","Gold","USA",NA,NA,"Athletics",1980,NA
"256","Women","High Jump B","Silver","USA",NA,NA,"Athletics",1980,NA
"257","Women","High Jump B","Bronze","CAN",NA,NA,"Athletics",1980,NA
"258","Women","High Jump C","Gold","AUS",NA,NA,"Athletics",1980,NA
"259","Women","High Jump D","Gold","CAN",NA,NA,"Athletics",1980,NA
"260","Women","Long Jump B","Gold","FRG",NA,NA,"Athletics",1980,NA
"261","Women","Long Jump B","Silver","USA",NA,NA,"Athletics",1980,NA
"262","Women","Long Jump B","Bronze","POL",NA,NA,"Athletics",1980,NA
"263","Women","Long Jump C","Gold","CAN",NA,NA,"Athletics",1980,NA
"264","Women","Long Jump C","Silver","AUS",NA,NA,"Athletics",1980,NA
"265","Women","Long Jump C","Bronze","CAN",NA,NA,"Athletics",1980,NA
"266","Women","Long Jump CP C","Gold","FRA",NA,NA,"Athletics",1980,NA
"267","Women","Long Jump CP C","Silver","FRA",NA,NA,"Athletics",1980,NA
"268","Women","Long Jump CP C","Bronze","USA",NA,NA,"Athletics",1980,NA
"269","Women","Long Jump CP D","Gold","FRA",NA,NA,"Athletics",1980,NA
"270","Women","Long Jump CP D","Silver","FRA",NA,NA,"Athletics",1980,NA
"271","Women","Long Jump CP D","Bronze","USA",NA,NA,"Athletics",1980,NA
"272","Women","Long Jump D","Gold","CAN",NA,NA,"Athletics",1980,NA
"273","Women","Long Jump D","Silver","NED",NA,NA,"Athletics",1980,NA
"274","Women","Long Jump E","Gold","GBR",NA,NA,"Athletics",1980,NA
"275","Women","Long Jump E","Silver","POL",NA,NA,"Athletics",1980,NA
"276","Women","Long Jump E","Bronze","FIN",NA,NA,"Athletics",1980,NA
"277","Women","Long Jump F","Gold","JPN",NA,NA,"Athletics",1980,NA
"278","Women","Long Jump F","Silver","POL",NA,NA,"Athletics",1980,NA
"279","Women","Long Jump F1","Gold","CAN",NA,NA,"Athletics",1980,NA
"280","Women","Long Jump F1","Silver","FRG",NA,NA,"Athletics",1980,NA
"281","Women","Long Jump F1","Bronze","FRG",NA,NA,"Athletics",1980,NA
"282","Women","Shot Put 1A","Gold","MEX",NA,NA,"Athletics",1980,NA
"283","Women","Shot Put 1A","Silver","ZIM",NA,NA,"Athletics",1980,NA
"284","Women","Shot Put 1A","Bronze","ARG",NA,NA,"Athletics",1980,NA
"285","Women","Shot Put 1B","Gold","USA",NA,NA,"Athletics",1980,NA
"286","Women","Shot Put 1B","Silver","MEX",NA,NA,"Athletics",1980,NA
"287","Women","Shot Put 1B","Bronze","JAM",NA,NA,"Athletics",1980,NA
"288","Women","Shot Put 1C","Gold","EGY",NA,NA,"Athletics",1980,NA
"289","Women","Shot Put 1C","Silver","USA",NA,NA,"Athletics",1980,NA
"290","Women","Shot Put A","Gold","NED",NA,NA,"Athletics",1980,NA
"291","Women","Shot Put A","Silver","FRG",NA,NA,"Athletics",1980,NA
"292","Women","Shot Put A","Bronze","USA",NA,NA,"Athletics",1980,NA
"293","Women","Shot Put B","Gold","USA",NA,NA,"Athletics",1980,NA
"294","Women","Shot Put B","Silver","FRG",NA,NA,"Athletics",1980,NA
"295","Women","Shot Put B","Bronze","POL",NA,NA,"Athletics",1980,NA
"296","Women","Shot Put C","Gold","CAN",NA,NA,"Athletics",1980,NA
"297","Women","Shot Put C","Silver","FIN",NA,NA,"Athletics",1980,NA
"298","Women","Shot Put C1","Gold","SUI",NA,NA,"Athletics",1980,NA
"299","Women","Shot Put C1","Silver","POL",NA,NA,"Athletics",1980,NA
"300","Women","Shot Put CP C","Gold","GBR",NA,NA,"Athletics",1980,NA
"301","Women","Shot Put CP C","Silver","USA",NA,NA,"Athletics",1980,NA
"302","Women","Shot Put CP D","Gold","FRA",NA,NA,"Athletics",1980,NA
"303","Women","Shot Put CP D","Silver","SUI",NA,NA,"Athletics",1980,NA
"304","Women","Shot Put CP D","Bronze","GBR",NA,NA,"Athletics",1980,NA
"305","Women","Shot Put D","Gold","CAN",NA,NA,"Athletics",1980,NA
"306","Women","Shot Put D","Silver","SUI",NA,NA,"Athletics",1980,NA
"307","Women","Shot Put D","Bronze","NED",NA,NA,"Athletics",1980,NA
"308","Women","Shot Put D1","Gold","POL",NA,NA,"Athletics",1980,NA
"309","Women","Shot Put D1","Silver","POL",NA,NA,"Athletics",1980,NA
"310","Women","Shot Put D1","Bronze","EGY",NA,NA,"Athletics",1980,NA
"311","Women","Shot Put E","Gold","POL",NA,NA,"Athletics",1980,NA
"312","Women","Shot Put F","Gold","POL",NA,NA,"Athletics",1980,NA
"313","Women","Shot Put F","Silver","JPN",NA,NA,"Athletics",1980,NA
"314","Women","Shot Put 2","Gold","GBR",NA,NA,"Athletics",1980,NA
"315","Women","Shot Put 2","Silver","KUW",NA,NA,"Athletics",1980,NA
"316","Women","Shot Put 2","Bronze","POL",NA,NA,"Athletics",1980,NA
"317","Women","Shot Put 3","Gold","NZL",NA,NA,"Athletics",1980,NA
"318","Women","Shot Put 3","Silver","FRG",NA,NA,"Athletics",1980,NA
"319","Women","Shot Put 3","Bronze","POL",NA,NA,"Athletics",1980,NA
"320","Women","Shot Put 4","Gold","JAM",NA,NA,"Athletics",1980,NA
"321","Women","Shot Put 4","Silver","DEN",NA,NA,"Athletics",1980,NA
"322","Women","Shot Put 4","Bronze","YUG",NA,NA,"Athletics",1980,NA
"323","Women","Shot Put 5","Gold","JAM",NA,NA,"Athletics",1980,NA
"324","Women","Shot Put 5","Silver","FRG",NA,NA,"Athletics",1980,NA
"325","Women","Shot Put 5","Bronze","ISR",NA,NA,"Athletics",1980,NA
"326","Women","Discus Throw 1A","Gold","MEX",NA,NA,"Athletics",1980,NA
"327","Women","Discus Throw 1A","Silver","ZIM",NA,NA,"Athletics",1980,NA
"328","Women","Discus Throw 1A","Bronze","ARG",NA,NA,"Athletics",1980,NA
"329","Women","Discus Throw 1B","Gold","MEX",NA,NA,"Athletics",1980,NA
"330","Women","Discus Throw 1B","Silver","USA",NA,NA,"Athletics",1980,NA
"331","Women","Discus Throw 1B","Bronze","IRL",NA,NA,"Athletics",1980,NA
"332","Women","Discus Throw 1C","Gold","USA",NA,NA,"Athletics",1980,NA
"333","Women","Discus Throw 1C","Silver","EGY",NA,NA,"Athletics",1980,NA
"334","Women","Discus Throw 1C","Bronze","ITA",NA,NA,"Athletics",1980,NA
"335","Women","Discus Throw A","Gold","USA",NA,NA,"Athletics",1980,NA
"336","Women","Discus Throw A","Silver","NED",NA,NA,"Athletics",1980,NA
"337","Women","Discus Throw A","Bronze","NZL",NA,NA,"Athletics",1980,NA
"338","Women","Discus Throw B","Gold","USA",NA,NA,"Athletics",1980,NA
"339","Women","Discus Throw B","Silver","POL",NA,NA,"Athletics",1980,NA
"340","Women","Discus Throw B","Bronze","FRG",NA,NA,"Athletics",1980,NA
"341","Women","Discus Throw C","Gold","CAN",NA,NA,"Athletics",1980,NA
"342","Women","Discus Throw C","Silver","FIN",NA,NA,"Athletics",1980,NA
"343","Women","Discus Throw C","Bronze","AUS",NA,NA,"Athletics",1980,NA
"344","Women","Discus Throw C1","Gold","CAN",NA,NA,"Athletics",1980,NA
"345","Women","Discus Throw C1","Silver","POL",NA,NA,"Athletics",1980,NA
"346","Women","Discus Throw C1","Bronze","SUI",NA,NA,"Athletics",1980,NA
"347","Women","Discus Throw CP C","Gold","GBR",NA,NA,"Athletics",1980,NA
"348","Women","Discus Throw CP C","Silver","SUI",NA,NA,"Athletics",1980,NA
"349","Women","Discus Throw CP C","Bronze","USA",NA,NA,"Athletics",1980,NA
"350","Women","Discus Throw CP D","Gold","USA",NA,NA,"Athletics",1980,NA
"351","Women","Discus Throw CP D","Silver","USA",NA,NA,"Athletics",1980,NA
"352","Women","Discus Throw CP D","Bronze","SUI",NA,NA,"Athletics",1980,NA
"353","Women","Discus Throw D","Gold","CAN",NA,NA,"Athletics",1980,NA
"354","Women","Discus Throw D","Silver","NED",NA,NA,"Athletics",1980,NA
"355","Women","Discus Throw D","Bronze","AUT",NA,NA,"Athletics",1980,NA
"356","Women","Discus Throw D1","Gold","POL",NA,NA,"Athletics",1980,NA
"357","Women","Discus Throw D1","Silver","EGY",NA,NA,"Athletics",1980,NA
"358","Women","Discus Throw D1","Bronze","POL",NA,NA,"Athletics",1980,NA
"359","Women","Discus Throw E","Gold","POL",NA,NA,"Athletics",1980,NA
"360","Women","Discus Throw F","Gold","POL",NA,NA,"Athletics",1980,NA
"361","Women","Discus Throw F","Silver","JPN",NA,NA,"Athletics",1980,NA
"362","Women","Discus Throw 2","Gold","NOR",NA,NA,"Athletics",1980,NA
"363","Women","Discus Throw 2","Silver","GBR",NA,NA,"Athletics",1980,NA
"364","Women","Discus Throw 2","Bronze","POL",NA,NA,"Athletics",1980,NA
"365","Women","Discus Throw 3","Gold","POL",NA,NA,"Athletics",1980,NA
"366","Women","Discus Throw 3","Silver","JAM",NA,NA,"Athletics",1980,NA
"367","Women","Discus Throw 3","Bronze","IRL",NA,NA,"Athletics",1980,NA
"368","Women","Discus Throw 4","Gold","USA",NA,NA,"Athletics",1980,NA
"369","Women","Discus Throw 4","Silver","POL",NA,NA,"Athletics",1980,NA
"370","Women","Discus Throw 4","Bronze","POL",NA,NA,"Athletics",1980,NA
"371","Women","Discus Throw 5","Gold","JAM",NA,NA,"Athletics",1980,NA
"372","Women","Discus Throw 5","Silver","FRG",NA,NA,"Athletics",1980,NA
"373","Women","Discus Throw 5","Bronze","SUI",NA,NA,"Athletics",1980,NA
"374","Women","Javelin 1C","Gold","USA",NA,NA,"Athletics",1980,NA
"375","Women","Javelin 1C","Silver","EGY",NA,NA,"Athletics",1980,NA
"376","Women","Javelin A","Gold","USA",NA,NA,"Athletics",1980,NA
"377","Women","Javelin A","Silver","NED",NA,NA,"Athletics",1980,NA
"378","Women","Javelin A","Bronze","FRG",NA,NA,"Athletics",1980,NA
"379","Women","Javelin B","Gold","POL",NA,NA,"Athletics",1980,NA
"380","Women","Javelin B","Silver","POL",NA,NA,"Athletics",1980,NA
"381","Women","Javelin B","Bronze","CAN",NA,NA,"Athletics",1980,NA
"382","Women","Javelin C","Gold","CAN",NA,NA,"Athletics",1980,NA
"383","Women","Javelin C","Silver","FIN",NA,NA,"Athletics",1980,NA
"384","Women","Javelin C","Bronze","AUS",NA,NA,"Athletics",1980,NA
"385","Women","Javelin C1","Gold","CAN",NA,NA,"Athletics",1980,NA
"386","Women","Javelin C1","Silver","SUI",NA,NA,"Athletics",1980,NA
"387","Women","Javelin C1","Bronze","POL",NA,NA,"Athletics",1980,NA
"388","Women","Javelin CP C","Gold","GBR",NA,NA,"Athletics",1980,NA
"389","Women","Javelin CP C","Silver","USA",NA,NA,"Athletics",1980,NA
"390","Women","Javelin CP C","Bronze","SUI",NA,NA,"Athletics",1980,NA
"391","Women","Javelin CP D","Gold","GBR",NA,NA,"Athletics",1980,NA
"392","Women","Javelin CP D","Silver","USA",NA,NA,"Athletics",1980,NA
"393","Women","Javelin CP D","Bronze","USA",NA,NA,"Athletics",1980,NA
"394","Women","Javelin D","Gold","CAN",NA,NA,"Athletics",1980,NA
"395","Women","Javelin D","Silver","USA",NA,NA,"Athletics",1980,NA
"396","Women","Javelin D","Bronze","NED",NA,NA,"Athletics",1980,NA
"397","Women","Javelin D1","Gold","EGY",NA,NA,"Athletics",1980,NA
"398","Women","Javelin D1","Silver","USA",NA,NA,"Athletics",1980,NA
"399","Women","Javelin D1","Bronze","POL",NA,NA,"Athletics",1980,NA
"400","Women","Javelin E","Gold","POL",NA,NA,"Athletics",1980,NA
"401","Women","Javelin F","Gold","JPN",NA,NA,"Athletics",1980,NA
"402","Women","Javelin F","Silver","POL",NA,NA,"Athletics",1980,NA
"403","Women","Javelin 2","Gold","NOR",NA,NA,"Athletics",1980,NA
"404","Women","Javelin 2","Silver","POL",NA,NA,"Athletics",1980,NA
"405","Women","Javelin 2","Bronze","GBR",NA,NA,"Athletics",1980,NA
"406","Women","Javelin 3","Gold","KEN",NA,NA,"Athletics",1980,NA
"407","Women","Javelin 3","Silver","ZIM",NA,NA,"Athletics",1980,NA
"408","Women","Javelin 3","Bronze","POL",NA,NA,"Athletics",1980,NA
"409","Women","Javelin 4","Gold","DEN",NA,NA,"Athletics",1980,NA
"410","Women","Javelin 4","Silver","JAM",NA,NA,"Athletics",1980,NA
"411","Women","Javelin 4","Bronze","YUG",NA,NA,"Athletics",1980,NA
"412","Women","Javelin 5","Gold","ISR",NA,NA,"Athletics",1980,NA
"413","Women","Javelin 5","Silver","JAM",NA,NA,"Athletics",1980,NA
"414","Women","Javelin 5","Bronze","BEL",NA,NA,"Athletics",1980,NA
"415","Women","Club Throw 1A","Gold","MEX",NA,NA,"Athletics",1980,NA
"416","Women","Club Throw 1A","Silver","ZIM",NA,NA,"Athletics",1980,NA
"417","Women","Club Throw 1A","Bronze","ARG",NA,NA,"Athletics",1980,NA
"418","Women","Club Throw 1B","Gold","JAM",NA,NA,"Athletics",1980,NA
"419","Women","Club Throw 1B","Silver","MEX",NA,NA,"Athletics",1980,NA
"420","Women","Club Throw 1B","Bronze","IRL",NA,NA,"Athletics",1980,NA
"421","Women","Pentathlon 1B","Gold","IRL",NA,NA,"Athletics",1980,NA
"422","Women","Pentathlon 1B","Silver","USA",NA,NA,"Athletics",1980,NA
"423","Women","Pentathlon A","Gold","FRG",NA,NA,"Athletics",1980,NA
"424","Women","Pentathlon A","Silver","USA",NA,NA,"Athletics",1980,NA
"425","Women","Pentathlon A","Bronze","USA",NA,NA,"Athletics",1980,NA
"426","Women","Pentathlon B","Gold","NZL",NA,NA,"Athletics",1980,NA
"427","Women","Pentathlon B","Silver","CAN",NA,NA,"Athletics",1980,NA
"428","Women","Pentathlon B","Bronze","USA",NA,NA,"Athletics",1980,NA
"429","Women","Pentathlon D","Gold","CAN",NA,NA,"Athletics",1980,NA
"430","Women","Pentathlon D","Silver","AUT",NA,NA,"Athletics",1980,NA
"431","Women","Pentathlon 2","Gold","FRG",NA,NA,"Athletics",1980,NA
"432","Women","Pentathlon 2","Silver","POL",NA,NA,"Athletics",1980,NA
"433","Women","Pentathlon 3","Gold","FRG",NA,NA,"Athletics",1980,NA
"434","Women","Pentathlon 3","Silver","AUS",NA,NA,"Athletics",1980,NA
"435","Women","Pentathlon 3","Bronze","IRL",NA,NA,"Athletics",1980,NA
"436","Women","Pentathlon 4","Gold","POL",NA,NA,"Athletics",1980,NA
"437","Women","Pentathlon 4","Silver","FRG",NA,NA,"Athletics",1980,NA
"438","Women","Pentathlon 4","Bronze","MEX",NA,NA,"Athletics",1980,NA
"439","Women","Pentathlon 5","Gold","SWE",NA,NA,"Athletics",1980,NA
"440","Women","Pentathlon 5","Silver","FRG",NA,NA,"Athletics",1980,NA
"441","Women","Shot Put A","Bronze","FRG",NA,NA,"Athletics",1980,NA
"442","Women","4x60 m 2-5","Gold","MEX","Mexico",2,"Athletics",1980,NA
"443","Women","4x60 m 2-5","Gold","MEX","Mexico",3,"Athletics",1980,NA
"444","Women","4x60 m 2-5","Gold","MEX","Mexico",4,"Athletics",1980,NA
"445","Women","4x60 m 2-5","Silver","USA","United States of America",2,"Athletics",1980,NA
"446","Women","4x60 m 2-5","Silver","USA","United States of America",3,"Athletics",1980,NA
"447","Women","4x60 m 2-5","Silver","USA","United States of America",4,"Athletics",1980,NA
"448","Women","4x60 m 2-5","Bronze","FRG","FR Germany",2,"Athletics",1980,NA
"449","Women","4x60 m 2-5","Bronze","FRG","FR Germany",3,"Athletics",1980,NA
"450","Women","4x60 m 2-5","Bronze","FRG","FR Germany",4,"Athletics",1980,NA
"451","Women","20 m (Arm) C2","Gold","USA",NA,NA,"Athletics",1984,NA
"452","Women","20 m (Arm) C2","Silver","FRG",NA,NA,"Athletics",1984,NA
"453","Women","20 m (Arm) C2","Bronze","GBR",NA,NA,"Athletics",1984,NA
"454","Women","60 m A1-3","Gold","USA",NA,NA,"Athletics",1984,NA
"455","Women","60 m A1-3","Silver","FRA",NA,NA,"Athletics",1984,NA
"456","Women","60 m A1-3","Bronze","USA",NA,NA,"Athletics",1984,NA
"457","Women","60 m C2","Gold","CAN",NA,NA,"Athletics",1984,NA
"458","Women","60 m C2","Silver","USA",NA,NA,"Athletics",1984,NA
"459","Women","60 m C2","Bronze","POR",NA,NA,"Athletics",1984,NA
"460","Women","60 m C3","Gold","GBR",NA,NA,"Athletics",1984,NA
"461","Women","60 m C3","Silver","NED",NA,NA,"Athletics",1984,NA
"462","Women","60 m C3","Bronze","USA",NA,NA,"Athletics",1984,NA
"463","Women","60 m C6","Gold","GBR",NA,NA,"Athletics",1984,NA
"464","Women","60 m C6","Silver","GBR",NA,NA,"Athletics",1984,NA
"465","Women","60 m C6","Bronze","BRA",NA,NA,"Athletics",1984,NA
"466","Women","100 m 1A","Gold","CAN",NA,NA,"Athletics",1984,NA
"467","Women","100 m 1A","Silver","BRA",NA,NA,"Athletics",1984,NA
"468","Women","100 m 1A","Bronze","USA",NA,NA,"Athletics",1984,NA
"469","Women","100 m 1B","Gold","USA",NA,NA,"Athletics",1984,NA
"470","Women","100 m 1B","Silver","FRA",NA,NA,"Athletics",1984,NA
"471","Women","100 m 1B","Bronze","JOR",NA,NA,"Athletics",1984,NA
"472","Women","100 m 1C","Gold","CAN",NA,NA,"Athletics",1984,NA
"473","Women","100 m 1C","Silver","MEX",NA,NA,"Athletics",1984,NA
"474","Women","100 m A4","Gold","FRG",NA,NA,"Athletics",1984,NA
"475","Women","100 m A4","Silver","USA",NA,NA,"Athletics",1984,NA
"476","Women","100 m A4","Bronze","CAN",NA,NA,"Athletics",1984,NA
"477","Women","100 m A6","Gold","FRG",NA,NA,"Athletics",1984,NA
"478","Women","100 m A6","Silver","GBR",NA,NA,"Athletics",1984,NA
"479","Women","100 m A6","Bronze","FIN",NA,NA,"Athletics",1984,NA
"480","Women","100 m B1","Gold","ESP",NA,NA,"Athletics",1984,NA
"481","Women","100 m B1","Silver","USA",NA,NA,"Athletics",1984,NA
"482","Women","100 m B1","Bronze","NED",NA,NA,"Athletics",1984,NA
"483","Women","100 m B2","Gold","POL",NA,NA,"Athletics",1984,NA
"484","Women","100 m B2","Silver","BRA",NA,NA,"Athletics",1984,NA
"485","Women","100 m B2","Bronze","CHN",NA,NA,"Athletics",1984,NA
"486","Women","100 m B3","Gold","USA",NA,NA,"Athletics",1984,NA
"487","Women","100 m B3","Silver","CHN",NA,NA,"Athletics",1984,NA
"488","Women","100 m B3","Bronze","MEX",NA,NA,"Athletics",1984,NA
"489","Women","100 m C4","Gold","SWE",NA,NA,"Athletics",1984,NA
"490","Women","100 m C4","Silver","USA",NA,NA,"Athletics",1984,NA
"491","Women","100 m C4","Bronze","GBR",NA,NA,"Athletics",1984,NA
"492","Women","100 m C5","Gold","USA",NA,NA,"Athletics",1984,NA
"493","Women","100 m C5","Silver","CAN",NA,NA,"Athletics",1984,NA
"494","Women","100 m C5","Bronze","CAN",NA,NA,"Athletics",1984,NA
"495","Women","100 m C7","Gold","SUI",NA,NA,"Athletics",1984,NA
"496","Women","100 m C7","Silver","FRA",NA,NA,"Athletics",1984,NA
"497","Women","100 m C7","Bronze","IRL",NA,NA,"Athletics",1984,NA
"498","Women","100 m C8","Gold","JPN",NA,NA,"Athletics",1984,NA
"499","Women","100 m C8","Silver","USA",NA,NA,"Athletics",1984,NA
"500","Women","100 m L2","Gold","GBR",NA,NA,"Athletics",1984,NA
"501","Women","100 m L2","Silver","USA",NA,NA,"Athletics",1984,NA
"502","Women","100 m L3","Gold","USA",NA,NA,"Athletics",1984,NA
"503","Women","100 m 2","Gold","DEN",NA,NA,"Athletics",1984,NA
"504","Women","100 m 2","Silver","USA",NA,NA,"Athletics",1984,NA
"505","Women","100 m 2","Bronze","USA",NA,NA,"Athletics",1984,NA
"506","Women","100 m 3","Gold","CAN",NA,NA,"Athletics",1984,NA
"507","Women","100 m 3","Silver","NZL",NA,NA,"Athletics",1984,NA
"508","Women","100 m 3","Bronze","ITA",NA,NA,"Athletics",1984,NA
"509","Women","100 m 4","Gold","SWE",NA,NA,"Athletics",1984,NA
"510","Women","100 m 4","Silver","ITA",NA,NA,"Athletics",1984,NA
"511","Women","100 m 4","Bronze","POL",NA,NA,"Athletics",1984,NA
"512","Women","100 m 5","Gold","FRA",NA,NA,"Athletics",1984,NA
"513","Women","100 m 5","Silver","SWE",NA,NA,"Athletics",1984,NA
"514","Women","100 m 5","Bronze","MEX",NA,NA,"Athletics",1984,NA
"515","Women","Queen of the Straight - 100 m 1A-6","Gold","SWE",NA,NA,"Athletics",1984,NA
"516","Women","Queen of the Straight - 100 m 1A-6","Silver","FRA",NA,NA,"Athletics",1984,NA
"517","Women","Queen of the Straight - 100 m 1A-6","Bronze","DEN",NA,NA,"Athletics",1984,NA
"518","Women","200 m 1A","Gold","CAN",NA,NA,"Athletics",1984,NA
"519","Women","200 m 1A","Silver","BRA",NA,NA,"Athletics",1984,NA
"520","Women","200 m 1A","Bronze","USA",NA,NA,"Athletics",1984,NA
"521","Women","200 m 1B","Gold","USA",NA,NA,"Athletics",1984,NA
"522","Women","200 m 1B","Silver","FRA",NA,NA,"Athletics",1984,NA
"523","Women","200 m 1B","Bronze","JOR",NA,NA,"Athletics",1984,NA
"524","Women","200 m 1C","Gold","CAN",NA,NA,"Athletics",1984,NA
"525","Women","200 m 1C","Silver","MEX",NA,NA,"Athletics",1984,NA
"526","Women","200 m 1C","Bronze","CAN",NA,NA,"Athletics",1984,NA
"527","Women","200 m A1-3","Gold","USA",NA,NA,"Athletics",1984,NA
"528","Women","200 m A1-3","Silver","FRA",NA,NA,"Athletics",1984,NA
"529","Women","200 m A1-3","Bronze","USA",NA,NA,"Athletics",1984,NA
"530","Women","200 m C2","Gold","CAN",NA,NA,"Athletics",1984,NA
"531","Women","200 m C2","Silver","USA",NA,NA,"Athletics",1984,NA
"532","Women","200 m C2","Bronze","USA",NA,NA,"Athletics",1984,NA
"533","Women","200 m C3","Gold","NED",NA,NA,"Athletics",1984,NA
"534","Women","200 m C3","Silver","USA",NA,NA,"Athletics",1984,NA
"535","Women","200 m C3","Bronze","CAN",NA,NA,"Athletics",1984,NA
"536","Women","200 m C6","Gold","BRA",NA,NA,"Athletics",1984,NA
"537","Women","200 m C6","Silver","GBR",NA,NA,"Athletics",1984,NA
"538","Women","200 m C6","Bronze","GBR",NA,NA,"Athletics",1984,NA
"539","Women","200 m C7","Gold","FRA",NA,NA,"Athletics",1984,NA
"540","Women","200 m C7","Silver","IRL",NA,NA,"Athletics",1984,NA
"541","Women","200 m C7","Bronze","FRG",NA,NA,"Athletics",1984,NA
"542","Women","200 m C8","Gold","GBR",NA,NA,"Athletics",1984,NA
"543","Women","200 m C8","Silver","JPN",NA,NA,"Athletics",1984,NA
"544","Women","200 m 2","Gold","DEN",NA,NA,"Athletics",1984,NA
"545","Women","200 m 2","Silver","MEX",NA,NA,"Athletics",1984,NA
"546","Women","200 m 2","Bronze","USA",NA,NA,"Athletics",1984,NA
"547","Women","200 m 3","Gold","NZL",NA,NA,"Athletics",1984,NA
"548","Women","200 m 3","Silver","CAN",NA,NA,"Athletics",1984,NA
"549","Women","200 m 3","Bronze","FRG",NA,NA,"Athletics",1984,NA
"550","Women","200 m 4","Gold","SWE",NA,NA,"Athletics",1984,NA
"551","Women","200 m 4","Silver","DEN",NA,NA,"Athletics",1984,NA
"552","Women","200 m 4","Bronze","BEL",NA,NA,"Athletics",1984,NA
"553","Women","200 m 5","Gold","SWE",NA,NA,"Athletics",1984,NA
"554","Women","200 m 5","Silver","CAN",NA,NA,"Athletics",1984,NA
"555","Women","200 m 5","Bronze","FRA",NA,NA,"Athletics",1984,NA
"556","Women","400 m 1A","Gold","CAN",NA,NA,"Athletics",1984,NA
"557","Women","400 m 1A","Silver","BRA",NA,NA,"Athletics",1984,NA
"558","Women","400 m 1A","Bronze","USA",NA,NA,"Athletics",1984,NA
"559","Women","400 m 1B","Gold","USA",NA,NA,"Athletics",1984,NA
"560","Women","400 m 1B","Silver","FRA",NA,NA,"Athletics",1984,NA
"561","Women","400 m 1C","Gold","CAN",NA,NA,"Athletics",1984,NA
"562","Women","400 m 1C","Silver","MEX",NA,NA,"Athletics",1984,NA
"563","Women","400 m 1C","Bronze","CAN",NA,NA,"Athletics",1984,NA
"564","Women","400 m A4","Gold","FRG",NA,NA,"Athletics",1984,NA
"565","Women","400 m A4","Silver","USA",NA,NA,"Athletics",1984,NA
"566","Women","400 m A4","Bronze","CAN",NA,NA,"Athletics",1984,NA
"567","Women","400 m B1","Gold","ESP",NA,NA,"Athletics",1984,NA
"568","Women","400 m B1","Silver","YUG",NA,NA,"Athletics",1984,NA
"569","Women","400 m B1","Bronze","ITA",NA,NA,"Athletics",1984,NA
"570","Women","400 m B2","Gold","IRL",NA,NA,"Athletics",1984,NA
"571","Women","400 m B2","Silver","POL",NA,NA,"Athletics",1984,NA
"572","Women","400 m B2","Bronze","ITA",NA,NA,"Athletics",1984,NA
"573","Women","400 m B3","Gold","USA",NA,NA,"Athletics",1984,NA
"574","Women","400 m B3","Silver","POL",NA,NA,"Athletics",1984,NA
"575","Women","400 m B3","Bronze","CHN",NA,NA,"Athletics",1984,NA
"576","Women","400 m C4","Gold","SWE",NA,NA,"Athletics",1984,NA
"577","Women","400 m C4","Silver","USA",NA,NA,"Athletics",1984,NA
"578","Women","400 m C4","Bronze","USA",NA,NA,"Athletics",1984,NA
"579","Women","400 m C7","Gold","FRG",NA,NA,"Athletics",1984,NA
"580","Women","400 m C7","Silver","FRA",NA,NA,"Athletics",1984,NA
"581","Women","400 m C7","Bronze","FRG",NA,NA,"Athletics",1984,NA
"582","Women","400 m C8","Gold","GBR",NA,NA,"Athletics",1984,NA
"583","Women","400 m C8","Silver","FRG",NA,NA,"Athletics",1984,NA
"584","Women","400 m C8","Bronze","JPN",NA,NA,"Athletics",1984,NA
"585","Women","400 m L2","Gold","GBR",NA,NA,"Athletics",1984,NA
"586","Women","400 m L2","Silver","USA",NA,NA,"Athletics",1984,NA
"587","Women","400 m 2","Gold","DEN",NA,NA,"Athletics",1984,NA
"588","Women","400 m 2","Silver","USA",NA,NA,"Athletics",1984,NA
"589","Women","400 m 2","Bronze","USA",NA,NA,"Athletics",1984,NA
"590","Women","400 m 3","Gold","CAN",NA,NA,"Athletics",1984,NA
"591","Women","400 m 3","Silver","FRG",NA,NA,"Athletics",1984,NA
"592","Women","400 m 3","Bronze","MEX",NA,NA,"Athletics",1984,NA
"593","Women","400 m 4","Gold","SWE",NA,NA,"Athletics",1984,NA
"594","Women","400 m 4","Silver","BEL",NA,NA,"Athletics",1984,NA
"595","Women","400 m 4","Bronze","DEN",NA,NA,"Athletics",1984,NA
"596","Women","400 m 5","Gold","SWE",NA,NA,"Athletics",1984,NA
"597","Women","400 m 5","Silver","CAN",NA,NA,"Athletics",1984,NA
"598","Women","400 m 5","Bronze","FRA",NA,NA,"Athletics",1984,NA
"599","Women","800 m 1A","Gold","CAN",NA,NA,"Athletics",1984,NA
"600","Women","800 m 1A","Silver","BRA",NA,NA,"Athletics",1984,NA
"601","Women","800 m 1A","Bronze","USA",NA,NA,"Athletics",1984,NA
"602","Women","800 m 1C","Gold","CAN",NA,NA,"Athletics",1984,NA
"603","Women","800 m 1C","Silver","USA",NA,NA,"Athletics",1984,NA
"604","Women","800 m 1C","Bronze","MEX",NA,NA,"Athletics",1984,NA
"605","Women","800 m A6","Gold","GBR",NA,NA,"Athletics",1984,NA
"606","Women","800 m A6","Silver","FRA",NA,NA,"Athletics",1984,NA
"607","Women","800 m B1","Gold","USA",NA,NA,"Athletics",1984,NA
"608","Women","800 m B1","Silver","ITA",NA,NA,"Athletics",1984,NA
"609","Women","800 m B1","Bronze","FRG",NA,NA,"Athletics",1984,NA
"610","Women","800 m B2","Gold","POL",NA,NA,"Athletics",1984,NA
"611","Women","800 m B2","Silver","ITA",NA,NA,"Athletics",1984,NA
"612","Women","800 m B2","Bronze","BRA",NA,NA,"Athletics",1984,NA
"613","Women","800 m B3","Gold","USA",NA,NA,"Athletics",1984,NA
"614","Women","800 m B3","Silver","POL",NA,NA,"Athletics",1984,NA
"615","Women","800 m B3","Bronze","ITA",NA,NA,"Athletics",1984,NA
"616","Women","800 m C4","Gold","SWE",NA,NA,"Athletics",1984,NA
"617","Women","800 m C4","Silver","USA",NA,NA,"Athletics",1984,NA
"618","Women","800 m C4","Bronze","USA",NA,NA,"Athletics",1984,NA
"619","Women","800 m 2","Gold","DEN",NA,NA,"Athletics",1984,NA
"620","Women","800 m 2","Silver","USA",NA,NA,"Athletics",1984,NA
"621","Women","800 m 2","Bronze","USA",NA,NA,"Athletics",1984,NA
"622","Women","800 m 3","Gold","FRG",NA,NA,"Athletics",1984,NA
"623","Women","800 m 3","Silver","SUI",NA,NA,"Athletics",1984,NA
"624","Women","800 m 3","Bronze","HKG",NA,NA,"Athletics",1984,NA
"625","Women","800 m 4","Gold","SWE",NA,NA,"Athletics",1984,NA
"626","Women","800 m 4","Silver","CAN",NA,NA,"Athletics",1984,NA
"627","Women","800 m 4","Bronze","USA",NA,NA,"Athletics",1984,NA
"628","Women","800 m 5","Gold","CAN",NA,NA,"Athletics",1984,NA
"629","Women","800 m 5","Silver","SWE",NA,NA,"Athletics",1984,NA
"630","Women","800 m 5","Bronze","MEX",NA,NA,"Athletics",1984,NA
"631","Women","1500 m B1","Gold","AUT",NA,NA,"Athletics",1984,NA
"632","Women","1500 m B1","Silver","CAN",NA,NA,"Athletics",1984,NA
"633","Women","1500 m B1","Bronze","FRG",NA,NA,"Athletics",1984,NA
"634","Women","1500 m B2","Gold","CAN",NA,NA,"Athletics",1984,NA
"635","Women","1500 m B2","Silver","IRL",NA,NA,"Athletics",1984,NA
"636","Women","1500 m B2","Bronze","POL",NA,NA,"Athletics",1984,NA
"637","Women","1500 m B3","Gold","POL",NA,NA,"Athletics",1984,NA
"638","Women","1500 m B3","Silver","CAN",NA,NA,"Athletics",1984,NA
"639","Women","1500 m B3","Bronze","USA",NA,NA,"Athletics",1984,NA
"640","Women","1500 m 2","Gold","DEN",NA,NA,"Athletics",1984,NA
"641","Women","1500 m 2","Silver","USA",NA,NA,"Athletics",1984,NA
"642","Women","1500 m 2","Bronze","USA",NA,NA,"Athletics",1984,NA
"643","Women","1500 m 3","Gold","HKG",NA,NA,"Athletics",1984,NA
"644","Women","1500 m 3","Silver","FRG",NA,NA,"Athletics",1984,NA
"645","Women","1500 m 3","Bronze","HKG",NA,NA,"Athletics",1984,NA
"646","Women","1500 m 4","Gold","SWE",NA,NA,"Athletics",1984,NA
"647","Women","1500 m 4","Silver","DEN",NA,NA,"Athletics",1984,NA
"648","Women","1500 m 4","Bronze","USA",NA,NA,"Athletics",1984,NA
"649","Women","1500 m 5","Gold","CAN",NA,NA,"Athletics",1984,NA
"650","Women","1500 m 5","Silver","SWE",NA,NA,"Athletics",1984,NA
"651","Women","1500 m 5","Bronze","MEX",NA,NA,"Athletics",1984,NA
"652","Women","3000 m B1","Gold","CAN",NA,NA,"Athletics",1984,NA
"653","Women","3000 m B1","Silver","AUT",NA,NA,"Athletics",1984,NA
"654","Women","3000 m B1","Bronze","AUS",NA,NA,"Athletics",1984,NA
"655","Women","3000 m B2","Gold","CAN",NA,NA,"Athletics",1984,NA
"656","Women","3000 m B2","Silver","POL",NA,NA,"Athletics",1984,NA
"657","Women","3000 m B2","Bronze","USA",NA,NA,"Athletics",1984,NA
"658","Women","3000 m B3","Gold","CAN",NA,NA,"Athletics",1984,NA
"659","Women","3000 m B3","Silver","POL",NA,NA,"Athletics",1984,NA
"660","Women","3000 m B3","Bronze","CAN",NA,NA,"Athletics",1984,NA
"661","Women","5000 m 2","Gold","DEN",NA,NA,"Athletics",1984,NA
"662","Women","5000 m 2","Silver","USA",NA,NA,"Athletics",1984,NA
"663","Women","5000 m 2","Bronze","USA",NA,NA,"Athletics",1984,NA
"664","Women","5000 m 3","Gold","FRG",NA,NA,"Athletics",1984,NA
"665","Women","5000 m 3","Silver","HKG",NA,NA,"Athletics",1984,NA
"666","Women","5000 m 3","Bronze","HKG",NA,NA,"Athletics",1984,NA
"667","Women","5000 m 4","Gold","USA",NA,NA,"Athletics",1984,NA
"668","Women","5000 m 4","Silver","DEN",NA,NA,"Athletics",1984,NA
"669","Women","5000 m 4","Bronze","AUS",NA,NA,"Athletics",1984,NA
"670","Women","5000 m 5","Gold","CAN",NA,NA,"Athletics",1984,NA
"671","Women","5000 m 5","Silver","MEX",NA,NA,"Athletics",1984,NA
"672","Women","5000 m 5","Bronze","HKG",NA,NA,"Athletics",1984,NA
"673","Women","Marathon 2","Gold","USA",NA,NA,"Athletics",1984,NA
"674","Women","Marathon 2","Silver","NZL",NA,NA,"Athletics",1984,NA
"675","Women","Marathon 2","Bronze","MEX",NA,NA,"Athletics",1984,NA
"676","Women","Marathon 3","Gold","FRG",NA,NA,"Athletics",1984,NA
"677","Women","Marathon 3","Silver","AUS",NA,NA,"Athletics",1984,NA
"678","Women","Marathon 3","Bronze","GBR",NA,NA,"Athletics",1984,NA
"679","Women","Marathon 4","Gold","AUS",NA,NA,"Athletics",1984,NA
"680","Women","Marathon 4","Silver","IRL",NA,NA,"Athletics",1984,NA
"681","Women","Marathon 4","Bronze","USA",NA,NA,"Athletics",1984,NA
"682","Women","Marathon 5","Gold","MEX",NA,NA,"Athletics",1984,NA
"683","Women","Marathon 5","Silver","MEX",NA,NA,"Athletics",1984,NA
"684","Women","Cross Country 1000 m C6","Gold","IRL",NA,NA,"Athletics",1984,NA
"685","Women","Cross Country 1000 m C6","Silver","BRA",NA,NA,"Athletics",1984,NA
"686","Women","Cross Country 1000 m C6","Bronze","FRG",NA,NA,"Athletics",1984,NA
"687","Women","Cross Country 1000 m C7","Gold","USA",NA,NA,"Athletics",1984,NA
"688","Women","Cross Country 1000 m C7","Silver","FRG",NA,NA,"Athletics",1984,NA
"689","Women","Cross Country 1000 m C7","Bronze","POR",NA,NA,"Athletics",1984,NA
"690","Women","Cross Country 1000 m C8","Gold","GBR",NA,NA,"Athletics",1984,NA
"691","Women","Cross Country 1000 m C8","Silver","USA",NA,NA,"Athletics",1984,NA
"692","Women","Cross Country 1000 m C8","Bronze","USA",NA,NA,"Athletics",1984,NA
"693","Women","Slalom 1B","Gold","USA",NA,NA,"Athletics",1984,NA
"694","Women","Slalom 1B","Silver","BRA",NA,NA,"Athletics",1984,NA
"695","Women","Slalom 1B","Bronze","IRL",NA,NA,"Athletics",1984,NA
"696","Women","Slalom 1C","Gold","CAN",NA,NA,"Athletics",1984,NA
"697","Women","Slalom 1C","Silver","BRA",NA,NA,"Athletics",1984,NA
"698","Women","Slalom 1C","Bronze","MEX",NA,NA,"Athletics",1984,NA
"699","Women","Slalom C1","Gold","USA",NA,NA,"Athletics",1984,NA
"700","Women","Slalom C1","Silver","AUS",NA,NA,"Athletics",1984,NA
"701","Women","Slalom C1","Bronze","IRL",NA,NA,"Athletics",1984,NA
"702","Women","Slalom C2","Gold","USA",NA,NA,"Athletics",1984,NA
"703","Women","Slalom C2","Silver","GBR",NA,NA,"Athletics",1984,NA
"704","Women","Slalom C2","Bronze","FRG",NA,NA,"Athletics",1984,NA
"705","Women","Slalom C3","Gold","GBR",NA,NA,"Athletics",1984,NA
"706","Women","Slalom C3","Silver","GBR",NA,NA,"Athletics",1984,NA
"707","Women","Slalom C3","Bronze","IRL",NA,NA,"Athletics",1984,NA
"708","Women","Slalom C4","Gold","GBR",NA,NA,"Athletics",1984,NA
"709","Women","Slalom C4","Silver","USA",NA,NA,"Athletics",1984,NA
"710","Women","Slalom C4","Bronze","USA",NA,NA,"Athletics",1984,NA
"711","Women","Slalom 2","Gold","NZL",NA,NA,"Athletics",1984,NA
"712","Women","Slalom 2","Silver","FRG",NA,NA,"Athletics",1984,NA
"713","Women","Slalom 2","Bronze","KUW",NA,NA,"Athletics",1984,NA
"714","Women","Slalom 3","Gold","JPN",NA,NA,"Athletics",1984,NA
"715","Women","Slalom 3","Silver","NZL",NA,NA,"Athletics",1984,NA
"716","Women","Slalom 3","Bronze","USA",NA,NA,"Athletics",1984,NA
"717","Women","Slalom 4","Gold","JPN",NA,NA,"Athletics",1984,NA
"718","Women","Slalom 4","Silver","JPN",NA,NA,"Athletics",1984,NA
"719","Women","Slalom 4","Bronze","USA",NA,NA,"Athletics",1984,NA
"720","Women","Slalom 5","Gold","JPN",NA,NA,"Athletics",1984,NA
"721","Women","Slalom 5","Silver","JPN",NA,NA,"Athletics",1984,NA
"722","Women","Slalom 5","Bronze","SUI",NA,NA,"Athletics",1984,NA
"723","Women","Slalom (Leg) C2","Gold","CAN",NA,NA,"Athletics",1984,NA
"724","Women","Slalom (Leg) C2","Silver","GBR",NA,NA,"Athletics",1984,NA
"725","Women","Slalom (Leg) C2","Bronze","IRL",NA,NA,"Athletics",1984,NA
"726","Women","High Jump A6","Gold","FRG",NA,NA,"Athletics",1984,NA
"727","Women","High Jump A6","Silver","USA",NA,NA,"Athletics",1984,NA
"728","Women","High Jump B1","Gold","GBR",NA,NA,"Athletics",1984,NA
"729","Women","High Jump B1","Silver","NED",NA,NA,"Athletics",1984,NA
"730","Women","High Jump B1","Bronze","NED",NA,NA,"Athletics",1984,NA
"731","Women","High Jump B2","Gold","USA",NA,NA,"Athletics",1984,NA
"732","Women","High Jump B2","Silver","AUS",NA,NA,"Athletics",1984,NA
"733","Women","High Jump B3","Gold","USA",NA,NA,"Athletics",1984,NA
"734","Women","High Jump B3","Silver","CHN",NA,NA,"Athletics",1984,NA
"735","Women","Long Jump A2","Gold","AUS",NA,NA,"Athletics",1984,NA
"736","Women","Long Jump A2","Bronze","CAN",NA,NA,"Athletics",1984,NA
"737","Women","Long Jump A6","Gold","FRG",NA,NA,"Athletics",1984,NA
"738","Women","Long Jump A6","Silver","FIN",NA,NA,"Athletics",1984,NA
"739","Women","Long Jump A6","Bronze","POL",NA,NA,"Athletics",1984,NA
"740","Women","Long Jump B1","Gold","NED",NA,NA,"Athletics",1984,NA
"741","Women","Long Jump B1","Silver","FRG",NA,NA,"Athletics",1984,NA
"742","Women","Long Jump B1","Bronze","GBR",NA,NA,"Athletics",1984,NA
"743","Women","Long Jump B2","Gold","CHN",NA,NA,"Athletics",1984,NA
"744","Women","Long Jump B2","Silver","BRA",NA,NA,"Athletics",1984,NA
"745","Women","Long Jump B2","Bronze","AUS",NA,NA,"Athletics",1984,NA
"746","Women","Long Jump B3","Gold","CHN",NA,NA,"Athletics",1984,NA
"747","Women","Long Jump B3","Silver","USA",NA,NA,"Athletics",1984,NA
"748","Women","Long Jump B3","Bronze","NOR",NA,NA,"Athletics",1984,NA
"749","Women","Long Jump C7","Gold","FRG",NA,NA,"Athletics",1984,NA
"750","Women","Long Jump C7","Silver","FRA",NA,NA,"Athletics",1984,NA
"751","Women","Long Jump C7","Bronze","CAN",NA,NA,"Athletics",1984,NA
"752","Women","Long Jump C8","Gold","JPN",NA,NA,"Athletics",1984,NA
"753","Women","Shot Put 1A","Gold","BRA",NA,NA,"Athletics",1984,NA
"754","Women","Shot Put 1A","Silver","JOR",NA,NA,"Athletics",1984,NA
"755","Women","Shot Put 1B","Gold","IRL",NA,NA,"Athletics",1984,NA
"756","Women","Shot Put 1B","Silver","GBR",NA,NA,"Athletics",1984,NA
"757","Women","Shot Put 1B","Bronze","GBR",NA,NA,"Athletics",1984,NA
"758","Women","Shot Put 1C","Gold","BRA",NA,NA,"Athletics",1984,NA
"759","Women","Shot Put 1C","Silver","CAN",NA,NA,"Athletics",1984,NA
"760","Women","Shot Put 1C","Bronze","MEX",NA,NA,"Athletics",1984,NA
"761","Women","Shot Put A1","Gold","GBR",NA,NA,"Athletics",1984,NA
"762","Women","Shot Put A1","Silver","POL",NA,NA,"Athletics",1984,NA
"763","Women","Shot Put A1","Bronze","EGY",NA,NA,"Athletics",1984,NA
"764","Women","Shot Put A2","Gold","CAN",NA,NA,"Athletics",1984,NA
"765","Women","Shot Put A2","Silver","AUS",NA,NA,"Athletics",1984,NA
"766","Women","Shot Put A2","Bronze","AUS",NA,NA,"Athletics",1984,NA
"767","Women","Shot Put A4","Gold","USA",NA,NA,"Athletics",1984,NA
"768","Women","Shot Put A4","Silver","FIN",NA,NA,"Athletics",1984,NA
"769","Women","Shot Put A6","Gold","POL",NA,NA,"Athletics",1984,NA
"770","Women","Shot Put A6","Silver","GBR",NA,NA,"Athletics",1984,NA
"771","Women","Shot Put B1","Gold","NED",NA,NA,"Athletics",1984,NA
"772","Women","Shot Put B1","Silver","FRG",NA,NA,"Athletics",1984,NA
"773","Women","Shot Put B1","Bronze","FRG",NA,NA,"Athletics",1984,NA
"774","Women","Shot Put B2","Gold","USA",NA,NA,"Athletics",1984,NA
"775","Women","Shot Put B2","Silver","GBR",NA,NA,"Athletics",1984,NA
"776","Women","Shot Put B2","Bronze","AUT",NA,NA,"Athletics",1984,NA
"777","Women","Shot Put B3","Gold","FIN",NA,NA,"Athletics",1984,NA
"778","Women","Shot Put B3","Silver","SWE",NA,NA,"Athletics",1984,NA
"779","Women","Shot Put B3","Bronze","NOR",NA,NA,"Athletics",1984,NA
"780","Women","Shot Put C2","Gold","GBR",NA,NA,"Athletics",1984,NA
"781","Women","Shot Put C2","Silver","GBR",NA,NA,"Athletics",1984,NA
"782","Women","Shot Put C2","Bronze","IRL",NA,NA,"Athletics",1984,NA
"783","Women","Shot Put C3","Gold","GBR",NA,NA,"Athletics",1984,NA
"784","Women","Shot Put C3","Silver","MEX",NA,NA,"Athletics",1984,NA
"785","Women","Shot Put C3","Bronze","IRL",NA,NA,"Athletics",1984,NA
"786","Women","Shot Put C4","Gold","NED",NA,NA,"Athletics",1984,NA
"787","Women","Shot Put C4","Silver","GBR",NA,NA,"Athletics",1984,NA
"788","Women","Shot Put C4","Bronze","GBR",NA,NA,"Athletics",1984,NA
"789","Women","Shot Put C5","Gold","NZL",NA,NA,"Athletics",1984,NA
"790","Women","Shot Put C5","Silver","GBR",NA,NA,"Athletics",1984,NA
"791","Women","Shot Put C5","Bronze","CAN",NA,NA,"Athletics",1984,NA
"792","Women","Shot Put C6","Gold","IRL",NA,NA,"Athletics",1984,NA
"793","Women","Shot Put C6","Silver","GBR",NA,NA,"Athletics",1984,NA
"794","Women","Shot Put C6","Bronze","NOR",NA,NA,"Athletics",1984,NA
"795","Women","Shot Put C7","Gold","CAN",NA,NA,"Athletics",1984,NA
"796","Women","Shot Put C7","Silver","NOR",NA,NA,"Athletics",1984,NA
"797","Women","Shot Put C7","Bronze","NED",NA,NA,"Athletics",1984,NA
"798","Women","Shot Put C8","Gold","USA",NA,NA,"Athletics",1984,NA
"799","Women","Shot Put C8","Silver","NED",NA,NA,"Athletics",1984,NA
"800","Women","Shot Put C8","Bronze","USA",NA,NA,"Athletics",1984,NA
"801","Women","Shot Put L2","Gold","GBR",NA,NA,"Athletics",1984,NA
"802","Women","Shot Put L2","Silver","GBR",NA,NA,"Athletics",1984,NA
"803","Women","Shot Put L2","Bronze","USA",NA,NA,"Athletics",1984,NA
"804","Women","Shot Put L3","Gold","GBR",NA,NA,"Athletics",1984,NA
"805","Women","Shot Put L3","Silver","USA",NA,NA,"Athletics",1984,NA
"806","Women","Shot Put L5","Gold","TTO",NA,NA,"Athletics",1984,NA
"807","Women","Shot Put L5","Silver","HUN",NA,NA,"Athletics",1984,NA
"808","Women","Shot Put L5","Bronze","FIN",NA,NA,"Athletics",1984,NA
"809","Women","Shot Put 2","Gold","BEL",NA,NA,"Athletics",1984,NA
"810","Women","Shot Put 2","Silver","KUW",NA,NA,"Athletics",1984,NA
"811","Women","Shot Put 2","Bronze","IRL",NA,NA,"Athletics",1984,NA
"812","Women","Shot Put 3","Gold","GBR",NA,NA,"Athletics",1984,NA
"813","Women","Shot Put 3","Silver","YUG",NA,NA,"Athletics",1984,NA
"814","Women","Shot Put 3","Bronze","FRG",NA,NA,"Athletics",1984,NA
"815","Women","Shot Put 4","Gold","FRG",NA,NA,"Athletics",1984,NA
"816","Women","Shot Put 4","Silver","POL",NA,NA,"Athletics",1984,NA
"817","Women","Shot Put 4","Bronze","YUG",NA,NA,"Athletics",1984,NA
"818","Women","Shot Put 5","Gold","FRG",NA,NA,"Athletics",1984,NA
"819","Women","Shot Put 5","Silver","ISR",NA,NA,"Athletics",1984,NA
"820","Women","Shot Put 5","Bronze","FRA",NA,NA,"Athletics",1984,NA
"821","Women","Discus Throw 1B","Gold","CAN",NA,NA,"Athletics",1984,NA
"822","Women","Discus Throw 1B","Silver","GBR",NA,NA,"Athletics",1984,NA
"823","Women","Discus Throw 1B","Bronze","IRL",NA,NA,"Athletics",1984,NA
"824","Women","Discus Throw 1C","Gold","MEX",NA,NA,"Athletics",1984,NA
"825","Women","Discus Throw 1C","Silver","BRA",NA,NA,"Athletics",1984,NA
"826","Women","Discus Throw A1","Gold","POL",NA,NA,"Athletics",1984,NA
"827","Women","Discus Throw A1","Silver","GBR",NA,NA,"Athletics",1984,NA
"828","Women","Discus Throw A1","Bronze","EGY",NA,NA,"Athletics",1984,NA
"829","Women","Discus Throw A2","Gold","CAN",NA,NA,"Athletics",1984,NA
"830","Women","Discus Throw A2","Silver","AUS",NA,NA,"Athletics",1984,NA
"831","Women","Discus Throw A2","Bronze","AUS",NA,NA,"Athletics",1984,NA
"832","Women","Discus Throw A4","Gold","USA",NA,NA,"Athletics",1984,NA
"833","Women","Discus Throw A4","Silver","FIN",NA,NA,"Athletics",1984,NA
"834","Women","Discus Throw A6","Gold","GBR",NA,NA,"Athletics",1984,NA
"835","Women","Discus Throw A6","Silver","POL",NA,NA,"Athletics",1984,NA
"836","Women","Discus Throw A6","Bronze","CHN",NA,NA,"Athletics",1984,NA
"837","Women","Discus Throw B1","Gold","FRG",NA,NA,"Athletics",1984,NA
"838","Women","Discus Throw B1","Silver","GDR",NA,NA,"Athletics",1984,NA
"839","Women","Discus Throw B1","Bronze","EGY",NA,NA,"Athletics",1984,NA
"840","Women","Discus Throw B2","Gold","USA",NA,NA,"Athletics",1984,NA
"841","Women","Discus Throw B2","Silver","GBR",NA,NA,"Athletics",1984,NA
"842","Women","Discus Throw B2","Bronze","AUT",NA,NA,"Athletics",1984,NA
"843","Women","Discus Throw C3","Gold","USA",NA,NA,"Athletics",1984,NA
"844","Women","Discus Throw C3","Silver","USA",NA,NA,"Athletics",1984,NA
"845","Women","Discus Throw C3","Bronze","GBR",NA,NA,"Athletics",1984,NA
"846","Women","Discus Throw C4","Gold","NED",NA,NA,"Athletics",1984,NA
"847","Women","Discus Throw C4","Silver","USA",NA,NA,"Athletics",1984,NA
"848","Women","Discus Throw C4","Bronze","GBR",NA,NA,"Athletics",1984,NA
"849","Women","Discus Throw C5","Gold","NZL",NA,NA,"Athletics",1984,NA
"850","Women","Discus Throw C5","Silver","GBR",NA,NA,"Athletics",1984,NA
"851","Women","Discus Throw C5","Bronze","CAN",NA,NA,"Athletics",1984,NA
"852","Women","Discus Throw C6","Gold","GBR",NA,NA,"Athletics",1984,NA
"853","Women","Discus Throw C6","Silver","NOR",NA,NA,"Athletics",1984,NA
"854","Women","Discus Throw C6","Bronze","USA",NA,NA,"Athletics",1984,NA
"855","Women","Discus Throw C7","Gold","SUI",NA,NA,"Athletics",1984,NA
"856","Women","Discus Throw C7","Silver","NED",NA,NA,"Athletics",1984,NA
"857","Women","Discus Throw C7","Bronze","CAN",NA,NA,"Athletics",1984,NA
"858","Women","Discus Throw C8","Gold","USA",NA,NA,"Athletics",1984,NA
"859","Women","Discus Throw C8","Silver","NED",NA,NA,"Athletics",1984,NA
"860","Women","Discus Throw L2","Gold","GBR",NA,NA,"Athletics",1984,NA
"861","Women","Discus Throw L2","Silver","GBR",NA,NA,"Athletics",1984,NA
"862","Women","Discus Throw L2","Bronze","USA",NA,NA,"Athletics",1984,NA
"863","Women","Discus Throw L3","Gold","GBR",NA,NA,"Athletics",1984,NA
"864","Women","Discus Throw L3","Silver","USA",NA,NA,"Athletics",1984,NA
"865","Women","Discus Throw L5","Gold","FIN",NA,NA,"Athletics",1984,NA
"866","Women","Discus Throw L5","Silver","HUN",NA,NA,"Athletics",1984,NA
"867","Women","Discus Throw L5","Bronze","GBR",NA,NA,"Athletics",1984,NA
"868","Women","Discus Throw L6","Gold","GBR",NA,NA,"Athletics",1984,NA
"869","Women","Discus Throw L6","Silver","AUT",NA,NA,"Athletics",1984,NA
"870","Women","Discus Throw 2","Gold","KUW",NA,NA,"Athletics",1984,NA
"871","Women","Discus Throw 2","Silver","BEL",NA,NA,"Athletics",1984,NA
"872","Women","Discus Throw 2","Bronze","POL",NA,NA,"Athletics",1984,NA
"873","Women","Discus Throw 3","Gold","IRL",NA,NA,"Athletics",1984,NA
"874","Women","Discus Throw 3","Silver","GBR",NA,NA,"Athletics",1984,NA
"875","Women","Discus Throw 3","Bronze","FRG",NA,NA,"Athletics",1984,NA
"876","Women","Discus Throw 4","Gold","USA",NA,NA,"Athletics",1984,NA
"877","Women","Discus Throw 4","Silver","POL",NA,NA,"Athletics",1984,NA
"878","Women","Discus Throw 4","Bronze","FRG",NA,NA,"Athletics",1984,NA
"879","Women","Discus Throw 5","Gold","FRA",NA,NA,"Athletics",1984,NA
"880","Women","Discus Throw 5","Silver","FRG",NA,NA,"Athletics",1984,NA
"881","Women","Discus Throw 5","Bronze","ZIM",NA,NA,"Athletics",1984,NA
"882","Women","Discus Throw 6","Gold","ISR",NA,NA,"Athletics",1984,NA
"883","Women","Discus Throw 6","Silver","BAH",NA,NA,"Athletics",1984,NA
"884","Women","Javelin 1B","Gold","GBR",NA,NA,"Athletics",1984,NA
"885","Women","Javelin 1B","Silver","IRL",NA,NA,"Athletics",1984,NA
"886","Women","Javelin 1B","Bronze","ZIM",NA,NA,"Athletics",1984,NA
"887","Women","Javelin 1C","Gold","BRA",NA,NA,"Athletics",1984,NA
"888","Women","Javelin 1C","Silver","MEX",NA,NA,"Athletics",1984,NA
"889","Women","Javelin 1C","Bronze","CAN",NA,NA,"Athletics",1984,NA
"890","Women","Javelin A1","Gold","EGY",NA,NA,"Athletics",1984,NA
"891","Women","Javelin A1","Silver","POL",NA,NA,"Athletics",1984,NA
"892","Women","Javelin A1","Bronze","GBR",NA,NA,"Athletics",1984,NA
"893","Women","Javelin A2","Gold","AUS",NA,NA,"Athletics",1984,NA
"894","Women","Javelin A2","Silver","CAN",NA,NA,"Athletics",1984,NA
"895","Women","Javelin A2","Bronze","USA",NA,NA,"Athletics",1984,NA
"896","Women","Javelin A4","Gold","CAN",NA,NA,"Athletics",1984,NA
"897","Women","Javelin A4","Silver","USA",NA,NA,"Athletics",1984,NA
"898","Women","Javelin A4","Bronze","FIN",NA,NA,"Athletics",1984,NA
"899","Women","Javelin A6","Gold","POL",NA,NA,"Athletics",1984,NA
"900","Women","Javelin A6","Silver","CHN",NA,NA,"Athletics",1984,NA
"901","Women","Javelin B1","Gold","GBR",NA,NA,"Athletics",1984,NA
"902","Women","Javelin B1","Silver","FRG",NA,NA,"Athletics",1984,NA
"903","Women","Javelin B1","Bronze","GDR",NA,NA,"Athletics",1984,NA
"904","Women","Javelin B2","Gold","USA",NA,NA,"Athletics",1984,NA
"905","Women","Javelin B2","Silver","GBR",NA,NA,"Athletics",1984,NA
"906","Women","Javelin B2","Bronze","USA",NA,NA,"Athletics",1984,NA
"907","Women","Javelin B3","Gold","USA",NA,NA,"Athletics",1984,NA
"908","Women","Javelin B3","Silver","NOR",NA,NA,"Athletics",1984,NA
"909","Women","Javelin B3","Bronze","FIN",NA,NA,"Athletics",1984,NA
"910","Women","Javelin C3","Gold","GBR",NA,NA,"Athletics",1984,NA
"911","Women","Javelin C3","Silver","GBR",NA,NA,"Athletics",1984,NA
"912","Women","Javelin C3","Bronze","MEX",NA,NA,"Athletics",1984,NA
"913","Women","Javelin C4","Gold","GBR",NA,NA,"Athletics",1984,NA
"914","Women","Javelin C4","Silver","GBR",NA,NA,"Athletics",1984,NA
"915","Women","Javelin C5","Gold","GBR",NA,NA,"Athletics",1984,NA
"916","Women","Javelin C5","Silver","NZL",NA,NA,"Athletics",1984,NA
"917","Women","Javelin C5","Bronze","CAN",NA,NA,"Athletics",1984,NA
"918","Women","Javelin C6","Gold","NOR",NA,NA,"Athletics",1984,NA
"919","Women","Javelin C6","Silver","DEN",NA,NA,"Athletics",1984,NA
"920","Women","Javelin C6","Bronze","GBR",NA,NA,"Athletics",1984,NA
"921","Women","Javelin C7","Gold","CAN",NA,NA,"Athletics",1984,NA
"922","Women","Javelin C7","Silver","IRL",NA,NA,"Athletics",1984,NA
"923","Women","Javelin C7","Bronze","NOR",NA,NA,"Athletics",1984,NA
"924","Women","Javelin C8","Gold","CAN",NA,NA,"Athletics",1984,NA
"925","Women","Javelin C8","Silver","USA",NA,NA,"Athletics",1984,NA
"926","Women","Javelin C8","Bronze","NED",NA,NA,"Athletics",1984,NA
"927","Women","Javelin L2","Gold","GBR",NA,NA,"Athletics",1984,NA
"928","Women","Javelin L2","Silver","USA",NA,NA,"Athletics",1984,NA
"929","Women","Javelin L3","Gold","GBR",NA,NA,"Athletics",1984,NA
"930","Women","Javelin L3","Silver","USA",NA,NA,"Athletics",1984,NA
"931","Women","Javelin L5","Gold","TTO",NA,NA,"Athletics",1984,NA
"932","Women","Javelin L5","Silver","HUN",NA,NA,"Athletics",1984,NA
"933","Women","Javelin L5","Bronze","FIN",NA,NA,"Athletics",1984,NA
"934","Women","Javelin 2","Gold","POL",NA,NA,"Athletics",1984,NA
"935","Women","Javelin 2","Silver","FRG",NA,NA,"Athletics",1984,NA
"936","Women","Javelin 2","Bronze","USA",NA,NA,"Athletics",1984,NA
"937","Women","Javelin 3","Gold","YUG",NA,NA,"Athletics",1984,NA
"938","Women","Javelin 3","Silver","GBR",NA,NA,"Athletics",1984,NA
"939","Women","Javelin 3","Bronze","KEN",NA,NA,"Athletics",1984,NA
"940","Women","Javelin 4","Gold","AUS",NA,NA,"Athletics",1984,NA
"941","Women","Javelin 4","Silver","USA",NA,NA,"Athletics",1984,NA
"942","Women","Javelin 4","Bronze","POL",NA,NA,"Athletics",1984,NA
"943","Women","Javelin 5","Gold","ISR",NA,NA,"Athletics",1984,NA
"944","Women","Javelin 5","Silver","FRA",NA,NA,"Athletics",1984,NA
"945","Women","Javelin 5","Bronze","FRG",NA,NA,"Athletics",1984,NA
"946","Women","Club Throw C2","Gold","GBR",NA,NA,"Athletics",1984,NA
"947","Women","Club Throw C2","Silver","USA",NA,NA,"Athletics",1984,NA
"948","Women","Club Throw C2","Bronze","IRL",NA,NA,"Athletics",1984,NA
"949","Women","Club Throw C3","Gold","GBR",NA,NA,"Athletics",1984,NA
"950","Women","Club Throw C3","Silver","GBR",NA,NA,"Athletics",1984,NA
"951","Women","Club Throw C3","Bronze","GBR",NA,NA,"Athletics",1984,NA
"952","Women","Club Throw C4","Gold","USA",NA,NA,"Athletics",1984,NA
"953","Women","Club Throw C4","Silver","GBR",NA,NA,"Athletics",1984,NA
"954","Women","Club Throw C4","Bronze","GBR",NA,NA,"Athletics",1984,NA
"955","Women","Club Throw C5","Gold","GBR",NA,NA,"Athletics",1984,NA
"956","Women","Club Throw C5","Silver","NZL",NA,NA,"Athletics",1984,NA
"957","Women","Club Throw C5","Bronze","GBR",NA,NA,"Athletics",1984,NA
"958","Women","Club Throw C6","Gold","DEN",NA,NA,"Athletics",1984,NA
"959","Women","Club Throw C6","Silver","IRL",NA,NA,"Athletics",1984,NA
"960","Women","Club Throw C6","Bronze","NOR",NA,NA,"Athletics",1984,NA
"961","Women","Club Throw L1","Gold","GBR",NA,NA,"Athletics",1984,NA
"962","Women","Distance Throw C1","Gold","USA",NA,NA,"Athletics",1984,NA
"963","Women","Distance Throw C1","Silver","GBR",NA,NA,"Athletics",1984,NA
"964","Women","Distance Throw C1","Bronze","CAN",NA,NA,"Athletics",1984,NA
"965","Women","Distance Throw C2","Gold","GBR",NA,NA,"Athletics",1984,NA
"966","Women","Distance Throw C2","Silver","GBR",NA,NA,"Athletics",1984,NA
"967","Women","Distance Throw C2","Bronze","CAN",NA,NA,"Athletics",1984,NA
"968","Women","Precision Throw C1","Gold","GBR",NA,NA,"Athletics",1984,NA
"969","Women","Precision Throw C1","Silver","CAN",NA,NA,"Athletics",1984,NA
"970","Women","Medicine Ball Thrust C2","Gold","GBR",NA,NA,"Athletics",1984,NA
"971","Women","Medicine Ball Thrust C2","Silver","GBR",NA,NA,"Athletics",1984,NA
"972","Women","Medicine Ball Thrust C2","Bronze","CAN",NA,NA,"Athletics",1984,NA
"973","Women","Pentathlon B1","Gold","AUT",NA,NA,"Athletics",1984,NA
"974","Women","Pentathlon B2","Gold","AUT",NA,NA,"Athletics",1984,NA
"975","Women","Pentathlon B2","Silver","AUT",NA,NA,"Athletics",1984,NA
"976","Women","Pentathlon B2","Bronze","GBR",NA,NA,"Athletics",1984,NA
"977","Women","Pentathlon B3","Gold","NOR",NA,NA,"Athletics",1984,NA
"978","Women","Pentathlon B3","Silver","ITA",NA,NA,"Athletics",1984,NA
"979","Women","Pentathlon 2","Gold","BEL",NA,NA,"Athletics",1984,NA
"980","Women","Pentathlon 2","Silver","NZL",NA,NA,"Athletics",1984,NA
"981","Women","Pentathlon 2","Bronze","FRG",NA,NA,"Athletics",1984,NA
"982","Women","Pentathlon 3","Gold","NZL",NA,NA,"Athletics",1984,NA
"983","Women","Pentathlon 3","Silver","FRG",NA,NA,"Athletics",1984,NA
"984","Women","Pentathlon 3","Bronze","AUS",NA,NA,"Athletics",1984,NA
"985","Women","Pentathlon 4","Gold","USA",NA,NA,"Athletics",1984,NA
"986","Women","Pentathlon 4","Silver","POL",NA,NA,"Athletics",1984,NA
"987","Women","Pentathlon 4","Bronze","FRG",NA,NA,"Athletics",1984,NA
"988","Women","Pentathlon 5","Gold","MEX",NA,NA,"Athletics",1984,NA
"989","Women","Pentathlon 5","Silver","FRG",NA,NA,"Athletics",1984,NA
"990","Women","Pentathlon 5","Bronze","MEX",NA,NA,"Athletics",1984,NA
"991","Women","Pentathlon 6","Gold","FRA",NA,NA,"Athletics",1984,NA
"992","Women","Pentathlon 6","Silver","ISR",NA,NA,"Athletics",1984,NA
"993","Women","Pentathlon 6","Bronze","BAH",NA,NA,"Athletics",1984,NA
"994","Mixed","3x60 m C2-3","Gold","USA",NA,NA,"Athletics",1984,NA
"995","Mixed","3x60 m C2-3","Silver","CAN",NA,NA,"Athletics",1984,NA
"996","Mixed","3x60 m C2-3","Bronze","GBR",NA,NA,"Athletics",1984,NA
"997","Women","Long Jump A2","Gold","GBR",NA,NA,"Athletics",1984,NA
"998","Women","Precision Throw C1","Silver","USA",NA,NA,"Athletics",1984,NA
"999","Women","4x100 m 2-5","Silver","USA","United States of America",2,"Athletics",1984,NA
"1000","Women","4x400 m 2-5","Bronze","ITA","Italy",2,"Athletics",1984,NA
"1001","Women","4x400 m 2-5","Bronze","ITA","Italy",3,"Athletics",1984,NA
"1002","Women","100 m 1C","Gold","MEX",NA,NA,"Athletics",1988,NA
"1003","Women","100 m 1C","Silver","FRG",NA,NA,"Athletics",1988,NA
"1004","Women","100 m 1C","Bronze","USA",NA,NA,"Athletics",1988,NA
"1005","Women","100 m A4A9","Gold","CAN",NA,NA,"Athletics",1988,NA
"1006","Women","100 m A4A9","Silver","FRG",NA,NA,"Athletics",1988,NA
"1007","Women","100 m A4A9","Bronze","AUT",NA,NA,"Athletics",1988,NA
"1008","Women","100 m A6A8A9L4","Gold","FRG",NA,NA,"Athletics",1988,NA
"1009","Women","100 m A6A8A9L4","Silver","FRG",NA,NA,"Athletics",1988,NA
"1010","Women","100 m A6A8A9L4","Bronze","CAN",NA,NA,"Athletics",1988,NA
"1011","Women","100 m A1-3A9L2","Gold","KOR",NA,NA,"Athletics",1988,NA
"1012","Women","100 m A1-3A9L2","Silver","FRA",NA,NA,"Athletics",1988,NA
"1013","Women","100 m A1-3A9L2","Bronze","CAN",NA,NA,"Athletics",1988,NA
"1014","Women","100 m B1","Gold","ESP",NA,NA,"Athletics",1988,NA
"1015","Women","100 m B1","Silver","KOR",NA,NA,"Athletics",1988,NA
"1016","Women","100 m B1","Bronze","ITA",NA,NA,"Athletics",1988,NA
"1017","Women","100 m B2","Gold","URS",NA,NA,"Athletics",1988,NA
"1018","Women","100 m B2","Silver","BRA",NA,NA,"Athletics",1988,NA
"1019","Women","100 m B2","Bronze","URS",NA,NA,"Athletics",1988,NA
"1020","Women","100 m B3","Gold","CHN",NA,NA,"Athletics",1988,NA
"1021","Women","100 m B3","Silver","NZL",NA,NA,"Athletics",1988,NA
"1022","Women","100 m B3","Bronze","POL",NA,NA,"Athletics",1988,NA
"1023","Women","100 m C6","Gold","SUI",NA,NA,"Athletics",1988,NA
"1024","Women","100 m C6","Silver","BRA",NA,NA,"Athletics",1988,NA
"1025","Women","100 m C6","Bronze","CAN",NA,NA,"Athletics",1988,NA
"1026","Women","100 m C7","Gold","IRL",NA,NA,"Athletics",1988,NA
"1027","Women","100 m C7","Silver","NOR",NA,NA,"Athletics",1988,NA
"1028","Women","100 m C7","Bronze","USA",NA,NA,"Athletics",1988,NA
"1029","Women","100 m C8","Gold","IRL",NA,NA,"Athletics",1988,NA
"1030","Women","100 m C8","Silver","JPN",NA,NA,"Athletics",1988,NA
"1031","Women","100 m C8","Bronze","IRL",NA,NA,"Athletics",1988,NA
"1032","Women","100 m 2","Gold","ITA",NA,NA,"Athletics",1988,NA
"1033","Women","100 m 2","Silver","USA",NA,NA,"Athletics",1988,NA
"1034","Women","100 m 2","Bronze","MEX",NA,NA,"Athletics",1988,NA
"1035","Women","100 m 3","Gold","ITA",NA,NA,"Athletics",1988,NA
"1036","Women","100 m 3","Silver","CAN",NA,NA,"Athletics",1988,NA
"1037","Women","100 m 3","Bronze","KOR",NA,NA,"Athletics",1988,NA
"1038","Women","100 m 4","Gold","USA",NA,NA,"Athletics",1988,NA
"1039","Women","100 m 4","Silver","MEX",NA,NA,"Athletics",1988,NA
"1040","Women","100 m 4","Bronze","BEL",NA,NA,"Athletics",1988,NA
"1041","Women","100 m 5-6","Gold","MEX",NA,NA,"Athletics",1988,NA
"1042","Women","100 m 5-6","Bronze","AUS",NA,NA,"Athletics",1988,NA
"1043","Women","200 m 1C","Gold","MEX",NA,NA,"Athletics",1988,NA
"1044","Women","200 m 1C","Silver","FRG",NA,NA,"Athletics",1988,NA
"1045","Women","200 m 1C","Bronze","USA",NA,NA,"Athletics",1988,NA
"1046","Women","200 m A4A9","Gold","FRG",NA,NA,"Athletics",1988,NA
"1047","Women","200 m A4A9","Silver","CAN",NA,NA,"Athletics",1988,NA
"1048","Women","200 m A4A9","Bronze","AUT",NA,NA,"Athletics",1988,NA
"1049","Women","200 m A6A8A9L4","Gold","FRG",NA,NA,"Athletics",1988,NA
"1050","Women","200 m A6A8A9L4","Silver","FRG",NA,NA,"Athletics",1988,NA
"1051","Women","200 m A6A8A9L4","Bronze","CAN",NA,NA,"Athletics",1988,NA
"1052","Women","200 m A1-3A9L2","Gold","KOR",NA,NA,"Athletics",1988,NA
"1053","Women","200 m A1-3A9L2","Silver","FRA",NA,NA,"Athletics",1988,NA
"1054","Women","200 m A1-3A9L2","Bronze","CAN",NA,NA,"Athletics",1988,NA
"1055","Women","200 m C7","Gold","NOR",NA,NA,"Athletics",1988,NA
"1056","Women","200 m C7","Silver","POR",NA,NA,"Athletics",1988,NA
"1057","Women","200 m C7","Bronze","USA",NA,NA,"Athletics",1988,NA
"1058","Women","200 m C8","Gold","CAN",NA,NA,"Athletics",1988,NA
"1059","Women","200 m C8","Silver","USA",NA,NA,"Athletics",1988,NA
"1060","Women","200 m C8","Bronze","FRG",NA,NA,"Athletics",1988,NA
"1061","Women","200 m 2","Gold","USA",NA,NA,"Athletics",1988,NA
"1062","Women","200 m 2","Silver","ITA",NA,NA,"Athletics",1988,NA
"1063","Women","200 m 2","Bronze","USA",NA,NA,"Athletics",1988,NA
"1064","Women","200 m 3","Gold","ITA",NA,NA,"Athletics",1988,NA
"1065","Women","200 m 3","Silver","USA",NA,NA,"Athletics",1988,NA
"1066","Women","200 m 3","Bronze","USA",NA,NA,"Athletics",1988,NA
"1067","Women","200 m 4","Gold","MEX",NA,NA,"Athletics",1988,NA
"1068","Women","200 m 4","Silver","BEL",NA,NA,"Athletics",1988,NA
"1069","Women","200 m 4","Bronze","USA",NA,NA,"Athletics",1988,NA
"1070","Women","200 m 5-6","Gold","AUS",NA,NA,"Athletics",1988,NA
"1071","Women","200 m 5-6","Silver","MEX",NA,NA,"Athletics",1988,NA
"1072","Women","200 m 5-6","Bronze","USA",NA,NA,"Athletics",1988,NA
"1073","Women","400 m 1C","Gold","MEX",NA,NA,"Athletics",1988,NA
"1074","Women","400 m 1C","Silver","FRG",NA,NA,"Athletics",1988,NA
"1075","Women","400 m 1C","Bronze","USA",NA,NA,"Athletics",1988,NA
"1076","Women","400 m A6A8A9L4","Gold","FRG",NA,NA,"Athletics",1988,NA
"1077","Women","400 m A6A8A9L4","Silver","FIN",NA,NA,"Athletics",1988,NA
"1078","Women","400 m A6A8A9L4","Bronze","FRG",NA,NA,"Athletics",1988,NA
"1079","Women","400 m A1-3A9L2","Gold","FRA",NA,NA,"Athletics",1988,NA
"1080","Women","400 m A1-3A9L2","Silver","CAN",NA,NA,"Athletics",1988,NA
"1081","Women","400 m A1-3A9L2","Bronze","KOR",NA,NA,"Athletics",1988,NA
"1082","Women","400 m B1","Gold","URS",NA,NA,"Athletics",1988,NA
"1083","Women","400 m B1","Silver","ESP",NA,NA,"Athletics",1988,NA
"1084","Women","400 m B1","Bronze","ITA",NA,NA,"Athletics",1988,NA
"1085","Women","400 m B2","Gold","URS",NA,NA,"Athletics",1988,NA
"1086","Women","400 m B2","Silver","BRA",NA,NA,"Athletics",1988,NA
"1087","Women","400 m B2","Bronze","BRA",NA,NA,"Athletics",1988,NA
"1088","Women","400 m B3","Gold","CHN",NA,NA,"Athletics",1988,NA
"1089","Women","400 m B3","Silver","POL",NA,NA,"Athletics",1988,NA
"1090","Women","400 m B3","Bronze","URS",NA,NA,"Athletics",1988,NA
"1091","Women","400 m C7","Gold","NOR",NA,NA,"Athletics",1988,NA
"1092","Women","400 m C7","Silver","POR",NA,NA,"Athletics",1988,NA
"1093","Women","400 m C7","Bronze","CAN",NA,NA,"Athletics",1988,NA
"1094","Women","400 m C8","Gold","JPN",NA,NA,"Athletics",1988,NA
"1095","Women","400 m C8","Silver","CAN",NA,NA,"Athletics",1988,NA
"1096","Women","400 m C8","Bronze","FRG",NA,NA,"Athletics",1988,NA
"1097","Women","400 m 2","Gold","DEN",NA,NA,"Athletics",1988,NA
"1098","Women","400 m 2","Silver","AUS",NA,NA,"Athletics",1988,NA
"1099","Women","400 m 2","Bronze","USA",NA,NA,"Athletics",1988,NA
"1100","Women","400 m 3","Gold","USA",NA,NA,"Athletics",1988,NA
"1101","Women","400 m 3","Silver","SUI",NA,NA,"Athletics",1988,NA
"1102","Women","400 m 3","Bronze","GBR",NA,NA,"Athletics",1988,NA
"1103","Women","400 m 4","Gold","DEN",NA,NA,"Athletics",1988,NA
"1104","Women","400 m 4","Silver","MEX",NA,NA,"Athletics",1988,NA
"1105","Women","400 m 4","Bronze","USA",NA,NA,"Athletics",1988,NA
"1106","Women","400 m 5-6","Gold","MEX",NA,NA,"Athletics",1988,NA
"1107","Women","400 m 5-6","Silver","AUS",NA,NA,"Athletics",1988,NA
"1108","Women","400 m 5-6","Bronze","USA",NA,NA,"Athletics",1988,NA
"1109","Women","800 m 1C","Gold","MEX",NA,NA,"Athletics",1988,NA
"1110","Women","800 m 1C","Silver","FRA",NA,NA,"Athletics",1988,NA
"1111","Women","800 m 1C","Bronze","FRG",NA,NA,"Athletics",1988,NA
"1112","Women","800 m A1-3A9L2","Gold","NED",NA,NA,"Athletics",1988,NA
"1113","Women","800 m A1-3A9L2","Silver","CAN",NA,NA,"Athletics",1988,NA
"1114","Women","800 m A1-3A9L2","Bronze","FRA",NA,NA,"Athletics",1988,NA
"1115","Women","800 m B1","Gold","URS",NA,NA,"Athletics",1988,NA
"1116","Women","800 m B1","Silver","ITA",NA,NA,"Athletics",1988,NA
"1117","Women","800 m B1","Bronze","YUG",NA,NA,"Athletics",1988,NA
"1118","Women","800 m B2","Gold","URS",NA,NA,"Athletics",1988,NA
"1119","Women","800 m B2","Silver","BRA",NA,NA,"Athletics",1988,NA
"1120","Women","800 m B2","Bronze","USA",NA,NA,"Athletics",1988,NA
"1121","Women","800 m B3","Gold","USA",NA,NA,"Athletics",1988,NA
"1122","Women","800 m B3","Silver","URS",NA,NA,"Athletics",1988,NA
"1123","Women","800 m B3","Bronze","USA",NA,NA,"Athletics",1988,NA
"1124","Women","800 m C7","Gold","USA",NA,NA,"Athletics",1988,NA
"1125","Women","800 m C7","Silver","CAN",NA,NA,"Athletics",1988,NA
"1126","Women","800 m C7","Bronze","CAN",NA,NA,"Athletics",1988,NA
"1127","Women","800 m C8","Gold","JPN",NA,NA,"Athletics",1988,NA
"1128","Women","800 m C8","Silver","USA",NA,NA,"Athletics",1988,NA
"1129","Women","800 m C8","Bronze","FRG",NA,NA,"Athletics",1988,NA
"1130","Women","800 m 2","Gold","DEN",NA,NA,"Athletics",1988,NA
"1131","Women","800 m 2","Silver","USA",NA,NA,"Athletics",1988,NA
"1132","Women","800 m 2","Bronze","USA",NA,NA,"Athletics",1988,NA
"1133","Women","800 m 3","Gold","USA",NA,NA,"Athletics",1988,NA
"1134","Women","800 m 3","Silver","USA",NA,NA,"Athletics",1988,NA
"1135","Women","800 m 3","Bronze","SUI",NA,NA,"Athletics",1988,NA
"1136","Women","800 m 4","Gold","DEN",NA,NA,"Athletics",1988,NA
"1137","Women","800 m 4","Silver","USA",NA,NA,"Athletics",1988,NA
"1138","Women","800 m 4","Bronze","IRL",NA,NA,"Athletics",1988,NA
"1139","Women","1500 m 1C","Gold","FRG",NA,NA,"Athletics",1988,NA
"1140","Women","1500 m 1C","Silver","MEX",NA,NA,"Athletics",1988,NA
"1141","Women","1500 m 1C","Bronze","USA",NA,NA,"Athletics",1988,NA
"1142","Women","1500 m A1-3A9L2","Gold","NED",NA,NA,"Athletics",1988,NA
"1143","Women","1500 m A1-3A9L2","Silver","USA",NA,NA,"Athletics",1988,NA
"1144","Women","1500 m A1-3A9L2","Bronze","CAN",NA,NA,"Athletics",1988,NA
"1145","Women","1500 m B1","Gold","URS",NA,NA,"Athletics",1988,NA
"1146","Women","1500 m B1","Silver","ITA",NA,NA,"Athletics",1988,NA
"1147","Women","1500 m B1","Bronze","YUG",NA,NA,"Athletics",1988,NA
"1148","Women","1500 m 2","Gold","FRG",NA,NA,"Athletics",1988,NA
"1149","Women","1500 m 2","Silver","USA",NA,NA,"Athletics",1988,NA
"1150","Women","1500 m 2","Bronze","DEN",NA,NA,"Athletics",1988,NA
"1151","Women","1500 m 3","Gold","USA",NA,NA,"Athletics",1988,NA
"1152","Women","1500 m 3","Silver","USA",NA,NA,"Athletics",1988,NA
"1153","Women","1500 m 3","Bronze","SUI",NA,NA,"Athletics",1988,NA
"1154","Women","1500 m 4","Gold","DEN",NA,NA,"Athletics",1988,NA
"1155","Women","1500 m 4","Silver","USA",NA,NA,"Athletics",1988,NA
"1156","Women","1500 m 4","Bronze","USA",NA,NA,"Athletics",1988,NA
"1157","Women","3000 m A1-3A9L2","Gold","NED",NA,NA,"Athletics",1988,NA
"1158","Women","3000 m A1-3A9L2","Silver","USA",NA,NA,"Athletics",1988,NA
"1159","Women","3000 m A1-3A9L2","Bronze","KOR",NA,NA,"Athletics",1988,NA
"1160","Women","5000 m 2","Gold","FRG",NA,NA,"Athletics",1988,NA
"1161","Women","5000 m 2","Silver","USA",NA,NA,"Athletics",1988,NA
"1162","Women","5000 m 2","Bronze","DEN",NA,NA,"Athletics",1988,NA
"1163","Women","5000 m 4","Gold","DEN",NA,NA,"Athletics",1988,NA
"1164","Women","5000 m 4","Silver","USA",NA,NA,"Athletics",1988,NA
"1165","Women","5000 m 4","Bronze","BEL",NA,NA,"Athletics",1988,NA
"1166","Women","10000 m 2","Gold","FRG",NA,NA,"Athletics",1988,NA
"1167","Women","10000 m 2","Silver","USA",NA,NA,"Athletics",1988,NA
"1168","Women","10000 m 2","Bronze","DEN",NA,NA,"Athletics",1988,NA
"1169","Women","Marathon 2","Gold","USA",NA,NA,"Athletics",1988,NA
"1170","Women","Marathon 2","Silver","USA",NA,NA,"Athletics",1988,NA
"1171","Women","Marathon 2","Bronze","NZL",NA,NA,"Athletics",1988,NA
"1172","Women","Marathon 3","Gold","USA",NA,NA,"Athletics",1988,NA
"1173","Women","Marathon 3","Silver","USA",NA,NA,"Athletics",1988,NA
"1174","Women","Marathon 3","Bronze","JPN",NA,NA,"Athletics",1988,NA
"1175","Women","Marathon 4","Gold","DEN",NA,NA,"Athletics",1988,NA
"1176","Women","Marathon 4","Silver","USA",NA,NA,"Athletics",1988,NA
"1177","Women","Marathon 4","Bronze","IRL",NA,NA,"Athletics",1988,NA
"1178","Women","Slalom C1","Gold","GBR",NA,NA,"Athletics",1988,NA
"1179","Women","Slalom C1","Silver","GBR",NA,NA,"Athletics",1988,NA
"1180","Women","Slalom C1","Bronze","USA",NA,NA,"Athletics",1988,NA
"1181","Women","Slalom 3","Gold","JPN",NA,NA,"Athletics",1988,NA
"1182","Women","Slalom 3","Silver","JPN",NA,NA,"Athletics",1988,NA
"1183","Women","Slalom 3","Bronze","NZL",NA,NA,"Athletics",1988,NA
"1184","Women","Slalom 4","Gold","JPN",NA,NA,"Athletics",1988,NA
"1185","Women","Slalom 4","Silver","KOR",NA,NA,"Athletics",1988,NA
"1186","Women","Slalom 4","Bronze","JPN",NA,NA,"Athletics",1988,NA
"1187","Women","Long Jump B1","Gold","NED",NA,NA,"Athletics",1988,NA
"1188","Women","Long Jump B1","Silver","ESP",NA,NA,"Athletics",1988,NA
"1189","Women","Long Jump B1","Bronze","USA",NA,NA,"Athletics",1988,NA
"1190","Women","Long Jump B2","Gold","URS",NA,NA,"Athletics",1988,NA
"1191","Women","Long Jump B2","Silver","AUT",NA,NA,"Athletics",1988,NA
"1192","Women","Long Jump B2","Bronze","NOR",NA,NA,"Athletics",1988,NA
"1193","Women","Long Jump B3","Gold","USA",NA,NA,"Athletics",1988,NA
"1194","Women","Long Jump B3","Silver","CHN",NA,NA,"Athletics",1988,NA
"1195","Women","Long Jump B3","Bronze","NZL",NA,NA,"Athletics",1988,NA
"1196","Women","Shot Put 1B","Gold","PUR",NA,NA,"Athletics",1988,NA
"1197","Women","Shot Put 1B","Silver","GBR",NA,NA,"Athletics",1988,NA
"1198","Women","Shot Put 1B","Bronze","JAM",NA,NA,"Athletics",1988,NA
"1199","Women","Shot Put B1","Gold","AUS",NA,NA,"Athletics",1988,NA
"1200","Women","Shot Put B1","Silver","GBR",NA,NA,"Athletics",1988,NA
"1201","Women","Shot Put B1","Bronze","CAN",NA,NA,"Athletics",1988,NA
"1202","Women","Shot Put B2","Gold","YUG",NA,NA,"Athletics",1988,NA
"1203","Women","Shot Put B2","Silver","NOR",NA,NA,"Athletics",1988,NA
"1204","Women","Shot Put B2","Bronze","CAN",NA,NA,"Athletics",1988,NA
"1205","Women","Shot Put C3","Gold","USA",NA,NA,"Athletics",1988,NA
"1206","Women","Shot Put C3","Silver","USA",NA,NA,"Athletics",1988,NA
"1207","Women","Shot Put C3","Bronze","GBR",NA,NA,"Athletics",1988,NA
"1208","Women","Shot Put C4","Gold","NED",NA,NA,"Athletics",1988,NA
"1209","Women","Shot Put C4","Silver","FRG",NA,NA,"Athletics",1988,NA
"1210","Women","Shot Put C4","Bronze","CAN",NA,NA,"Athletics",1988,NA
"1211","Women","Shot Put C7","Gold","CAN",NA,NA,"Athletics",1988,NA
"1212","Women","Shot Put C7","Silver","BEL",NA,NA,"Athletics",1988,NA
"1213","Women","Shot Put C7","Bronze","NOR",NA,NA,"Athletics",1988,NA
"1214","Women","Shot Put 2","Gold","KUW",NA,NA,"Athletics",1988,NA
"1215","Women","Shot Put 2","Silver","IRL",NA,NA,"Athletics",1988,NA
"1216","Women","Shot Put 2","Bronze","USA",NA,NA,"Athletics",1988,NA
"1217","Women","Shot Put 3","Gold","USA",NA,NA,"Athletics",1988,NA
"1218","Women","Shot Put 3","Silver","AUS",NA,NA,"Athletics",1988,NA
"1219","Women","Shot Put 3","Bronze","KEN",NA,NA,"Athletics",1988,NA
"1220","Women","Shot Put 4","Gold","YUG",NA,NA,"Athletics",1988,NA
"1221","Women","Shot Put 4","Silver","USA",NA,NA,"Athletics",1988,NA
"1222","Women","Shot Put 4","Bronze","BEL",NA,NA,"Athletics",1988,NA
"1223","Women","Shot Put 5","Gold","GBR",NA,NA,"Athletics",1988,NA
"1224","Women","Shot Put 5","Silver","FRG",NA,NA,"Athletics",1988,NA
"1225","Women","Shot Put 5","Bronze","ISR",NA,NA,"Athletics",1988,NA
"1226","Women","Discus Throw 1B","Gold","GBR",NA,NA,"Athletics",1988,NA
"1227","Women","Discus Throw 1B","Silver","PUR",NA,NA,"Athletics",1988,NA
"1228","Women","Discus Throw 1B","Bronze","JAM",NA,NA,"Athletics",1988,NA
"1229","Women","Discus Throw A6A8A9L6","Gold","FRG",NA,NA,"Athletics",1988,NA
"1230","Women","Discus Throw A6A8A9L6","Silver","POL",NA,NA,"Athletics",1988,NA
"1231","Women","Discus Throw A6A8A9L6","Bronze","FRG",NA,NA,"Athletics",1988,NA
"1232","Women","Discus Throw B1","Gold","GBR",NA,NA,"Athletics",1988,NA
"1233","Women","Discus Throw B1","Silver","CHN",NA,NA,"Athletics",1988,NA
"1234","Women","Discus Throw B1","Bronze","AUT",NA,NA,"Athletics",1988,NA
"1235","Women","Discus Throw B2","Gold","YUG",NA,NA,"Athletics",1988,NA
"1236","Women","Discus Throw B2","Silver","URS",NA,NA,"Athletics",1988,NA
"1237","Women","Discus Throw B2","Bronze","CAN",NA,NA,"Athletics",1988,NA
"1238","Women","Discus Throw C3","Gold","USA",NA,NA,"Athletics",1988,NA
"1239","Women","Discus Throw C3","Silver","IRL",NA,NA,"Athletics",1988,NA
"1240","Women","Discus Throw C3","Bronze","GBR",NA,NA,"Athletics",1988,NA
"1241","Women","Discus Throw C7","Gold","CAN",NA,NA,"Athletics",1988,NA
"1242","Women","Discus Throw C7","Silver","BEL",NA,NA,"Athletics",1988,NA
"1243","Women","Discus Throw C7","Bronze","SUI",NA,NA,"Athletics",1988,NA
"1244","Women","Discus Throw 2","Gold","USA",NA,NA,"Athletics",1988,NA
"1245","Women","Discus Throw 2","Silver","KUW",NA,NA,"Athletics",1988,NA
"1246","Women","Discus Throw 2","Bronze","IRL",NA,NA,"Athletics",1988,NA
"1247","Women","Discus Throw 3","Gold","USA",NA,NA,"Athletics",1988,NA
"1248","Women","Discus Throw 3","Silver","IRL",NA,NA,"Athletics",1988,NA
"1249","Women","Discus Throw 3","Bronze","AUS",NA,NA,"Athletics",1988,NA
"1250","Women","Discus Throw 4","Gold","USA",NA,NA,"Athletics",1988,NA
"1251","Women","Discus Throw 4","Silver","BEL",NA,NA,"Athletics",1988,NA
"1252","Women","Discus Throw 4","Bronze","POL",NA,NA,"Athletics",1988,NA
"1253","Women","Discus Throw 5","Gold","FRG",NA,NA,"Athletics",1988,NA
"1254","Women","Discus Throw 5","Silver","JAM",NA,NA,"Athletics",1988,NA
"1255","Women","Discus Throw 5","Bronze","FRA",NA,NA,"Athletics",1988,NA
"1256","Women","Javelin 1B","Gold","JAM",NA,NA,"Athletics",1988,NA
"1257","Women","Javelin 1B","Silver","PUR",NA,NA,"Athletics",1988,NA
"1258","Women","Javelin 1B","Bronze","GBR",NA,NA,"Athletics",1988,NA
"1259","Women","Javelin A6A8A9L6","Gold","FRG",NA,NA,"Athletics",1988,NA
"1260","Women","Javelin A6A8A9L6","Silver","AUS",NA,NA,"Athletics",1988,NA
"1261","Women","Javelin A6A8A9L6","Bronze","FRG",NA,NA,"Athletics",1988,NA
"1262","Women","Javelin B1","Gold","FRG",NA,NA,"Athletics",1988,NA
"1263","Women","Javelin B1","Silver","CHN",NA,NA,"Athletics",1988,NA
"1264","Women","Javelin B1","Bronze","AUT",NA,NA,"Athletics",1988,NA
"1265","Women","Javelin B2","Gold","NOR",NA,NA,"Athletics",1988,NA
"1266","Women","Javelin B2","Silver","FRG",NA,NA,"Athletics",1988,NA
"1267","Women","Javelin B2","Bronze","POL",NA,NA,"Athletics",1988,NA
"1268","Women","Javelin C3","Gold","USA",NA,NA,"Athletics",1988,NA
"1269","Women","Javelin C3","Silver","AUS",NA,NA,"Athletics",1988,NA
"1270","Women","Javelin C3","Bronze","GBR",NA,NA,"Athletics",1988,NA
"1271","Women","Javelin C7","Gold","CAN",NA,NA,"Athletics",1988,NA
"1272","Women","Javelin C7","Silver","IRL",NA,NA,"Athletics",1988,NA
"1273","Women","Javelin C7","Bronze","USA",NA,NA,"Athletics",1988,NA
"1274","Women","Javelin 2","Gold","KUW",NA,NA,"Athletics",1988,NA
"1275","Women","Javelin 2","Silver","KEN",NA,NA,"Athletics",1988,NA
"1276","Women","Javelin 2","Bronze","USA",NA,NA,"Athletics",1988,NA
"1277","Women","Javelin 3","Gold","USA",NA,NA,"Athletics",1988,NA
"1278","Women","Javelin 3","Silver","KEN",NA,NA,"Athletics",1988,NA
"1279","Women","Javelin 3","Bronze","AUS",NA,NA,"Athletics",1988,NA
"1280","Women","Javelin 4","Gold","POL",NA,NA,"Athletics",1988,NA
"1281","Women","Javelin 4","Silver","USA",NA,NA,"Athletics",1988,NA
"1282","Women","Javelin 4","Bronze","JAM",NA,NA,"Athletics",1988,NA
"1283","Women","Javelin 5","Gold","ISR",NA,NA,"Athletics",1988,NA
"1284","Women","Javelin 5","Silver","JAM",NA,NA,"Athletics",1988,NA
"1285","Women","Javelin 5","Bronze","FRG",NA,NA,"Athletics",1988,NA
"1286","Women","Club Throw C3","Gold","USA",NA,NA,"Athletics",1988,NA
"1287","Women","Club Throw C3","Silver","IRL",NA,NA,"Athletics",1988,NA
"1288","Women","Club Throw C3","Bronze","GBR",NA,NA,"Athletics",1988,NA
"1289","Women","Distance Throw C1","Gold","POR",NA,NA,"Athletics",1988,NA
"1290","Women","Distance Throw C1","Silver","USA",NA,NA,"Athletics",1988,NA
"1291","Women","Distance Throw C1","Bronze","GBR",NA,NA,"Athletics",1988,NA
"1292","Women","Precision Throw C1","Gold","POR",NA,NA,"Athletics",1988,NA
"1293","Women","Precision Throw C1","Silver","GBR",NA,NA,"Athletics",1988,NA
"1294","Women","Precision Throw C1","Bronze","POR",NA,NA,"Athletics",1988,NA
"1295","Women","Pentathlon B2","Gold","URS",NA,NA,"Athletics",1988,NA
"1296","Women","Pentathlon B2","Silver","NOR",NA,NA,"Athletics",1988,NA
"1297","Women","Pentathlon B2","Bronze","FIN",NA,NA,"Athletics",1988,NA
"1298","Women","Pentathlon 3","Gold","USA",NA,NA,"Athletics",1988,NA
"1299","Women","Pentathlon 3","Silver","AUS",NA,NA,"Athletics",1988,NA
"1300","Women","Pentathlon 3","Bronze","IRL",NA,NA,"Athletics",1988,NA
"1301","Women","Pentathlon 4","Gold","BEL",NA,NA,"Athletics",1988,NA
"1302","Women","Pentathlon 4","Silver","USA",NA,NA,"Athletics",1988,NA
"1303","Women","Pentathlon 4","Bronze","POL",NA,NA,"Athletics",1988,NA
"1304","Women","Pentathlon 5-6","Gold","FRA",NA,NA,"Athletics",1988,NA
"1305","Women","Pentathlon 5-6","Silver","JAM",NA,NA,"Athletics",1988,NA
"1306","Women","Pentathlon 5-6","Bronze","ISR",NA,NA,"Athletics",1988,NA
"1307","Women","100 m 5-6","Gold","FRA",NA,NA,"Athletics",1988,NA
"1308","Women","4x100 m 2-6","Gold","ITA","Italy",2,"Athletics",1988,NA
"1309","Women","4x100 m 2-6","Gold","ITA","Italy",3,"Athletics",1988,NA
"1310","Women","4x100 m 2-6","Gold","ITA","Italy",4,"Athletics",1988,NA
"1311","Women","4x100 m 2-6","Silver","USA","United States of America",2,"Athletics",1988,NA
"1312","Women","4x100 m 2-6","Silver","USA","United States of America",3,"Athletics",1988,NA
"1313","Women","4x100 m 2-6","Silver","USA","United States of America",4,"Athletics",1988,NA
"1314","Women","4x100 m 2-6","Bronze","HKG","Hong Kong",2,"Athletics",1988,NA
"1315","Women","4x100 m 2-6","Bronze","HKG","Hong Kong",3,"Athletics",1988,NA
"1316","Women","4x100 m 2-6","Bronze","HKG","Hong Kong",4,"Athletics",1988,NA
"1317","Women","4x200 m 2-6","Gold","USA","United States of America",2,"Athletics",1988,NA
"1318","Women","4x200 m 2-6","Gold","USA","United States of America",3,"Athletics",1988,NA
"1319","Women","4x200 m 2-6","Gold","USA","United States of America",4,"Athletics",1988,NA
"1320","Women","4x200 m 2-6","Silver","MEX","Mexico",2,"Athletics",1988,NA
"1321","Women","4x200 m 2-6","Silver","MEX","Mexico",3,"Athletics",1988,NA
"1322","Women","4x200 m 2-6","Silver","MEX","Mexico",4,"Athletics",1988,NA
"1323","Women","4x200 m 2-6","Bronze","ITA","Italy",2,"Athletics",1988,NA
"1324","Women","4x200 m 2-6","Bronze","ITA","Italy",3,"Athletics",1988,NA
"1325","Women","4x200 m 2-6","Bronze","ITA","Italy",4,"Athletics",1988,NA
"1326","Women","4x400 m 2-6","Gold","USA","United States of America",2,"Athletics",1988,NA
"1327","Women","4x400 m 2-6","Gold","USA","United States of America",3,"Athletics",1988,NA
"1328","Women","4x400 m 2-6","Gold","USA","United States of America",4,"Athletics",1988,NA
"1329","Women","4x400 m 2-6","Silver","AUS","Australia",2,"Athletics",1988,NA
"1330","Women","4x400 m 2-6","Silver","AUS","Australia",3,"Athletics",1988,NA
"1331","Women","4x400 m 2-6","Silver","AUS","Australia",4,"Athletics",1988,NA
"1332","Women","4x400 m 2-6","Bronze","ITA","Italy",2,"Athletics",1988,NA
"1333","Women","4x400 m 2-6","Bronze","ITA","Italy",3,"Athletics",1988,NA
"1334","Women","4x400 m 2-6","Bronze","ITA","Italy",4,"Athletics",1988,NA
"1335","Mixed","4x100 m C2-3","Gold","IRL","Ireland",2,"Athletics",1988,NA
"1336","Mixed","4x100 m C2-3","Gold","IRL","Ireland",3,"Athletics",1988,NA
"1337","Mixed","4x100 m C2-3","Gold","IRL","Ireland",4,"Athletics",1988,NA
"1338","Mixed","4x100 m C2-3","Silver","USA","United States of America",2,"Athletics",1988,NA
"1339","Mixed","4x100 m C2-3","Silver","USA","United States of America",3,"Athletics",1988,NA
"1340","Mixed","4x100 m C2-3","Silver","USA","United States of America",4,"Athletics",1988,NA
"1341","Mixed","4x100 m C2-3","Bronze","CAN","Canada",2,"Athletics",1988,NA
"1342","Mixed","4x100 m C2-3","Bronze","CAN","Canada",3,"Athletics",1988,NA
"1343","Mixed","4x100 m C2-3","Bronze","CAN","Canada",4,"Athletics",1988,NA
"1344","Women","100 m TS4","Gold","GER",NA,NA,"Athletics",1992,NA
"1345","Women","100 m TS4","Silver","EST",NA,NA,"Athletics",1992,NA
"1346","Women","100 m TS4","Bronze","EUN",NA,NA,"Athletics",1992,NA
"1347","Women","100 m TW2","Gold","NZL",NA,NA,"Athletics",1992,NA
"1348","Women","100 m TW2","Silver","FRA",NA,NA,"Athletics",1992,NA
"1349","Women","100 m TW2","Bronze","MEX",NA,NA,"Athletics",1992,NA
"1350","Women","100 m TW3","Gold","GBR",NA,NA,"Athletics",1992,NA
"1351","Women","100 m TW3","Silver","DEN",NA,NA,"Athletics",1992,NA
"1352","Women","100 m TW3","Bronze","CAN",NA,NA,"Athletics",1992,NA
"1353","Women","100 m TW4","Gold","AUS",NA,NA,"Athletics",1992,NA
"1354","Women","100 m TW4","Silver","SWE",NA,NA,"Athletics",1992,NA
"1355","Women","100 m TW4","Bronze","SUI",NA,NA,"Athletics",1992,NA
"1356","Women","100 m B1","Gold","ESP",NA,NA,"Athletics",1992,NA
"1357","Women","100 m B1","Silver","ESP",NA,NA,"Athletics",1992,NA
"1358","Women","100 m B1","Bronze","GBR",NA,NA,"Athletics",1992,NA
"1359","Women","100 m B2","Gold","BRA",NA,NA,"Athletics",1992,NA
"1360","Women","100 m B2","Silver","EUN",NA,NA,"Athletics",1992,NA
"1361","Women","100 m B2","Bronze","ESP",NA,NA,"Athletics",1992,NA
"1362","Women","100 m B3","Gold","USA",NA,NA,"Athletics",1992,NA
"1363","Women","100 m B3","Silver","EUN",NA,NA,"Athletics",1992,NA
"1364","Women","100 m B3","Bronze","GBR",NA,NA,"Athletics",1992,NA
"1365","Women","100 m C5-6","Gold","GBR",NA,NA,"Athletics",1992,NA
"1366","Women","100 m C5-6","Silver","GER",NA,NA,"Athletics",1992,NA
"1367","Women","100 m C5-6","Bronze","KOR",NA,NA,"Athletics",1992,NA
"1368","Women","100 m C7-8","Gold","AUS",NA,NA,"Athletics",1992,NA
"1369","Women","100 m C7-8","Silver","GBR",NA,NA,"Athletics",1992,NA
"1370","Women","100 m C7-8","Bronze","JPN",NA,NA,"Athletics",1992,NA
"1371","Women","200 m TS4","Gold","GER",NA,NA,"Athletics",1992,NA
"1372","Women","200 m TS4","Silver","EUN",NA,NA,"Athletics",1992,NA
"1373","Women","200 m TS4","Bronze","EUN",NA,NA,"Athletics",1992,NA
"1374","Women","200 m TW2","Gold","USA",NA,NA,"Athletics",1992,NA
"1375","Women","200 m TW2","Silver","CAN",NA,NA,"Athletics",1992,NA
"1376","Women","200 m TW2","Bronze","MEX",NA,NA,"Athletics",1992,NA
"1377","Women","200 m TW3","Gold","GBR",NA,NA,"Athletics",1992,NA
"1378","Women","200 m TW3","Silver","DEN",NA,NA,"Athletics",1992,NA
"1379","Women","200 m TW3","Bronze","USA",NA,NA,"Athletics",1992,NA
"1380","Women","200 m TW4","Gold","AUS",NA,NA,"Athletics",1992,NA
"1381","Women","200 m TW4","Silver","SWE",NA,NA,"Athletics",1992,NA
"1382","Women","200 m TW4","Bronze","CAN",NA,NA,"Athletics",1992,NA
"1383","Women","200 m B1","Gold","ESP",NA,NA,"Athletics",1992,NA
"1384","Women","200 m B1","Silver","GBR",NA,NA,"Athletics",1992,NA
"1385","Women","200 m B1","Bronze","ESP",NA,NA,"Athletics",1992,NA
"1386","Women","200 m B2","Gold","EUN",NA,NA,"Athletics",1992,NA
"1387","Women","200 m B2","Silver","AUS",NA,NA,"Athletics",1992,NA
"1388","Women","200 m B2","Bronze","ESP",NA,NA,"Athletics",1992,NA
"1389","Women","200 m B3","Gold","USA",NA,NA,"Athletics",1992,NA
"1390","Women","200 m B3","Silver","EUN",NA,NA,"Athletics",1992,NA
"1391","Women","200 m B3","Bronze","GBR",NA,NA,"Athletics",1992,NA
"1392","Women","200 m C7-8","Gold","AUS",NA,NA,"Athletics",1992,NA
"1393","Women","200 m C7-8","Silver","GBR",NA,NA,"Athletics",1992,NA
"1394","Women","200 m C7-8","Bronze","JPN",NA,NA,"Athletics",1992,NA
"1395","Women","400 m TW2","Gold","CAN",NA,NA,"Athletics",1992,NA
"1396","Women","400 m TW2","Silver","USA",NA,NA,"Athletics",1992,NA
"1397","Women","400 m TW2","Bronze","MEX",NA,NA,"Athletics",1992,NA
"1398","Women","400 m TW3","Gold","GBR",NA,NA,"Athletics",1992,NA
"1399","Women","400 m TW3","Silver","DEN",NA,NA,"Athletics",1992,NA
"1400","Women","400 m TW3","Bronze","ITA",NA,NA,"Athletics",1992,NA
"1401","Women","400 m TW4","Gold","AUS",NA,NA,"Athletics",1992,NA
"1402","Women","400 m TW4","Silver","DEN",NA,NA,"Athletics",1992,NA
"1403","Women","400 m TW4","Bronze","SWE",NA,NA,"Athletics",1992,NA
"1404","Women","400 m B1","Gold","ESP",NA,NA,"Athletics",1992,NA
"1405","Women","400 m B1","Silver","GBR",NA,NA,"Athletics",1992,NA
"1406","Women","400 m B1","Bronze","LTU",NA,NA,"Athletics",1992,NA
"1407","Women","400 m B2","Gold","EUN",NA,NA,"Athletics",1992,NA
"1408","Women","400 m B2","Silver","GER",NA,NA,"Athletics",1992,NA
"1409","Women","400 m B2","Bronze","AUS",NA,NA,"Athletics",1992,NA
"1410","Women","400 m B3","Gold","USA",NA,NA,"Athletics",1992,NA
"1411","Women","400 m B3","Silver","GBR",NA,NA,"Athletics",1992,NA
"1412","Women","400 m B3","Bronze","EUN",NA,NA,"Athletics",1992,NA
"1413","Women","400 m C7-8","Gold","GBR",NA,NA,"Athletics",1992,NA
"1414","Women","400 m C7-8","Silver","JPN",NA,NA,"Athletics",1992,NA
"1415","Women","400 m C7-8","Bronze","IRL",NA,NA,"Athletics",1992,NA
"1416","Women","800 m TW2","Gold","CAN",NA,NA,"Athletics",1992,NA
"1417","Women","800 m TW2","Silver","MEX",NA,NA,"Athletics",1992,NA
"1418","Women","800 m TW2","Bronze","FRA",NA,NA,"Athletics",1992,NA
"1419","Women","800 m TW3","Gold","GBR",NA,NA,"Athletics",1992,NA
"1420","Women","800 m TW3","Silver","DEN",NA,NA,"Athletics",1992,NA
"1421","Women","800 m TW3","Bronze","CAN",NA,NA,"Athletics",1992,NA
"1422","Women","800 m TW4","Gold","DEN",NA,NA,"Athletics",1992,NA
"1423","Women","800 m TW4","Silver","AUS",NA,NA,"Athletics",1992,NA
"1424","Women","800 m TW4","Bronze","CAN",NA,NA,"Athletics",1992,NA
"1425","Women","800 m B1","Gold","ESP",NA,NA,"Athletics",1992,NA
"1426","Women","800 m B1","Silver","LTU",NA,NA,"Athletics",1992,NA
"1427","Women","800 m B1","Bronze","TCH",NA,NA,"Athletics",1992,NA
"1428","Women","800 m B2","Gold","EUN",NA,NA,"Athletics",1992,NA
"1429","Women","800 m B2","Silver","GER",NA,NA,"Athletics",1992,NA
"1430","Women","800 m B2","Bronze","USA",NA,NA,"Athletics",1992,NA
"1431","Women","1500 m TW3-4","Gold","DEN",NA,NA,"Athletics",1992,NA
"1432","Women","1500 m TW3-4","Silver","SWE",NA,NA,"Athletics",1992,NA
"1433","Women","1500 m TW3-4","Bronze","NED",NA,NA,"Athletics",1992,NA
"1434","Women","1500 m B1","Gold","TCH",NA,NA,"Athletics",1992,NA
"1435","Women","1500 m B1","Silver","LTU",NA,NA,"Athletics",1992,NA
"1436","Women","1500 m B1","Bronze","ESP",NA,NA,"Athletics",1992,NA
"1437","Women","1500 m B2","Gold","EUN",NA,NA,"Athletics",1992,NA
"1438","Women","1500 m B2","Silver","GER",NA,NA,"Athletics",1992,NA
"1439","Women","1500 m B2","Bronze","USA",NA,NA,"Athletics",1992,NA
"1440","Women","3000 m B1","Gold","TCH",NA,NA,"Athletics",1992,NA
"1441","Women","3000 m B1","Silver","LTU",NA,NA,"Athletics",1992,NA
"1442","Women","3000 m B1","Bronze","MEX",NA,NA,"Athletics",1992,NA
"1443","Women","3000 m B2","Gold","USA",NA,NA,"Athletics",1992,NA
"1444","Women","3000 m B2","Silver","GER",NA,NA,"Athletics",1992,NA
"1445","Women","3000 m B2","Bronze","LTU",NA,NA,"Athletics",1992,NA
"1446","Women","5000 m TW3-4","Gold","GER",NA,NA,"Athletics",1992,NA
"1447","Women","5000 m TW3-4","Silver","NED",NA,NA,"Athletics",1992,NA
"1448","Women","5000 m TW3-4","Bronze","GER",NA,NA,"Athletics",1992,NA
"1449","Women","10000 m TW3-4","Gold","DEN",NA,NA,"Athletics",1992,NA
"1450","Women","10000 m TW3-4","Silver","GER",NA,NA,"Athletics",1992,NA
"1451","Women","10000 m TW3-4","Bronze","USA",NA,NA,"Athletics",1992,NA
"1452","Women","Marathon TW3-4","Gold","DEN",NA,NA,"Athletics",1992,NA
"1453","Women","Marathon TW3-4","Silver","NED",NA,NA,"Athletics",1992,NA
"1454","Women","Marathon TW3-4","Bronze","GER",NA,NA,"Athletics",1992,NA
"1455","Women","Long Jump B1","Gold","ESP",NA,NA,"Athletics",1992,NA
"1456","Women","Long Jump B1","Silver","GER",NA,NA,"Athletics",1992,NA
"1457","Women","Long Jump B1","Bronze","GER",NA,NA,"Athletics",1992,NA
"1458","Women","Long Jump B2","Gold","EUN",NA,NA,"Athletics",1992,NA
"1459","Women","Long Jump B2","Silver","ESP",NA,NA,"Athletics",1992,NA
"1460","Women","Long Jump B2","Bronze","ESP",NA,NA,"Athletics",1992,NA
"1461","Women","Long Jump B3","Gold","USA",NA,NA,"Athletics",1992,NA
"1462","Women","Long Jump B3","Silver","CHN",NA,NA,"Athletics",1992,NA
"1463","Women","Long Jump B3","Bronze","TCH",NA,NA,"Athletics",1992,NA
"1464","Women","Shot Put THS2","Gold","FRA",NA,NA,"Athletics",1992,NA
"1465","Women","Shot Put THS2","Silver","AUS",NA,NA,"Athletics",1992,NA
"1466","Women","Shot Put THS2","Bronze","MEX",NA,NA,"Athletics",1992,NA
"1467","Women","Shot Put THW5","Gold","GER",NA,NA,"Athletics",1992,NA
"1468","Women","Shot Put THW5","Silver","USA",NA,NA,"Athletics",1992,NA
"1469","Women","Shot Put THW5","Bronze","SLO",NA,NA,"Athletics",1992,NA
"1470","Women","Shot Put THW7","Gold","USA",NA,NA,"Athletics",1992,NA
"1471","Women","Shot Put THW7","Silver","SUI",NA,NA,"Athletics",1992,NA
"1472","Women","Shot Put THW7","Bronze","GBR",NA,NA,"Athletics",1992,NA
"1473","Women","Shot Put B1","Gold","CHN",NA,NA,"Athletics",1992,NA
"1474","Women","Shot Put B1","Silver","CAN",NA,NA,"Athletics",1992,NA
"1475","Women","Shot Put B1","Bronze","GER",NA,NA,"Athletics",1992,NA
"1476","Women","Shot Put B2","Gold","AUS",NA,NA,"Athletics",1992,NA
"1477","Women","Shot Put B2","Silver","IPP",NA,NA,"Athletics",1992,NA
"1478","Women","Shot Put B2","Bronze","NOR",NA,NA,"Athletics",1992,NA
"1479","Women","Shot Put C5>8","Gold","CAN",NA,NA,"Athletics",1992,NA
"1480","Women","Shot Put C5>8","Silver","BEL",NA,NA,"Athletics",1992,NA
"1481","Women","Shot Put C5>8","Bronze","NED",NA,NA,"Athletics",1992,NA
"1482","Women","Discus Throw THS2","Gold","CHN",NA,NA,"Athletics",1992,NA
"1483","Women","Discus Throw THS2","Silver","FRA",NA,NA,"Athletics",1992,NA
"1484","Women","Discus Throw THS2","Bronze","MEX",NA,NA,"Athletics",1992,NA
"1485","Women","Discus Throw THW4","Gold","TCH",NA,NA,"Athletics",1992,NA
"1486","Women","Discus Throw THW4","Silver","KUW",NA,NA,"Athletics",1992,NA
"1487","Women","Discus Throw THW4","Bronze","USA",NA,NA,"Athletics",1992,NA
"1488","Women","Discus Throw THW5","Gold","GER",NA,NA,"Athletics",1992,NA
"1489","Women","Discus Throw THW5","Silver","TCH",NA,NA,"Athletics",1992,NA
"1490","Women","Discus Throw THW5","Bronze","USA",NA,NA,"Athletics",1992,NA
"1491","Women","Discus Throw THW7","Gold","BRA",NA,NA,"Athletics",1992,NA
"1492","Women","Discus Throw THW7","Silver","USA",NA,NA,"Athletics",1992,NA
"1493","Women","Discus Throw THW7","Bronze","JAM",NA,NA,"Athletics",1992,NA
"1494","Women","Discus Throw B1","Gold","CAN",NA,NA,"Athletics",1992,NA
"1495","Women","Discus Throw B1","Silver","GER",NA,NA,"Athletics",1992,NA
"1496","Women","Discus Throw B1","Bronze","CHN",NA,NA,"Athletics",1992,NA
"1497","Women","Discus Throw B2","Gold","IPP",NA,NA,"Athletics",1992,NA
"1498","Women","Discus Throw B2","Silver","AUS",NA,NA,"Athletics",1992,NA
"1499","Women","Discus Throw B2","Bronze","NOR",NA,NA,"Athletics",1992,NA
"1500","Women","Discus Throw B3","Gold","EUN",NA,NA,"Athletics",1992,NA
"1501","Women","Discus Throw B3","Silver","IRL",NA,NA,"Athletics",1992,NA
"1502","Women","Discus Throw B3","Bronze","GER",NA,NA,"Athletics",1992,NA
"1503","Women","Discus Throw C5>8","Gold","CAN",NA,NA,"Athletics",1992,NA
"1504","Women","Discus Throw C5>8","Silver","BEL",NA,NA,"Athletics",1992,NA
"1505","Women","Discus Throw C5>8","Bronze","NED",NA,NA,"Athletics",1992,NA
"1506","Women","Javelin THS2","Gold","AUS",NA,NA,"Athletics",1992,NA
"1507","Women","Javelin THS2","Silver","FRA",NA,NA,"Athletics",1992,NA
"1508","Women","Javelin THS2","Bronze","MEX",NA,NA,"Athletics",1992,NA
"1509","Women","Javelin THW5","Gold","GER",NA,NA,"Athletics",1992,NA
"1510","Women","Javelin THW5","Silver","USA",NA,NA,"Athletics",1992,NA
"1511","Women","Javelin THW5","Bronze","CRO",NA,NA,"Athletics",1992,NA
"1512","Women","Javelin THW7","Gold","KEN",NA,NA,"Athletics",1992,NA
"1513","Women","Javelin THW7","Silver","JAM",NA,NA,"Athletics",1992,NA
"1514","Women","Javelin THW7","Bronze","KEN",NA,NA,"Athletics",1992,NA
"1515","Women","Javelin B1>3","Gold","GER",NA,NA,"Athletics",1992,NA
"1516","Women","Javelin B1>3","Silver","SWE",NA,NA,"Athletics",1992,NA
"1517","Women","Javelin B1>3","Bronze","NOR",NA,NA,"Athletics",1992,NA
"1518","Women","Javelin C5>8","Gold","CAN",NA,NA,"Athletics",1992,NA
"1519","Women","Javelin C5>8","Silver","POL",NA,NA,"Athletics",1992,NA
"1520","Women","Javelin C5>8","Bronze","BEL",NA,NA,"Athletics",1992,NA
"1521","Women","Pentathlon PW3-4","Gold","GER",NA,NA,"Athletics",1992,NA
"1522","Women","Pentathlon PW3-4","Silver","USA",NA,NA,"Athletics",1992,NA
"1523","Women","Pentathlon PW3-4","Bronze","LTU",NA,NA,"Athletics",1992,NA
"1524","Women","Pentathlon B3","Gold","EUN",NA,NA,"Athletics",1992,NA
"1525","Women","Pentathlon B3","Silver","IRL",NA,NA,"Athletics",1992,NA
"1526","Women","Pentathlon B3","Bronze","POL",NA,NA,"Athletics",1992,NA
"1527","Women","4x100 m TW3-4","Gold","USA","United States of America",2,"Athletics",1992,NA
"1528","Women","4x100 m TW3-4","Gold","USA","United States of America",3,"Athletics",1992,NA
"1529","Women","4x100 m TW3-4","Gold","USA","United States of America",4,"Athletics",1992,NA
"1530","Women","4x100 m TW3-4","Silver","GBR","Great Britain",2,"Athletics",1992,NA
"1531","Women","4x100 m TW3-4","Silver","GBR","Great Britain",3,"Athletics",1992,NA
"1532","Women","4x100 m TW3-4","Silver","GBR","Great Britain",4,"Athletics",1992,NA
"1533","Women","4x100 m TW3-4","Bronze","MEX","Mexico",2,"Athletics",1992,NA
"1534","Women","4x100 m TW3-4","Bronze","MEX","Mexico",3,"Athletics",1992,NA
"1535","Women","4x100 m TW3-4","Bronze","MEX","Mexico",4,"Athletics",1992,NA
"1536","Women","100 m T10","Gold","ESP",NA,NA,"Athletics",1996,NA
"1537","Women","100 m T10","Silver","BRA",NA,NA,"Athletics",1996,NA
"1538","Women","100 m T10","Bronze","ESP",NA,NA,"Athletics",1996,NA
"1539","Women","100 m T11","Gold","ESP",NA,NA,"Athletics",1996,NA
"1540","Women","100 m T11","Silver","GER",NA,NA,"Athletics",1996,NA
"1541","Women","100 m T11","Bronze","BRA",NA,NA,"Athletics",1996,NA
"1542","Women","100 m T32-33","Gold","JPN",NA,NA,"Athletics",1996,NA
"1543","Women","100 m T32-33","Silver","USA",NA,NA,"Athletics",1996,NA
"1544","Women","100 m T32-33","Bronze","USA",NA,NA,"Athletics",1996,NA
"1545","Women","100 m T34-35","Gold","GBR",NA,NA,"Athletics",1996,NA
"1546","Women","100 m T34-35","Silver","ESP",NA,NA,"Athletics",1996,NA
"1547","Women","100 m T34-35","Bronze","GER",NA,NA,"Athletics",1996,NA
"1548","Women","100 m T36-37","Gold","AUS",NA,NA,"Athletics",1996,NA
"1549","Women","100 m T36-37","Silver","GER",NA,NA,"Athletics",1996,NA
"1550","Women","100 m T36-37","Bronze","AUS",NA,NA,"Athletics",1996,NA
"1551","Women","100 m T42-46","Gold","EST",NA,NA,"Athletics",1996,NA
"1552","Women","100 m T42-46","Silver","GER",NA,NA,"Athletics",1996,NA
"1553","Women","100 m T42-46","Bronze","AUS",NA,NA,"Athletics",1996,NA
"1554","Women","100 m T52","Gold","USA",NA,NA,"Athletics",1996,NA
"1555","Women","100 m T52","Silver","GBR",NA,NA,"Athletics",1996,NA
"1556","Women","100 m T52","Bronze","CAN",NA,NA,"Athletics",1996,NA
"1557","Women","100 m T53","Gold","CAN",NA,NA,"Athletics",1996,NA
"1558","Women","100 m T53","Silver","USA",NA,NA,"Athletics",1996,NA
"1559","Women","100 m T53","Bronze","GBR",NA,NA,"Athletics",1996,NA
"1560","Women","200 m T10","Gold","ESP",NA,NA,"Athletics",1996,NA
"1561","Women","200 m T10","Silver","BRA",NA,NA,"Athletics",1996,NA
"1562","Women","200 m T10","Bronze","ITA",NA,NA,"Athletics",1996,NA
"1563","Women","200 m T11","Gold","ESP",NA,NA,"Athletics",1996,NA
"1564","Women","200 m T11","Silver","GER",NA,NA,"Athletics",1996,NA
"1565","Women","200 m T11","Bronze","BRA",NA,NA,"Athletics",1996,NA
"1566","Women","200 m T32-33","Gold","USA",NA,NA,"Athletics",1996,NA
"1567","Women","200 m T32-33","Silver","JPN",NA,NA,"Athletics",1996,NA
"1568","Women","200 m T32-33","Bronze","IRL",NA,NA,"Athletics",1996,NA
"1569","Women","200 m T34-37","Gold","AUS",NA,NA,"Athletics",1996,NA
"1570","Women","200 m T34-37","Silver","GER",NA,NA,"Athletics",1996,NA
"1571","Women","200 m T34-37","Bronze","ESP",NA,NA,"Athletics",1996,NA
"1572","Women","200 m T42-46","Gold","AUS",NA,NA,"Athletics",1996,NA
"1573","Women","200 m T42-46","Silver","EST",NA,NA,"Athletics",1996,NA
"1574","Women","200 m T42-46","Bronze","BLR",NA,NA,"Athletics",1996,NA
"1575","Women","200 m T51","Gold","NZL",NA,NA,"Athletics",1996,NA
"1576","Women","200 m T51","Silver","MEX",NA,NA,"Athletics",1996,NA
"1577","Women","200 m T51","Bronze","SUI",NA,NA,"Athletics",1996,NA
"1578","Women","200 m T52","Gold","USA",NA,NA,"Athletics",1996,NA
"1579","Women","200 m T52","Silver","GBR",NA,NA,"Athletics",1996,NA
"1580","Women","200 m T52","Bronze","CAN",NA,NA,"Athletics",1996,NA
"1581","Women","200 m T53","Gold","CAN",NA,NA,"Athletics",1996,NA
"1582","Women","200 m T53","Silver","USA",NA,NA,"Athletics",1996,NA
"1583","Women","200 m T53","Bronze","GBR",NA,NA,"Athletics",1996,NA
"1584","Women","200 m MH","Gold","AUS",NA,NA,"Athletics",1996,NA
"1585","Women","200 m MH","Silver","CAN",NA,NA,"Athletics",1996,NA
"1586","Women","200 m MH","Bronze","AUS",NA,NA,"Athletics",1996,NA
"1587","Women","400 m T10","Gold","ESP",NA,NA,"Athletics",1996,NA
"1588","Women","400 m T10","Silver","BRA",NA,NA,"Athletics",1996,NA
"1589","Women","400 m T10","Bronze","ITA",NA,NA,"Athletics",1996,NA
"1590","Women","400 m T11","Gold","RUS",NA,NA,"Athletics",1996,NA
"1591","Women","400 m T11","Silver","ESP",NA,NA,"Athletics",1996,NA
"1592","Women","400 m T11","Bronze","RUS",NA,NA,"Athletics",1996,NA
"1593","Women","400 m T51","Gold","SUI",NA,NA,"Athletics",1996,NA
"1594","Women","400 m T51","Silver","USA",NA,NA,"Athletics",1996,NA
"1595","Women","400 m T51","Bronze","MEX",NA,NA,"Athletics",1996,NA
"1596","Women","400 m T52","Gold","USA",NA,NA,"Athletics",1996,NA
"1597","Women","400 m T52","Silver","GBR",NA,NA,"Athletics",1996,NA
"1598","Women","400 m T52","Bronze","FRA",NA,NA,"Athletics",1996,NA
"1599","Women","400 m T53","Gold","AUS",NA,NA,"Athletics",1996,NA
"1600","Women","400 m T53","Silver","CAN",NA,NA,"Athletics",1996,NA
"1601","Women","400 m T53","Bronze","USA",NA,NA,"Athletics",1996,NA
"1602","Women","800 m T10-11","Gold","RUS",NA,NA,"Athletics",1996,NA
"1603","Women","800 m T10-11","Silver","GER",NA,NA,"Athletics",1996,NA
"1604","Women","800 m T10-11","Bronze","LTU",NA,NA,"Athletics",1996,NA
"1605","Women","800 m T51","Gold","JPN",NA,NA,"Athletics",1996,NA
"1606","Women","800 m T51","Silver","NZL",NA,NA,"Athletics",1996,NA
"1607","Women","800 m T51","Bronze","SUI",NA,NA,"Athletics",1996,NA
"1608","Women","800 m T52","Gold","GBR",NA,NA,"Athletics",1996,NA
"1609","Women","800 m T52","Silver","USA",NA,NA,"Athletics",1996,NA
"1610","Women","800 m T52","Bronze","USA",NA,NA,"Athletics",1996,NA
"1611","Women","800 m T53","Gold","AUS",NA,NA,"Athletics",1996,NA
"1612","Women","800 m T53","Silver","CAN",NA,NA,"Athletics",1996,NA
"1613","Women","800 m T53","Bronze","USA",NA,NA,"Athletics",1996,NA
"1614","Women","1500 m T10-11","Gold","RUS",NA,NA,"Athletics",1996,NA
"1615","Women","1500 m T10-11","Silver","GER",NA,NA,"Athletics",1996,NA
"1616","Women","1500 m T10-11","Bronze","LTU",NA,NA,"Athletics",1996,NA
"1617","Women","1500 m T52-53","Gold","AUS",NA,NA,"Athletics",1996,NA
"1618","Women","1500 m T52-53","Silver","CAN",NA,NA,"Athletics",1996,NA
"1619","Women","1500 m T52-53","Bronze","USA",NA,NA,"Athletics",1996,NA
"1620","Women","3000 m T10-11","Gold","RUS",NA,NA,"Athletics",1996,NA
"1621","Women","3000 m T10-11","Silver","GER",NA,NA,"Athletics",1996,NA
"1622","Women","3000 m T10-11","Bronze","ITA",NA,NA,"Athletics",1996,NA
"1623","Women","5000 m T52-53","Gold","AUS",NA,NA,"Athletics",1996,NA
"1624","Women","5000 m T52-53","Silver","USA",NA,NA,"Athletics",1996,NA
"1625","Women","5000 m T52-53","Bronze","JPN",NA,NA,"Athletics",1996,NA
"1626","Women","10000 m T52-53","Gold","USA",NA,NA,"Athletics",1996,NA
"1627","Women","10000 m T52-53","Silver","JPN",NA,NA,"Athletics",1996,NA
"1628","Women","10000 m T52-53","Bronze","GER",NA,NA,"Athletics",1996,NA
"1629","Women","Marathon T52-53","Gold","USA",NA,NA,"Athletics",1996,NA
"1630","Women","Marathon T52-53","Silver","JPN",NA,NA,"Athletics",1996,NA
"1631","Women","Marathon T52-53","Bronze","USA",NA,NA,"Athletics",1996,NA
"1632","Women","Long Jump F10-11","Gold","ESP",NA,NA,"Athletics",1996,NA
"1633","Women","Long Jump F10-11","Silver","ESP",NA,NA,"Athletics",1996,NA
"1634","Women","Long Jump F10-11","Bronze","ESP",NA,NA,"Athletics",1996,NA
"1635","Women","Long Jump F34-37","Gold","LTU",NA,NA,"Athletics",1996,NA
"1636","Women","Long Jump F34-37","Silver","AUS",NA,NA,"Athletics",1996,NA
"1637","Women","Long Jump F34-37","Bronze","GER",NA,NA,"Athletics",1996,NA
"1638","Women","Long Jump F42-46","Gold","BLR",NA,NA,"Athletics",1996,NA
"1639","Women","Long Jump F42-46","Silver","EST",NA,NA,"Athletics",1996,NA
"1640","Women","Long Jump F42-46","Bronze","GBR",NA,NA,"Athletics",1996,NA
"1641","Women","Long Jump MH","Gold","AUS",NA,NA,"Athletics",1996,NA
"1642","Women","Long Jump MH","Silver","CAN",NA,NA,"Athletics",1996,NA
"1643","Women","Long Jump MH","Bronze","EST",NA,NA,"Athletics",1996,NA
"1644","Women","Shot Put F10-11","Gold","CHN",NA,NA,"Athletics",1996,NA
"1645","Women","Shot Put F10-11","Silver","AUS",NA,NA,"Athletics",1996,NA
"1646","Women","Shot Put F10-11","Bronze","CAN",NA,NA,"Athletics",1996,NA
"1647","Women","Shot Put F12","Gold","BLR",NA,NA,"Athletics",1996,NA
"1648","Women","Shot Put F12","Silver","USA",NA,NA,"Athletics",1996,NA
"1649","Women","Shot Put F12","Bronze","IRL",NA,NA,"Athletics",1996,NA
"1650","Women","Shot Put F32-33","Gold","GER",NA,NA,"Athletics",1996,NA
"1651","Women","Shot Put F32-33","Silver","GBR",NA,NA,"Athletics",1996,NA
"1652","Women","Shot Put F32-33","Bronze","IRL",NA,NA,"Athletics",1996,NA
"1653","Women","Shot Put F41","Gold","LTU",NA,NA,"Athletics",1996,NA
"1654","Women","Shot Put F41","Silver","MEX",NA,NA,"Athletics",1996,NA
"1655","Women","Shot Put F41","Bronze","IRL",NA,NA,"Athletics",1996,NA
"1656","Women","Shot Put F42-44/46","Gold","CHN",NA,NA,"Athletics",1996,NA
"1657","Women","Shot Put F42-44/46","Silver","GER",NA,NA,"Athletics",1996,NA
"1658","Women","Shot Put F42-44/46","Bronze","USA",NA,NA,"Athletics",1996,NA
"1659","Women","Shot Put F53-54","Gold","GER",NA,NA,"Athletics",1996,NA
"1660","Women","Shot Put F53-54","Silver","USA",NA,NA,"Athletics",1996,NA
"1661","Women","Shot Put F53-54","Bronze","GER",NA,NA,"Athletics",1996,NA
"1662","Women","Shot Put F55-57","Gold","EGY",NA,NA,"Athletics",1996,NA
"1663","Women","Shot Put F55-57","Silver","EGY",NA,NA,"Athletics",1996,NA
"1664","Women","Shot Put F55-57","Bronze","EGY",NA,NA,"Athletics",1996,NA
"1665","Women","Discus Throw F10-11","Gold","CUB",NA,NA,"Athletics",1996,NA
"1666","Women","Discus Throw F10-11","Silver","CHN",NA,NA,"Athletics",1996,NA
"1667","Women","Discus Throw F10-11","Bronze","CAN",NA,NA,"Athletics",1996,NA
"1668","Women","Discus Throw F12","Gold","IRL",NA,NA,"Athletics",1996,NA
"1669","Women","Discus Throw F12","Silver","CAN",NA,NA,"Athletics",1996,NA
"1670","Women","Discus Throw F12","Bronze","BLR",NA,NA,"Athletics",1996,NA
"1671","Women","Discus Throw F34-35","Gold","USA",NA,NA,"Athletics",1996,NA
"1672","Women","Discus Throw F34-35","Silver","ARG",NA,NA,"Athletics",1996,NA
"1673","Women","Discus Throw F34-35","Bronze","CAN",NA,NA,"Athletics",1996,NA
"1674","Women","Discus Throw F41","Gold","LTU",NA,NA,"Athletics",1996,NA
"1675","Women","Discus Throw F41","Silver","MEX",NA,NA,"Athletics",1996,NA
"1676","Women","Discus Throw F41","Bronze","MEX",NA,NA,"Athletics",1996,NA
"1677","Women","Discus Throw F42-44/46","Gold","USA",NA,NA,"Athletics",1996,NA
"1678","Women","Discus Throw F42-44/46","Silver","CHN",NA,NA,"Athletics",1996,NA
"1679","Women","Discus Throw F42-44/46","Bronze","GER",NA,NA,"Athletics",1996,NA
"1680","Women","Discus Throw F53-54","Gold","GER",NA,NA,"Athletics",1996,NA
"1681","Women","Discus Throw F53-54","Silver","USA",NA,NA,"Athletics",1996,NA
"1682","Women","Discus Throw F53-54","Bronze","GER",NA,NA,"Athletics",1996,NA
"1683","Women","Discus Throw F55-57","Gold","EGY",NA,NA,"Athletics",1996,NA
"1684","Women","Discus Throw F55-57","Silver","EGY",NA,NA,"Athletics",1996,NA
"1685","Women","Discus Throw F55-57","Bronze","BRA",NA,NA,"Athletics",1996,NA
"1686","Women","Javelin F10-11","Gold","BEL",NA,NA,"Athletics",1996,NA
"1687","Women","Javelin F10-11","Silver","CUB",NA,NA,"Athletics",1996,NA
"1688","Women","Javelin F10-11","Bronze","BLR",NA,NA,"Athletics",1996,NA
"1689","Women","Javelin F42-44/46","Gold","AUT",NA,NA,"Athletics",1996,NA
"1690","Women","Javelin F42-44/46","Silver","RUS",NA,NA,"Athletics",1996,NA
"1691","Women","Javelin F42-44/46","Bronze","RUS",NA,NA,"Athletics",1996,NA
"1692","Women","Javelin F53-54","Gold","GER",NA,NA,"Athletics",1996,NA
"1693","Women","Javelin F53-54","Silver","USA",NA,NA,"Athletics",1996,NA
"1694","Women","Javelin F53-54","Bronze","GER",NA,NA,"Athletics",1996,NA
"1695","Women","Javelin F55-57","Gold","EGY",NA,NA,"Athletics",1996,NA
"1696","Women","Javelin F55-57","Silver","KEN",NA,NA,"Athletics",1996,NA
"1697","Women","Javelin F55-57","Bronze","JAM",NA,NA,"Athletics",1996,NA
"1698","Women","Pentathlon P10-12","Gold","USA",NA,NA,"Athletics",1996,NA
"1699","Women","Pentathlon P10-12","Silver","RUS",NA,NA,"Athletics",1996,NA
"1700","Women","Pentathlon P10-12","Bronze","EST",NA,NA,"Athletics",1996,NA
"1701","Women","100 m T12","Gold","BRA",NA,NA,"Athletics",2000,NA
"1702","Women","100 m T12","Silver","ESP",NA,NA,"Athletics",2000,NA
"1703","Women","100 m T12","Bronze","ESP",NA,NA,"Athletics",2000,NA
"1704","Women","100 m T20","Gold","POL",NA,NA,"Athletics",2000,NA
"1705","Women","100 m T20","Silver","AUS",NA,NA,"Athletics",2000,NA
"1706","Women","100 m T20","Bronze","ARG",NA,NA,"Athletics",2000,NA
"1707","Women","100 m T34","Gold","JPN",NA,NA,"Athletics",2000,NA
"1708","Women","100 m T34","Silver","AUS",NA,NA,"Athletics",2000,NA
"1709","Women","100 m T34","Bronze","GBR",NA,NA,"Athletics",2000,NA
"1710","Women","100 m T36","Gold","GBR",NA,NA,"Athletics",2000,NA
"1711","Women","100 m T36","Silver","GBR",NA,NA,"Athletics",2000,NA
"1712","Women","100 m T36","Bronze","HKG",NA,NA,"Athletics",2000,NA
"1713","Women","100 m T37","Gold","AUS",NA,NA,"Athletics",2000,NA
"1714","Women","100 m T37","Silver","GER",NA,NA,"Athletics",2000,NA
"1715","Women","100 m T37","Bronze","KEN",NA,NA,"Athletics",2000,NA
"1716","Women","100 m T38","Gold","AUS",NA,NA,"Athletics",2000,NA
"1717","Women","100 m T38","Silver","AUS",NA,NA,"Athletics",2000,NA
"1718","Women","100 m T38","Bronze","UKR",NA,NA,"Athletics",2000,NA
"1719","Women","100 m T44","Gold","USA",NA,NA,"Athletics",2000,NA
"1720","Women","100 m T44","Silver","GER",NA,NA,"Athletics",2000,NA
"1721","Women","100 m T44","Bronze","CHN",NA,NA,"Athletics",2000,NA
"1722","Women","100 m T46","Gold","AUS",NA,NA,"Athletics",2000,NA
"1723","Women","100 m T46","Silver","POL",NA,NA,"Athletics",2000,NA
"1724","Women","100 m T46","Bronze","BLR",NA,NA,"Athletics",2000,NA
"1725","Women","100 m T52","Gold","SUI",NA,NA,"Athletics",2000,NA
"1726","Women","100 m T52","Silver","CAN",NA,NA,"Athletics",2000,NA
"1727","Women","100 m T52","Bronze","FRA",NA,NA,"Athletics",2000,NA
"1728","Women","100 m T53","Gold","GBR",NA,NA,"Athletics",2000,NA
"1729","Women","100 m T53","Silver","USA",NA,NA,"Athletics",2000,NA
"1730","Women","100 m T53","Bronze","ITA",NA,NA,"Athletics",2000,NA
"1731","Women","100 m T54","Gold","USA",NA,NA,"Athletics",2000,NA
"1732","Women","100 m T54","Silver","CAN",NA,NA,"Athletics",2000,NA
"1733","Women","100 m T54","Bronze","GER",NA,NA,"Athletics",2000,NA
"1734","Women","200 m T11","Gold","BRA",NA,NA,"Athletics",2000,NA
"1735","Women","200 m T11","Silver","ITA",NA,NA,"Athletics",2000,NA
"1736","Women","200 m T11","Bronze","GBR",NA,NA,"Athletics",2000,NA
"1737","Women","200 m T12","Gold","BLR",NA,NA,"Athletics",2000,NA
"1738","Women","200 m T12","Silver","ESP",NA,NA,"Athletics",2000,NA
"1739","Women","200 m T12","Bronze","RUS",NA,NA,"Athletics",2000,NA
"1740","Women","200 m T20","Gold","AUS",NA,NA,"Athletics",2000,NA
"1741","Women","200 m T20","Silver","AUS",NA,NA,"Athletics",2000,NA
"1742","Women","200 m T20","Bronze","CAN",NA,NA,"Athletics",2000,NA
"1743","Women","200 m T34","Gold","GBR",NA,NA,"Athletics",2000,NA
"1744","Women","200 m T34","Silver","JPN",NA,NA,"Athletics",2000,NA
"1745","Women","200 m T34","Bronze","AUS",NA,NA,"Athletics",2000,NA
"1746","Women","200 m T36","Gold","GBR",NA,NA,"Athletics",2000,NA
"1747","Women","200 m T36","Silver","GRE",NA,NA,"Athletics",2000,NA
"1748","Women","200 m T36","Bronze","HKG",NA,NA,"Athletics",2000,NA
"1749","Women","200 m T38","Gold","AUS",NA,NA,"Athletics",2000,NA
"1750","Women","200 m T38","Silver","AUS",NA,NA,"Athletics",2000,NA
"1751","Women","200 m T38","Bronze","AUS",NA,NA,"Athletics",2000,NA
"1752","Women","200 m T44","Gold","USA",NA,NA,"Athletics",2000,NA
"1753","Women","200 m T44","Silver","GER",NA,NA,"Athletics",2000,NA
"1754","Women","200 m T44","Bronze","CHN",NA,NA,"Athletics",2000,NA
"1755","Women","200 m T46","Gold","AUS",NA,NA,"Athletics",2000,NA
"1756","Women","200 m T46","Silver","RUS",NA,NA,"Athletics",2000,NA
"1757","Women","200 m T46","Bronze","POL",NA,NA,"Athletics",2000,NA
"1758","Women","200 m T52","Gold","CAN",NA,NA,"Athletics",2000,NA
"1759","Women","200 m T52","Silver","JPN",NA,NA,"Athletics",2000,NA
"1760","Women","200 m T52","Bronze","JPN",NA,NA,"Athletics",2000,NA
"1761","Women","200 m T53","Gold","GBR",NA,NA,"Athletics",2000,NA
"1762","Women","200 m T53","Silver","SWE",NA,NA,"Athletics",2000,NA
"1763","Women","200 m T53","Bronze","USA",NA,NA,"Athletics",2000,NA
"1764","Women","200 m T54","Gold","CAN",NA,NA,"Athletics",2000,NA
"1765","Women","200 m T54","Silver","USA",NA,NA,"Athletics",2000,NA
"1766","Women","200 m T54","Bronze","GER",NA,NA,"Athletics",2000,NA
"1767","Women","400 m T11","Gold","ESP",NA,NA,"Athletics",2000,NA
"1768","Women","400 m T11","Silver","BRA",NA,NA,"Athletics",2000,NA
"1769","Women","400 m T11","Bronze","GBR",NA,NA,"Athletics",2000,NA
"1770","Women","400 m T34","Gold","AUS",NA,NA,"Athletics",2000,NA
"1771","Women","400 m T34","Silver","IRL",NA,NA,"Athletics",2000,NA
"1772","Women","400 m T34","Bronze","CAN",NA,NA,"Athletics",2000,NA
"1773","Women","400 m T36","Gold","GBR",NA,NA,"Athletics",2000,NA
"1774","Women","400 m T36","Silver","GRE",NA,NA,"Athletics",2000,NA
"1775","Women","400 m T36","Bronze","HKG",NA,NA,"Athletics",2000,NA
"1776","Women","400 m T38","Gold","AUS",NA,NA,"Athletics",2000,NA
"1777","Women","400 m T38","Silver","AUS",NA,NA,"Athletics",2000,NA
"1778","Women","400 m T38","Bronze","POR",NA,NA,"Athletics",2000,NA
"1779","Women","400 m T46","Gold","RUS",NA,NA,"Athletics",2000,NA
"1780","Women","400 m T46","Silver","POL",NA,NA,"Athletics",2000,NA
"1781","Women","400 m T46","Bronze","AUS",NA,NA,"Athletics",2000,NA
"1782","Women","400 m T52","Gold","CAN",NA,NA,"Athletics",2000,NA
"1783","Women","400 m T52","Silver","SUI",NA,NA,"Athletics",2000,NA
"1784","Women","400 m T52","Bronze","JPN",NA,NA,"Athletics",2000,NA
"1785","Women","400 m T53","Gold","GBR",NA,NA,"Athletics",2000,NA
"1786","Women","400 m T53","Silver","SWE",NA,NA,"Athletics",2000,NA
"1787","Women","400 m T53","Bronze","USA",NA,NA,"Athletics",2000,NA
"1788","Women","400 m T54","Gold","USA",NA,NA,"Athletics",2000,NA
"1789","Women","400 m T54","Silver","CAN",NA,NA,"Athletics",2000,NA
"1790","Women","400 m T54","Bronze","SWE",NA,NA,"Athletics",2000,NA
"1791","Women","800 m T12","Gold","RUS",NA,NA,"Athletics",2000,NA
"1792","Women","800 m T12","Silver","GBR",NA,NA,"Athletics",2000,NA
"1793","Women","800 m T12","Bronze","RUS",NA,NA,"Athletics",2000,NA
"1794","Women","800 m T20","Gold","POL",NA,NA,"Athletics",2000,NA
"1795","Women","800 m T20","Silver","POL",NA,NA,"Athletics",2000,NA
"1796","Women","800 m T20","Bronze","AUS",NA,NA,"Athletics",2000,NA
"1797","Women","800 m T52","Gold","CAN",NA,NA,"Athletics",2000,NA
"1798","Women","800 m T52","Silver","JPN",NA,NA,"Athletics",2000,NA
"1799","Women","800 m T52","Bronze","SUI",NA,NA,"Athletics",2000,NA
"1800","Women","800 m T53","Gold","GBR",NA,NA,"Athletics",2000,NA
"1801","Women","800 m T53","Silver","USA",NA,NA,"Athletics",2000,NA
"1802","Women","800 m T53","Bronze","USA",NA,NA,"Athletics",2000,NA
"1803","Women","800 m T54","Gold","CAN",NA,NA,"Athletics",2000,NA
"1804","Women","800 m T54","Silver","AUS",NA,NA,"Athletics",2000,NA
"1805","Women","800 m T54","Bronze","MEX",NA,NA,"Athletics",2000,NA
"1806","Women","1500 m T12","Gold","RUS",NA,NA,"Athletics",2000,NA
"1807","Women","1500 m T12","Silver","GER",NA,NA,"Athletics",2000,NA
"1808","Women","1500 m T12","Bronze","USA",NA,NA,"Athletics",2000,NA
"1809","Women","1500 m T52","Gold","CAN",NA,NA,"Athletics",2000,NA
"1810","Women","1500 m T52","Silver","JPN",NA,NA,"Athletics",2000,NA
"1811","Women","1500 m T52","Bronze","FRA",NA,NA,"Athletics",2000,NA
"1812","Women","1500 m T54","Gold","AUS",NA,NA,"Athletics",2000,NA
"1813","Women","1500 m T54","Silver","USA",NA,NA,"Athletics",2000,NA
"1814","Women","1500 m T54","Bronze","MEX",NA,NA,"Athletics",2000,NA
"1815","Women","5000 m T12","Gold","RUS",NA,NA,"Athletics",2000,NA
"1816","Women","5000 m T12","Silver","GER",NA,NA,"Athletics",2000,NA
"1817","Women","5000 m T12","Bronze","RUS",NA,NA,"Athletics",2000,NA
"1818","Women","5000 m T54","Gold","AUS",NA,NA,"Athletics",2000,NA
"1819","Women","5000 m T54","Silver","MEX",NA,NA,"Athletics",2000,NA
"1820","Women","5000 m T54","Bronze","USA",NA,NA,"Athletics",2000,NA
"1821","Women","Marathon T54","Gold","USA",NA,NA,"Athletics",2000,NA
"1822","Women","Marathon T54","Silver","JPN",NA,NA,"Athletics",2000,NA
"1823","Women","Marathon T54","Bronze","JPN",NA,NA,"Athletics",2000,NA
"1824","Women","High Jump F20","Gold","AUS",NA,NA,"Athletics",2000,NA
"1825","Women","High Jump F20","Silver","JPN",NA,NA,"Athletics",2000,NA
"1826","Women","High Jump F20","Bronze","EST",NA,NA,"Athletics",2000,NA
"1827","Women","Long Jump F12","Gold","ESP",NA,NA,"Athletics",2000,NA
"1828","Women","Long Jump F12","Silver","BLR",NA,NA,"Athletics",2000,NA
"1829","Women","Long Jump F12","Bronze","BLR",NA,NA,"Athletics",2000,NA
"1830","Women","Long Jump F20","Gold","AUS",NA,NA,"Athletics",2000,NA
"1831","Women","Long Jump F20","Silver","HKG",NA,NA,"Athletics",2000,NA
"1832","Women","Long Jump F20","Bronze","HUN",NA,NA,"Athletics",2000,NA
"1833","Women","Long Jump F46","Gold","GER",NA,NA,"Athletics",2000,NA
"1834","Women","Long Jump F46","Silver","BLR",NA,NA,"Athletics",2000,NA
"1835","Women","Long Jump F46","Bronze","CHN",NA,NA,"Athletics",2000,NA
"1836","Women","Shot Put F12","Gold","AUS",NA,NA,"Athletics",2000,NA
"1837","Women","Shot Put F12","Silver","CHN",NA,NA,"Athletics",2000,NA
"1838","Women","Shot Put F12","Bronze","GER",NA,NA,"Athletics",2000,NA
"1839","Women","Shot Put F20","Gold","POL",NA,NA,"Athletics",2000,NA
"1840","Women","Shot Put F20","Silver","POL",NA,NA,"Athletics",2000,NA
"1841","Women","Shot Put F20","Bronze","EST",NA,NA,"Athletics",2000,NA
"1842","Women","Shot Put F33-34","Gold","FIN",NA,NA,"Athletics",2000,NA
"1843","Women","Shot Put F33-34","Silver","RSA",NA,NA,"Athletics",2000,NA
"1844","Women","Shot Put F33-34","Bronze","USA",NA,NA,"Athletics",2000,NA
"1845","Women","Shot Put F37","Gold","AUS",NA,NA,"Athletics",2000,NA
"1846","Women","Shot Put F37","Silver","GER",NA,NA,"Athletics",2000,NA
"1847","Women","Shot Put F37","Bronze","RSA",NA,NA,"Athletics",2000,NA
"1848","Women","Shot Put F44","Gold","GER",NA,NA,"Athletics",2000,NA
"1849","Women","Shot Put F44","Silver","AUT",NA,NA,"Athletics",2000,NA
"1850","Women","Shot Put F44","Bronze","RUS",NA,NA,"Athletics",2000,NA
"1851","Women","Shot Put F46","Gold","GER",NA,NA,"Athletics",2000,NA
"1852","Women","Shot Put F46","Silver","CHN",NA,NA,"Athletics",2000,NA
"1853","Women","Shot Put F46","Bronze","USA",NA,NA,"Athletics",2000,NA
"1854","Women","Shot Put F52-54","Gold","GBR",NA,NA,"Athletics",2000,NA
"1855","Women","Shot Put F52-54","Silver","MEX",NA,NA,"Athletics",2000,NA
"1856","Women","Shot Put F52-54","Bronze","AUT",NA,NA,"Athletics",2000,NA
"1857","Women","Shot Put F55","Gold","GER",NA,NA,"Athletics",2000,NA
"1858","Women","Shot Put F55","Silver","AUS",NA,NA,"Athletics",2000,NA
"1859","Women","Shot Put F55","Bronze","SLO",NA,NA,"Athletics",2000,NA
"1860","Women","Shot Put F57","Gold","BUL",NA,NA,"Athletics",2000,NA
"1861","Women","Shot Put F57","Silver","GER",NA,NA,"Athletics",2000,NA
"1862","Women","Shot Put F57","Bronze","KEN",NA,NA,"Athletics",2000,NA
"1863","Women","Shot Put F58","Gold","BRA",NA,NA,"Athletics",2000,NA
"1864","Women","Shot Put F58","Silver","TUN",NA,NA,"Athletics",2000,NA
"1865","Women","Shot Put F58","Bronze","EGY",NA,NA,"Athletics",2000,NA
"1866","Women","Discus Throw F12","Gold","CHN",NA,NA,"Athletics",2000,NA
"1867","Women","Discus Throw F12","Silver","USA",NA,NA,"Athletics",2000,NA
"1868","Women","Discus Throw F12","Bronze","AUS",NA,NA,"Athletics",2000,NA
"1869","Women","Discus Throw F13","Gold","CUB",NA,NA,"Athletics",2000,NA
"1870","Women","Discus Throw F13","Silver","BLR",NA,NA,"Athletics",2000,NA
"1871","Women","Discus Throw F13","Bronze","USA",NA,NA,"Athletics",2000,NA
"1872","Women","Discus Throw F33-34","Gold","GER",NA,NA,"Athletics",2000,NA
"1873","Women","Discus Throw F33-34","Silver","GBR",NA,NA,"Athletics",2000,NA
"1874","Women","Discus Throw F33-34","Bronze","RSA",NA,NA,"Athletics",2000,NA
"1875","Women","Discus Throw F37","Gold","RSA",NA,NA,"Athletics",2000,NA
"1876","Women","Discus Throw F37","Silver","CZE",NA,NA,"Athletics",2000,NA
"1877","Women","Discus Throw F37","Bronze","RSA",NA,NA,"Athletics",2000,NA
"1878","Women","Discus Throw F46","Gold","CHN",NA,NA,"Athletics",2000,NA
"1879","Women","Discus Throw F46","Silver","USA",NA,NA,"Athletics",2000,NA
"1880","Women","Discus Throw F46","Bronze","GER",NA,NA,"Athletics",2000,NA
"1881","Women","Discus Throw F51-54","Gold","CZE",NA,NA,"Athletics",2000,NA
"1882","Women","Discus Throw F51-54","Silver","RSA",NA,NA,"Athletics",2000,NA
"1883","Women","Discus Throw F51-54","Bronze","MEX",NA,NA,"Athletics",2000,NA
"1884","Women","Discus Throw F58","Gold","BRA",NA,NA,"Athletics",2000,NA
"1885","Women","Discus Throw F58","Silver","TUN",NA,NA,"Athletics",2000,NA
"1886","Women","Discus Throw F58","Bronze","EGY",NA,NA,"Athletics",2000,NA
"1887","Women","Javelin F20","Gold","EST",NA,NA,"Athletics",2000,NA
"1888","Women","Javelin F20","Silver","AUS",NA,NA,"Athletics",2000,NA
"1889","Women","Javelin F20","Bronze","ESP",NA,NA,"Athletics",2000,NA
"1890","Women","Javelin F37","Gold","RSA",NA,NA,"Athletics",2000,NA
"1891","Women","Javelin F37","Silver","GBR",NA,NA,"Athletics",2000,NA
"1892","Women","Javelin F37","Bronze","ARG",NA,NA,"Athletics",2000,NA
"1893","Women","Javelin F44","Gold","CHN",NA,NA,"Athletics",2000,NA
"1894","Women","Javelin F44","Silver","AUT",NA,NA,"Athletics",2000,NA
"1895","Women","Javelin F44","Bronze","RUS",NA,NA,"Athletics",2000,NA
"1896","Women","Javelin F46","Gold","RUS",NA,NA,"Athletics",2000,NA
"1897","Women","Javelin F46","Silver","CHN",NA,NA,"Athletics",2000,NA
"1898","Women","Javelin F46","Bronze","GER",NA,NA,"Athletics",2000,NA
"1899","Women","Javelin F52-54","Gold","RSA",NA,NA,"Athletics",2000,NA
"1900","Women","Javelin F52-54","Silver","CZE",NA,NA,"Athletics",2000,NA
"1901","Women","Javelin F52-54","Bronze","MEX",NA,NA,"Athletics",2000,NA
"1902","Women","Javelin F58","Gold","NGR",NA,NA,"Athletics",2000,NA
"1903","Women","Javelin F58","Silver","KEN",NA,NA,"Athletics",2000,NA
"1904","Women","Javelin F58","Bronze","EGY",NA,NA,"Athletics",2000,NA
"1905","Women","Pentathlon P13","Gold","RUS",NA,NA,"Athletics",2000,NA
"1906","Women","Pentathlon P13","Silver","CAN",NA,NA,"Athletics",2000,NA
"1907","Women","Pentathlon P13","Bronze","IRL",NA,NA,"Athletics",2000,NA
"1908","Women","100 m T11","Gold","BRA",NA,NA,"Athletics",2004,NA
"1909","Women","100 m T11","Silver","CHN",NA,NA,"Athletics",2004,NA
"1910","Women","100 m T11","Bronze","GRE",NA,NA,"Athletics",2004,NA
"1911","Women","100 m T12","Gold","FRA",NA,NA,"Athletics",2004,NA
"1912","Women","100 m T12","Silver","BLR",NA,NA,"Athletics",2004,NA
"1913","Women","100 m T12","Bronze","BRA",NA,NA,"Athletics",2004,NA
"1914","Women","100 m T13","Gold","RUS",NA,NA,"Athletics",2004,NA
"1915","Women","100 m T13","Silver","GRE",NA,NA,"Athletics",2004,NA
"1916","Women","100 m T13","Bronze","CUB",NA,NA,"Athletics",2004,NA
"1917","Women","100 m T34","Gold","CAN",NA,NA,"Athletics",2004,NA
"1918","Women","100 m T34","Silver","CAN",NA,NA,"Athletics",2004,NA
"1919","Women","100 m T34","Bronze","GBR",NA,NA,"Athletics",2004,NA
"1920","Women","100 m T36","Gold","CHN",NA,NA,"Athletics",2004,NA
"1921","Women","100 m T36","Silver","GBR",NA,NA,"Athletics",2004,NA
"1922","Women","100 m T36","Bronze","JPN",NA,NA,"Athletics",2004,NA
"1923","Women","100 m T37","Gold","UKR",NA,NA,"Athletics",2004,NA
"1924","Women","100 m T37","Silver","GER",NA,NA,"Athletics",2004,NA
"1925","Women","100 m T37","Bronze","AUS",NA,NA,"Athletics",2004,NA
"1926","Women","100 m T46","Gold","AUS",NA,NA,"Athletics",2004,NA
"1927","Women","100 m T46","Silver","POL",NA,NA,"Athletics",2004,NA
"1928","Women","100 m T46","Bronze","RUS",NA,NA,"Athletics",2004,NA
"1929","Women","100 m T53","Gold","GBR",NA,NA,"Athletics",2004,NA
"1930","Women","100 m T53","Silver","ITA",NA,NA,"Athletics",2004,NA
"1931","Women","100 m T53","Bronze","AUS",NA,NA,"Athletics",2004,NA
"1932","Women","100 m T54","Gold","CAN",NA,NA,"Athletics",2004,NA
"1933","Women","100 m T54","Silver","USA",NA,NA,"Athletics",2004,NA
"1934","Women","100 m T54","Bronze","SUI",NA,NA,"Athletics",2004,NA
"1935","Women","200 m T11","Gold","CHN",NA,NA,"Athletics",2004,NA
"1936","Women","200 m T11","Silver","BRA",NA,NA,"Athletics",2004,NA
"1937","Women","200 m T11","Bronze","ESP",NA,NA,"Athletics",2004,NA
"1938","Women","200 m T12","Gold","FRA",NA,NA,"Athletics",2004,NA
"1939","Women","200 m T12","Silver","BLR",NA,NA,"Athletics",2004,NA
"1940","Women","200 m T12","Bronze","BRA",NA,NA,"Athletics",2004,NA
"1941","Women","200 m T34","Gold","CAN",NA,NA,"Athletics",2004,NA
"1942","Women","200 m T34","Silver","GBR",NA,NA,"Athletics",2004,NA
"1943","Women","200 m T34","Bronze","JPN",NA,NA,"Athletics",2004,NA
"1944","Women","200 m T36","Gold","CHN",NA,NA,"Athletics",2004,NA
"1945","Women","200 m T36","Silver","GBR",NA,NA,"Athletics",2004,NA
"1946","Women","200 m T36","Bronze","JPN",NA,NA,"Athletics",2004,NA
"1947","Women","200 m T37","Gold","RUS",NA,NA,"Athletics",2004,NA
"1948","Women","200 m T37","Silver","AUS",NA,NA,"Athletics",2004,NA
"1949","Women","200 m T37","Bronze","GER",NA,NA,"Athletics",2004,NA
"1950","Women","200 m T46","Gold","AUS",NA,NA,"Athletics",2004,NA
"1951","Women","200 m T46","Silver","POL",NA,NA,"Athletics",2004,NA
"1952","Women","200 m T46","Bronze","RUS",NA,NA,"Athletics",2004,NA
"1953","Women","200 m T52","Gold","CAN",NA,NA,"Athletics",2004,NA
"1954","Women","200 m T52","Silver","SUI",NA,NA,"Athletics",2004,NA
"1955","Women","200 m T52","Bronze","MEX",NA,NA,"Athletics",2004,NA
"1956","Women","200 m T54","Gold","CAN",NA,NA,"Athletics",2004,NA
"1957","Women","200 m T54","Silver","SUI",NA,NA,"Athletics",2004,NA
"1958","Women","200 m T54","Bronze","USA",NA,NA,"Athletics",2004,NA
"1959","Women","400 m T12","Gold","FRA",NA,NA,"Athletics",2004,NA
"1960","Women","400 m T12","Silver","BRA",NA,NA,"Athletics",2004,NA
"1961","Women","400 m T12","Bronze","BRA",NA,NA,"Athletics",2004,NA
"1962","Women","400 m T13","Gold","RUS",NA,NA,"Athletics",2004,NA
"1963","Women","400 m T13","Silver","GRE",NA,NA,"Athletics",2004,NA
"1964","Women","400 m T13","Bronze","RSA",NA,NA,"Athletics",2004,NA
"1965","Women","400 m T38","Gold","AUS",NA,NA,"Athletics",2004,NA
"1966","Women","400 m T38","Silver","CHN",NA,NA,"Athletics",2004,NA
"1967","Women","400 m T38","Bronze","UKR",NA,NA,"Athletics",2004,NA
"1968","Women","400 m T46","Gold","BOT",NA,NA,"Athletics",2004,NA
"1969","Women","400 m T46","Silver","POL",NA,NA,"Athletics",2004,NA
"1970","Women","400 m T46","Bronze","POL",NA,NA,"Athletics",2004,NA
"1971","Women","400 m T52","Gold","CAN",NA,NA,"Athletics",2004,NA
"1972","Women","400 m T52","Silver","MEX",NA,NA,"Athletics",2004,NA
"1973","Women","400 m T52","Bronze","MEX",NA,NA,"Athletics",2004,NA
"1974","Women","400 m T53","Gold","GBR",NA,NA,"Athletics",2004,NA
"1975","Women","400 m T53","Silver","SWE",NA,NA,"Athletics",2004,NA
"1976","Women","400 m T53","Bronze","ITA",NA,NA,"Athletics",2004,NA
"1977","Women","400 m T54","Gold","CAN",NA,NA,"Athletics",2004,NA
"1978","Women","400 m T54","Silver","AUS",NA,NA,"Athletics",2004,NA
"1979","Women","400 m T54","Bronze","CAN",NA,NA,"Athletics",2004,NA
"1980","Women","800 m T12","Gold","FRA",NA,NA,"Athletics",2004,NA
"1981","Women","800 m T12","Silver","RUS",NA,NA,"Athletics",2004,NA
"1982","Women","800 m T12","Bronze","RUS",NA,NA,"Athletics",2004,NA
"1983","Women","800 m T53","Gold","USA",NA,NA,"Athletics",2004,NA
"1984","Women","800 m T53","Silver","ITA",NA,NA,"Athletics",2004,NA
"1985","Women","800 m T53","Bronze","SWE",NA,NA,"Athletics",2004,NA
"1986","Women","800 m T54","Gold","CAN",NA,NA,"Athletics",2004,NA
"1987","Women","800 m T54","Silver","AUS",NA,NA,"Athletics",2004,NA
"1988","Women","800 m T54","Bronze","CAN",NA,NA,"Athletics",2004,NA
"1989","Women","1500 m T12","Gold","RUS",NA,NA,"Athletics",2004,NA
"1990","Women","1500 m T12","Silver","KEN",NA,NA,"Athletics",2004,NA
"1991","Women","1500 m T12","Bronze","RUS",NA,NA,"Athletics",2004,NA
"1992","Women","1500 m T54","Gold","CAN",NA,NA,"Athletics",2004,NA
"1993","Women","1500 m T54","Silver","SUI",NA,NA,"Athletics",2004,NA
"1994","Women","1500 m T54","Bronze","CAN",NA,NA,"Athletics",2004,NA
"1995","Women","5000 m T54","Gold","JPN",NA,NA,"Athletics",2004,NA
"1996","Women","5000 m T54","Silver","SUI",NA,NA,"Athletics",2004,NA
"1997","Women","5000 m T54","Bronze","USA",NA,NA,"Athletics",2004,NA
"1998","Women","Marathon T54","Gold","JPN",NA,NA,"Athletics",2004,NA
"1999","Women","Marathon T54","Silver","JPN",NA,NA,"Athletics",2004,NA
"2000","Women","Marathon T54","Bronze","USA",NA,NA,"Athletics",2004,NA
"2001","Women","Long Jump F12","Gold","BLR",NA,NA,"Athletics",2004,NA
"2002","Women","Long Jump F12","Silver","ESP",NA,NA,"Athletics",2004,NA
"2003","Women","Long Jump F12","Bronze","BLR",NA,NA,"Athletics",2004,NA
"2004","Women","Long Jump F13","Gold","CUB",NA,NA,"Athletics",2004,NA
"2005","Women","Long Jump F13","Silver","GRE",NA,NA,"Athletics",2004,NA
"2006","Women","Long Jump F13","Bronze","BLR",NA,NA,"Athletics",2004,NA
"2007","Women","Long Jump F42","Gold","CHN",NA,NA,"Athletics",2004,NA
"2008","Women","Long Jump F42","Silver","GER",NA,NA,"Athletics",2004,NA
"2009","Women","Long Jump F42","Bronze","MEX",NA,NA,"Athletics",2004,NA
"2010","Women","Long Jump F44/46","Gold","AUT",NA,NA,"Athletics",2004,NA
"2011","Women","Long Jump F44/46","Silver","CHN",NA,NA,"Athletics",2004,NA
"2012","Women","Long Jump F44/46","Bronze","USA",NA,NA,"Athletics",2004,NA
"2013","Women","Shot Put F12","Gold","BLR",NA,NA,"Athletics",2004,NA
"2014","Women","Shot Put F12","Silver","CHN",NA,NA,"Athletics",2004,NA
"2015","Women","Shot Put F12","Bronze","AUS",NA,NA,"Athletics",2004,NA
"2016","Women","Shot Put F35/36","Gold","CZE",NA,NA,"Athletics",2004,NA
"2017","Women","Shot Put F35/36","Silver","POL",NA,NA,"Athletics",2004,NA
"2018","Women","Shot Put F35/36","Bronze","UKR",NA,NA,"Athletics",2004,NA
"2019","Women","Shot Put F37/38","Gold","LTU",NA,NA,"Athletics",2004,NA
"2020","Women","Shot Put F37/38","Silver","CZE",NA,NA,"Athletics",2004,NA
"2021","Women","Shot Put F37/38","Bronze","CZE",NA,NA,"Athletics",2004,NA
"2022","Women","Shot Put F40","Gold","TUN",NA,NA,"Athletics",2004,NA
"2023","Women","Shot Put F40","Silver","MAR",NA,NA,"Athletics",2004,NA
"2024","Women","Shot Put F40","Bronze","TUN",NA,NA,"Athletics",2004,NA
"2025","Women","Shot Put F42-46","Gold","CHN",NA,NA,"Athletics",2004,NA
"2026","Women","Shot Put F42-46","Silver","MEX",NA,NA,"Athletics",2004,NA
"2027","Women","Shot Put F42-46","Bronze","CUB",NA,NA,"Athletics",2004,NA
"2028","Women","Shot Put F32-34/52/53","Gold","MEX",NA,NA,"Athletics",2004,NA
"2029","Women","Shot Put F32-34/52/53","Silver","UKR",NA,NA,"Athletics",2004,NA
"2030","Women","Shot Put F32-34/52/53","Bronze","KUW",NA,NA,"Athletics",2004,NA
"2031","Women","Shot Put F54/55","Gold","GER",NA,NA,"Athletics",2004,NA
"2032","Women","Shot Put F54/55","Silver","CZE",NA,NA,"Athletics",2004,NA
"2033","Women","Shot Put F54/55","Bronze","SLO",NA,NA,"Athletics",2004,NA
"2034","Women","Shot Put F56-58","Gold","ALG",NA,NA,"Athletics",2004,NA
"2035","Women","Shot Put F56-58","Silver","CHN",NA,NA,"Athletics",2004,NA
"2036","Women","Shot Put F56-58","Bronze","GER",NA,NA,"Athletics",2004,NA
"2037","Women","Discus Throw F13","Gold","CHN",NA,NA,"Athletics",2004,NA
"2038","Women","Discus Throw F13","Silver","BLR",NA,NA,"Athletics",2004,NA
"2039","Women","Discus Throw F13","Bronze","CAN",NA,NA,"Athletics",2004,NA
"2040","Women","Discus Throw F37","Gold","CHN",NA,NA,"Athletics",2004,NA
"2041","Women","Discus Throw F37","Silver","AUS",NA,NA,"Athletics",2004,NA
"2042","Women","Discus Throw F37","Bronze","TUN",NA,NA,"Athletics",2004,NA
"2043","Women","Discus Throw F35/36/38","Gold","CZE",NA,NA,"Athletics",2004,NA
"2044","Women","Discus Throw F35/36/38","Silver","CHN",NA,NA,"Athletics",2004,NA
"2045","Women","Discus Throw F35/36/38","Bronze","POL",NA,NA,"Athletics",2004,NA
"2046","Women","Discus Throw F40","Gold","TUN",NA,NA,"Athletics",2004,NA
"2047","Women","Discus Throw F40","Silver","TUN",NA,NA,"Athletics",2004,NA
"2048","Women","Discus Throw F40","Bronze","USA",NA,NA,"Athletics",2004,NA
"2049","Women","Discus Throw F42-46","Gold","CHN",NA,NA,"Athletics",2004,NA
"2050","Women","Discus Throw F42-46","Silver","GER",NA,NA,"Athletics",2004,NA
"2051","Women","Discus Throw F42-46","Bronze","CRO",NA,NA,"Athletics",2004,NA
"2052","Women","Discus Throw F32-34/51-53","Gold","CZE",NA,NA,"Athletics",2004,NA
"2053","Women","Discus Throw F32-34/51-53","Silver","JPN",NA,NA,"Athletics",2004,NA
"2054","Women","Discus Throw F32-34/51-53","Bronze","KUW",NA,NA,"Athletics",2004,NA
"2055","Women","Discus Throw F54/55","Gold","CHN",NA,NA,"Athletics",2004,NA
"2056","Women","Discus Throw F54/55","Silver","GER",NA,NA,"Athletics",2004,NA
"2057","Women","Discus Throw F54/55","Bronze","CHN",NA,NA,"Athletics",2004,NA
"2058","Women","Discus Throw F56-58","Gold","BRA",NA,NA,"Athletics",2004,NA
"2059","Women","Discus Throw F56-58","Silver","CHN",NA,NA,"Athletics",2004,NA
"2060","Women","Discus Throw F56-58","Bronze","IRI",NA,NA,"Athletics",2004,NA
"2061","Women","Javelin F35-38","Gold","POL",NA,NA,"Athletics",2004,NA
"2062","Women","Javelin F35-38","Silver","CZE",NA,NA,"Athletics",2004,NA
"2063","Women","Javelin F35-38","Bronze","RSA",NA,NA,"Athletics",2004,NA
"2064","Women","Javelin F40","Gold","TUN",NA,NA,"Athletics",2004,NA
"2065","Women","Javelin F40","Silver","TUN",NA,NA,"Athletics",2004,NA
"2066","Women","Javelin F40","Bronze","USA",NA,NA,"Athletics",2004,NA
"2067","Women","Javelin F42-46","Gold","FIN",NA,NA,"Athletics",2004,NA
"2068","Women","Javelin F42-46","Silver","RUS",NA,NA,"Athletics",2004,NA
"2069","Women","Javelin F42-46","Bronze","GER",NA,NA,"Athletics",2004,NA
"2070","Women","Javelin F33/34/52/53","Gold","MEX",NA,NA,"Athletics",2004,NA
"2071","Women","Javelin F33/34/52/53","Silver","MEX",NA,NA,"Athletics",2004,NA
"2072","Women","Javelin F33/34/52/53","Bronze","FIN",NA,NA,"Athletics",2004,NA
"2073","Women","Javelin F54/55","Gold","RSA",NA,NA,"Athletics",2004,NA
"2074","Women","Javelin F54/55","Silver","SLO",NA,NA,"Athletics",2004,NA
"2075","Women","Javelin F54/55","Bronze","CHN",NA,NA,"Athletics",2004,NA
"2076","Women","Javelin F56-58","Gold","ALG",NA,NA,"Athletics",2004,NA
"2077","Women","Javelin F56-58","Silver","NGR",NA,NA,"Athletics",2004,NA
"2078","Women","Javelin F56-58","Bronze","EGY",NA,NA,"Athletics",2004,NA
"2079","Women","100 m T11","Gold","CHN",NA,NA,"Athletics",2008,NA
"2080","Women","100 m T11","Silver","BRA",NA,NA,"Athletics",2008,NA
"2081","Women","100 m T11","Bronze","BRA",NA,NA,"Athletics",2008,NA
"2082","Women","100 m T12","Gold","UKR",NA,NA,"Athletics",2008,NA
"2083","Women","100 m T12","Silver","GBR",NA,NA,"Athletics",2008,NA
"2084","Women","100 m T12","Bronze","ESP",NA,NA,"Athletics",2008,NA
"2085","Women","100 m T13","Gold","MAR",NA,NA,"Athletics",2008,NA
"2086","Women","100 m T13","Silver","RSA",NA,NA,"Athletics",2008,NA
"2087","Women","100 m T13","Bronze","GRE",NA,NA,"Athletics",2008,NA
"2088","Women","100 m T36","Gold","CHN",NA,NA,"Athletics",2008,NA
"2089","Women","100 m T36","Silver","GER",NA,NA,"Athletics",2008,NA
"2090","Women","100 m T36","Bronze","GBR",NA,NA,"Athletics",2008,NA
"2091","Women","100 m T37","Gold","AUS",NA,NA,"Athletics",2008,NA
"2092","Women","100 m T37","Silver","UKR",NA,NA,"Athletics",2008,NA
"2093","Women","100 m T37","Bronze","GER",NA,NA,"Athletics",2008,NA
"2094","Women","100 m T38","Gold","UKR",NA,NA,"Athletics",2008,NA
"2095","Women","100 m T38","Silver","TUN",NA,NA,"Athletics",2008,NA
"2096","Women","100 m T38","Bronze","RUS",NA,NA,"Athletics",2008,NA
"2097","Women","100 m T42","Gold","MEX",NA,NA,"Athletics",2008,NA
"2098","Women","100 m T42","Silver","NED",NA,NA,"Athletics",2008,NA
"2099","Women","100 m T42","Bronze","AUS",NA,NA,"Athletics",2008,NA
"2100","Women","100 m T44","Gold","USA",NA,NA,"Athletics",2008,NA
"2101","Women","100 m T44","Silver","FRA",NA,NA,"Athletics",2008,NA
"2102","Women","100 m T44","Bronze","CHN",NA,NA,"Athletics",2008,NA
"2103","Women","100 m T46","Gold","CUB",NA,NA,"Athletics",2008,NA
"2104","Women","100 m T46","Silver","RUS",NA,NA,"Athletics",2008,NA
"2105","Women","100 m T46","Bronze","POL",NA,NA,"Athletics",2008,NA
"2106","Women","100 m T52","Gold","CAN",NA,NA,"Athletics",2008,NA
"2107","Women","100 m T52","Silver","JPN",NA,NA,"Athletics",2008,NA
"2108","Women","100 m T52","Bronze","JPN",NA,NA,"Athletics",2008,NA
"2109","Women","100 m T53","Gold","CHN",NA,NA,"Athletics",2008,NA
"2110","Women","100 m T53","Silver","USA",NA,NA,"Athletics",2008,NA
"2111","Women","100 m T53","Bronze","CAN",NA,NA,"Athletics",2008,NA
"2112","Women","100 m T54","Gold","CAN",NA,NA,"Athletics",2008,NA
"2113","Women","100 m T54","Silver","CHN",NA,NA,"Athletics",2008,NA
"2114","Women","100 m T54","Bronze","CHN",NA,NA,"Athletics",2008,NA
"2115","Women","200 m T11","Gold","BRA",NA,NA,"Athletics",2008,NA
"2116","Women","200 m T11","Silver","CHN",NA,NA,"Athletics",2008,NA
"2117","Women","200 m T11","Bronze","BRA",NA,NA,"Athletics",2008,NA
"2118","Women","200 m T12","Gold","FRA",NA,NA,"Athletics",2008,NA
"2119","Women","200 m T12","Silver","UKR",NA,NA,"Athletics",2008,NA
"2120","Women","200 m T12","Bronze","ESP",NA,NA,"Athletics",2008,NA
"2121","Women","200 m T13","Gold","MAR",NA,NA,"Athletics",2008,NA
"2122","Women","200 m T13","Silver","FRA",NA,NA,"Athletics",2008,NA
"2123","Women","200 m T13","Bronze","GRE",NA,NA,"Athletics",2008,NA
"2124","Women","200 m T36","Gold","CHN",NA,NA,"Athletics",2008,NA
"2125","Women","200 m T36","Silver","GER",NA,NA,"Athletics",2008,NA
"2126","Women","200 m T36","Bronze","GBR",NA,NA,"Athletics",2008,NA
"2127","Women","200 m T37","Gold","AUS",NA,NA,"Athletics",2008,NA
"2128","Women","200 m T37","Silver","UKR",NA,NA,"Athletics",2008,NA
"2129","Women","200 m T37","Bronze","GER",NA,NA,"Athletics",2008,NA
"2130","Women","200 m T38","Gold","UKR",NA,NA,"Athletics",2008,NA
"2131","Women","200 m T38","Silver","TUN",NA,NA,"Athletics",2008,NA
"2132","Women","200 m T38","Bronze","RUS",NA,NA,"Athletics",2008,NA
"2133","Women","200 m T44","Gold","GER",NA,NA,"Athletics",2008,NA
"2134","Women","200 m T44","Silver","NZL",NA,NA,"Athletics",2008,NA
"2135","Women","200 m T44","Bronze","CAN",NA,NA,"Athletics",2008,NA
"2136","Women","200 m T46","Gold","CUB",NA,NA,"Athletics",2008,NA
"2137","Women","200 m T46","Silver","POL",NA,NA,"Athletics",2008,NA
"2138","Women","200 m T46","Bronze","AUS",NA,NA,"Athletics",2008,NA
"2139","Women","200 m T52","Gold","CAN",NA,NA,"Athletics",2008,NA
"2140","Women","200 m T52","Silver","JPN",NA,NA,"Athletics",2008,NA
"2141","Women","200 m T52","Bronze","SUI",NA,NA,"Athletics",2008,NA
"2142","Women","200 m T53","Gold","CHN",NA,NA,"Athletics",2008,NA
"2143","Women","200 m T53","Silver","USA",NA,NA,"Athletics",2008,NA
"2144","Women","200 m T53","Bronze","CHN",NA,NA,"Athletics",2008,NA
"2145","Women","200 m T54","Gold","CAN",NA,NA,"Athletics",2008,NA
"2146","Women","200 m T54","Silver","USA",NA,NA,"Athletics",2008,NA
"2147","Women","200 m T54","Bronze","SUI",NA,NA,"Athletics",2008,NA
"2148","Women","400 m T12","Gold","FRA",NA,NA,"Athletics",2008,NA
"2149","Women","400 m T12","Silver","UKR",NA,NA,"Athletics",2008,NA
"2150","Women","400 m T12","Bronze","BRA",NA,NA,"Athletics",2008,NA
"2151","Women","400 m T13","Gold","MAR",NA,NA,"Athletics",2008,NA
"2152","Women","400 m T13","Silver","GRE",NA,NA,"Athletics",2008,NA
"2153","Women","400 m T13","Bronze","FRA",NA,NA,"Athletics",2008,NA
"2154","Women","400 m T53","Gold","USA",NA,NA,"Athletics",2008,NA
"2155","Women","400 m T53","Silver","CHN",NA,NA,"Athletics",2008,NA
"2156","Women","400 m T53","Bronze","USA",NA,NA,"Athletics",2008,NA
"2157","Women","400 m T54","Gold","CAN",NA,NA,"Athletics",2008,NA
"2158","Women","400 m T54","Silver","USA",NA,NA,"Athletics",2008,NA
"2159","Women","400 m T54","Bronze","CAN",NA,NA,"Athletics",2008,NA
"2160","Women","800 m T12/13","Gold","TUN",NA,NA,"Athletics",2008,NA
"2161","Women","800 m T12/13","Silver","FRA",NA,NA,"Athletics",2008,NA
"2162","Women","800 m T12/13","Bronze","RUS",NA,NA,"Athletics",2008,NA
"2163","Women","800 m T53","Gold","CHN",NA,NA,"Athletics",2008,NA
"2164","Women","800 m T53","Silver","USA",NA,NA,"Athletics",2008,NA
"2165","Women","800 m T53","Bronze","USA",NA,NA,"Athletics",2008,NA
"2166","Women","800 m T54","Gold","CAN",NA,NA,"Athletics",2008,NA
"2167","Women","800 m T54","Silver","USA",NA,NA,"Athletics",2008,NA
"2168","Women","800 m T54","Bronze","CAN",NA,NA,"Athletics",2008,NA
"2169","Women","1500 m T13","Gold","TUN",NA,NA,"Athletics",2008,NA
"2170","Women","1500 m T13","Silver","FRA",NA,NA,"Athletics",2008,NA
"2171","Women","1500 m T13","Bronze","RUS",NA,NA,"Athletics",2008,NA
"2172","Women","1500 m T54","Gold","CAN",NA,NA,"Athletics",2008,NA
"2173","Women","1500 m T54","Silver","GBR",NA,NA,"Athletics",2008,NA
"2174","Women","1500 m T54","Bronze","SUI",NA,NA,"Athletics",2008,NA
"2175","Women","5000 m T54","Gold","USA",NA,NA,"Athletics",2008,NA
"2176","Women","5000 m T54","Silver","CAN",NA,NA,"Athletics",2008,NA
"2177","Women","5000 m T54","Bronze","GBR",NA,NA,"Athletics",2008,NA
"2178","Women","Marathon T54","Gold","SUI",NA,NA,"Athletics",2008,NA
"2179","Women","Marathon T54","Silver","USA",NA,NA,"Athletics",2008,NA
"2180","Women","Marathon T54","Bronze","SUI",NA,NA,"Athletics",2008,NA
"2181","Women","Long Jump F12","Gold","UKR",NA,NA,"Athletics",2008,NA
"2182","Women","Long Jump F12","Silver","BLR",NA,NA,"Athletics",2008,NA
"2183","Women","Long Jump F12","Bronze","CHN",NA,NA,"Athletics",2008,NA
"2184","Women","Long Jump F13","Gold","RSA",NA,NA,"Athletics",2008,NA
"2185","Women","Long Jump F13","Silver","GRE",NA,NA,"Athletics",2008,NA
"2186","Women","Long Jump F13","Bronze","UKR",NA,NA,"Athletics",2008,NA
"2187","Women","Long Jump F42","Gold","AUS",NA,NA,"Athletics",2008,NA
"2188","Women","Long Jump F42","Silver","NED",NA,NA,"Athletics",2008,NA
"2189","Women","Long Jump F42","Bronze","POL",NA,NA,"Athletics",2008,NA
"2190","Women","Long Jump F44","Gold","AUT",NA,NA,"Athletics",2008,NA
"2191","Women","Long Jump F44","Silver","FRA",NA,NA,"Athletics",2008,NA
"2192","Women","Long Jump F44","Bronze","GER",NA,NA,"Athletics",2008,NA
"2193","Women","Shot Put F12/13","Gold","CHN",NA,NA,"Athletics",2008,NA
"2194","Women","Shot Put F12/13","Silver","BLR",NA,NA,"Athletics",2008,NA
"2195","Women","Shot Put F12/13","Bronze","AUS",NA,NA,"Athletics",2008,NA
"2196","Women","Shot Put F35/36","Gold","UKR",NA,NA,"Athletics",2008,NA
"2197","Women","Shot Put F35/36","Silver","CHN",NA,NA,"Athletics",2008,NA
"2198","Women","Shot Put F35/36","Bronze","POL",NA,NA,"Athletics",2008,NA
"2199","Women","Shot Put F37/38","Gold","CHN",NA,NA,"Athletics",2008,NA
"2200","Women","Shot Put F37/38","Silver","LTU",NA,NA,"Athletics",2008,NA
"2201","Women","Shot Put F37/38","Bronze","CZE",NA,NA,"Athletics",2008,NA
"2202","Women","Shot Put F40","Gold","TUN",NA,NA,"Athletics",2008,NA
"2203","Women","Shot Put F40","Silver","CHN",NA,NA,"Athletics",2008,NA
"2204","Women","Shot Put F40","Bronze","MAR",NA,NA,"Athletics",2008,NA
"2205","Women","Shot Put F42-46","Gold","CHN",NA,NA,"Athletics",2008,NA
"2206","Women","Shot Put F42-46","Silver","CHN",NA,NA,"Athletics",2008,NA
"2207","Women","Shot Put F42-46","Bronze","GER",NA,NA,"Athletics",2008,NA
"2208","Women","Shot Put F32-34/52/53","Gold","CRO",NA,NA,"Athletics",2008,NA
"2209","Women","Shot Put F32-34/52/53","Silver","GER",NA,NA,"Athletics",2008,NA
"2210","Women","Shot Put F32-34/52/53","Bronze","GRE",NA,NA,"Athletics",2008,NA
"2211","Women","Shot Put F54-56","Gold","CZE",NA,NA,"Athletics",2008,NA
"2212","Women","Shot Put F54-56","Silver","GER",NA,NA,"Athletics",2008,NA
"2213","Women","Shot Put F54-56","Bronze","GER",NA,NA,"Athletics",2008,NA
"2214","Women","Shot Put F57/58","Gold","NGR",NA,NA,"Athletics",2008,NA
"2215","Women","Shot Put F57/58","Silver","MEX",NA,NA,"Athletics",2008,NA
"2216","Women","Shot Put F57/58","Bronze","ALG",NA,NA,"Athletics",2008,NA
"2217","Women","Discus Throw F12/13","Gold","BLR",NA,NA,"Athletics",2008,NA
"2218","Women","Discus Throw F12/13","Silver","CHN",NA,NA,"Athletics",2008,NA
"2219","Women","Discus Throw F12/13","Bronze","ARG",NA,NA,"Athletics",2008,NA
"2220","Women","Discus Throw F35/36","Gold","CHN",NA,NA,"Athletics",2008,NA
"2221","Women","Discus Throw F35/36","Silver","AUS",NA,NA,"Athletics",2008,NA
"2222","Women","Discus Throw F35/36","Bronze","UKR",NA,NA,"Athletics",2008,NA
"2223","Women","Discus Throw F37/38","Gold","CHN",NA,NA,"Athletics",2008,NA
"2224","Women","Discus Throw F37/38","Silver","AUS",NA,NA,"Athletics",2008,NA
"2225","Women","Discus Throw F37/38","Bronze","CHN",NA,NA,"Athletics",2008,NA
"2226","Women","Discus Throw F40","Gold","CHN",NA,NA,"Athletics",2008,NA
"2227","Women","Discus Throw F40","Silver","TUN",NA,NA,"Athletics",2008,NA
"2228","Women","Discus Throw F40","Bronze","MAR",NA,NA,"Athletics",2008,NA
"2229","Women","Discus Throw F42-46","Gold","CHN",NA,NA,"Athletics",2008,NA
"2230","Women","Discus Throw F42-46","Silver","CHN",NA,NA,"Athletics",2008,NA
"2231","Women","Discus Throw F42-46","Bronze","CHN",NA,NA,"Athletics",2008,NA
"2232","Women","Discus Throw F32-34/51-53","Gold","UKR",NA,NA,"Athletics",2008,NA
"2233","Women","Discus Throw F32-34/51-53","Silver","GER",NA,NA,"Athletics",2008,NA
"2234","Women","Discus Throw F32-34/51-53","Bronze","TUN",NA,NA,"Athletics",2008,NA
"2235","Women","Discus Throw F54-56","Gold","GER",NA,NA,"Athletics",2008,NA
"2236","Women","Discus Throw F54-56","Silver","CHN",NA,NA,"Athletics",2008,NA
"2237","Women","Discus Throw F54-56","Bronze","CZE",NA,NA,"Athletics",2008,NA
"2238","Women","Discus Throw F57/58","Gold","NGR",NA,NA,"Athletics",2008,NA
"2239","Women","Discus Throw F57/58","Silver","BUL",NA,NA,"Athletics",2008,NA
"2240","Women","Discus Throw F57/58","Bronze","ALG",NA,NA,"Athletics",2008,NA
"2241","Women","Javelin F35-38","Gold","CHN",NA,NA,"Athletics",2008,NA
"2242","Women","Javelin F35-38","Silver","BRA",NA,NA,"Athletics",2008,NA
"2243","Women","Javelin F35-38","Bronze","POL",NA,NA,"Athletics",2008,NA
"2244","Women","Javelin F42-46","Gold","CHN",NA,NA,"Athletics",2008,NA
"2245","Women","Javelin F42-46","Silver","GER",NA,NA,"Athletics",2008,NA
"2246","Women","Javelin F42-46","Bronze","AUS",NA,NA,"Athletics",2008,NA
"2247","Women","Javelin F33/34/52/53","Gold","CRO",NA,NA,"Athletics",2008,NA
"2248","Women","Javelin F33/34/52/53","Silver","ALG",NA,NA,"Athletics",2008,NA
"2249","Women","Javelin F33/34/52/53","Bronze","GER",NA,NA,"Athletics",2008,NA
"2250","Women","Javelin F54-56","Gold","GER",NA,NA,"Athletics",2008,NA
"2251","Women","Javelin F54-56","Silver","TUN",NA,NA,"Athletics",2008,NA
"2252","Women","Javelin F54-56","Bronze","BUL",NA,NA,"Athletics",2008,NA
"2253","Women","Javelin F57/58","Gold","CHN",NA,NA,"Athletics",2008,NA
"2254","Women","Javelin F57/58","Silver","KEN",NA,NA,"Athletics",2008,NA
"2255","Women","Javelin F57/58","Bronze","MEX",NA,NA,"Athletics",2008,NA
"2256","Women","4x100 m T53/54","Gold","CHN","China",5,"Athletics",2008,NA
"2257","Women","4x100 m T53/54","Gold","CHN","China",6,"Athletics",2008,NA
"2258","Women","4x100 m T53/54","Gold","CHN","China",7,"Athletics",2008,NA
"2259","Women","4x100 m T53/54","Gold","CHN","China",8,"Athletics",2008,NA
"2260","Women","4x100 m T53/54","Silver","AUS","Australia",2,"Athletics",2008,NA
"2261","Women","4x100 m T53/54","Silver","AUS","Australia",3,"Athletics",2008,NA
"2262","Women","4x100 m T53/54","Silver","AUS","Australia",4,"Athletics",2008,NA
"2263","Women","4x100 m T53/54","Bronze","USA","United States of America",2,"Athletics",2008,NA
"2264","Women","4x100 m T53/54","Bronze","USA","United States of America",3,"Athletics",2008,NA
"2265","Women","4x100 m T53/54","Bronze","USA","United States of America",4,"Athletics",2008,NA
"2266","Women","100 m T11","Gold","BRA",NA,NA,"Athletics",2012,NA
"2267","Women","100 m T11","Silver","BRA",NA,NA,"Athletics",2012,NA
"2268","Women","100 m T11","Bronze","BRA",NA,NA,"Athletics",2012,NA
"2269","Women","100 m T12","Gold","CHN",NA,NA,"Athletics",2012,NA
"2270","Women","100 m T12","Silver","GBR",NA,NA,"Athletics",2012,NA
"2271","Women","100 m T12","Bronze","UKR",NA,NA,"Athletics",2012,NA
"2272","Women","100 m T13","Gold","CUB",NA,NA,"Athletics",2012,NA
"2273","Women","100 m T13","Silver","RSA",NA,NA,"Athletics",2012,NA
"2274","Women","100 m T13","Bronze","FRA",NA,NA,"Athletics",2012,NA
"2275","Women","100 m T34","Gold","GBR",NA,NA,"Athletics",2012,NA
"2276","Women","100 m T34","Silver","NED",NA,NA,"Athletics",2012,NA
"2277","Women","100 m T34","Bronze","AUS",NA,NA,"Athletics",2012,NA
"2278","Women","100 m T35","Gold","CHN",NA,NA,"Athletics",2012,NA
"2279","Women","100 m T35","Silver","ITA",NA,NA,"Athletics",2012,NA
"2280","Women","100 m T35","Bronze","CAN",NA,NA,"Athletics",2012,NA
"2281","Women","100 m T36","Gold","RUS",NA,NA,"Athletics",2012,NA
"2282","Women","100 m T36","Silver","KOR",NA,NA,"Athletics",2012,NA
"2283","Women","100 m T36","Bronze","GER",NA,NA,"Athletics",2012,NA
"2284","Women","100 m T37","Gold","FRA",NA,NA,"Athletics",2012,NA
"2285","Women","100 m T37","Silver","NAM",NA,NA,"Athletics",2012,NA
"2286","Women","100 m T37","Bronze","TUN",NA,NA,"Athletics",2012,NA
"2287","Women","100 m T38","Gold","RUS",NA,NA,"Athletics",2012,NA
"2288","Women","100 m T38","Silver","CHN",NA,NA,"Athletics",2012,NA
"2289","Women","100 m T38","Bronze","UKR",NA,NA,"Athletics",2012,NA
"2290","Women","100 m T42","Gold","ITA",NA,NA,"Athletics",2012,NA
"2291","Women","100 m T42","Silver","AUS",NA,NA,"Athletics",2012,NA
"2292","Women","100 m T42","Bronze","GER",NA,NA,"Athletics",2012,NA
"2293","Women","100 m T44","Gold","FRA",NA,NA,"Athletics",2012,NA
"2294","Women","100 m T44","Silver","NED",NA,NA,"Athletics",2012,NA
"2295","Women","100 m T44","Bronze","USA",NA,NA,"Athletics",2012,NA
"2296","Women","100 m T46","Gold","CUB",NA,NA,"Athletics",2012,NA
"2297","Women","100 m T46","Silver","RUS",NA,NA,"Athletics",2012,NA
"2298","Women","100 m T46","Bronze","CHN",NA,NA,"Athletics",2012,NA
"2299","Women","100 m T52","Gold","BEL",NA,NA,"Athletics",2012,NA
"2300","Women","100 m T52","Silver","CAN",NA,NA,"Athletics",2012,NA
"2301","Women","100 m T52","Bronze","USA",NA,NA,"Athletics",2012,NA
"2302","Women","100 m T53","Gold","CHN",NA,NA,"Athletics",2012,NA
"2303","Women","100 m T53","Silver","CHN",NA,NA,"Athletics",2012,NA
"2304","Women","100 m T53","Bronze","AUS",NA,NA,"Athletics",2012,NA
"2305","Women","100 m T54","Gold","CHN",NA,NA,"Athletics",2012,NA
"2306","Women","100 m T54","Silver","CHN",NA,NA,"Athletics",2012,NA
"2307","Women","100 m T54","Bronze","USA",NA,NA,"Athletics",2012,NA
"2308","Women","200 m T11","Gold","BRA",NA,NA,"Athletics",2012,NA
"2309","Women","200 m T11","Silver","BRA",NA,NA,"Athletics",2012,NA
"2310","Women","200 m T11","Bronze","CHN",NA,NA,"Athletics",2012,NA
"2311","Women","200 m T12","Gold","FRA",NA,NA,"Athletics",2012,NA
"2312","Women","200 m T12","Silver","CHN",NA,NA,"Athletics",2012,NA
"2313","Women","200 m T12","Bronze","CHN",NA,NA,"Athletics",2012,NA
"2314","Women","200 m T34","Gold","GBR",NA,NA,"Athletics",2012,NA
"2315","Women","200 m T34","Silver","NED",NA,NA,"Athletics",2012,NA
"2316","Women","200 m T34","Bronze","NED",NA,NA,"Athletics",2012,NA
"2317","Women","200 m T35","Gold","CHN",NA,NA,"Athletics",2012,NA
"2318","Women","200 m T35","Silver","ITA",NA,NA,"Athletics",2012,NA
"2319","Women","200 m T35","Bronze","CAN",NA,NA,"Athletics",2012,NA
"2320","Women","200 m T36","Gold","RUS",NA,NA,"Athletics",2012,NA
"2321","Women","200 m T36","Silver","KOR",NA,NA,"Athletics",2012,NA
"2322","Women","200 m T36","Bronze","GER",NA,NA,"Athletics",2012,NA
"2323","Women","200 m T37","Gold","NAM",NA,NA,"Athletics",2012,NA
"2324","Women","200 m T37","Silver","GBR",NA,NA,"Athletics",2012,NA
"2325","Women","200 m T37","Bronze","GER",NA,NA,"Athletics",2012,NA
"2326","Women","200 m T38","Gold","CHN",NA,NA,"Athletics",2012,NA
"2327","Women","200 m T38","Silver","RUS",NA,NA,"Athletics",2012,NA
"2328","Women","200 m T38","Bronze","UKR",NA,NA,"Athletics",2012,NA
"2329","Women","200 m T44","Gold","NED",NA,NA,"Athletics",2012,NA
"2330","Women","200 m T44","Silver","FRA",NA,NA,"Athletics",2012,NA
"2331","Women","200 m T44","Bronze","GER",NA,NA,"Athletics",2012,NA
"2332","Women","200 m T46","Gold","CUB",NA,NA,"Athletics",2012,NA
"2333","Women","200 m T46","Silver","POL",NA,NA,"Athletics",2012,NA
"2334","Women","200 m T46","Bronze","RSA",NA,NA,"Athletics",2012,NA
"2335","Women","200 m T52","Gold","CAN",NA,NA,"Athletics",2012,NA
"2336","Women","200 m T52","Silver","BEL",NA,NA,"Athletics",2012,NA
"2337","Women","200 m T52","Bronze","USA",NA,NA,"Athletics",2012,NA
"2338","Women","200 m T53","Gold","CHN",NA,NA,"Athletics",2012,NA
"2339","Women","200 m T53","Silver","AUS",NA,NA,"Athletics",2012,NA
"2340","Women","200 m T53","Bronze","CHN",NA,NA,"Athletics",2012,NA
"2341","Women","400 m T12","Gold","FRA",NA,NA,"Athletics",2012,NA
"2342","Women","400 m T12","Silver","UKR",NA,NA,"Athletics",2012,NA
"2343","Women","400 m T12","Bronze","MEX",NA,NA,"Athletics",2012,NA
"2344","Women","400 m T13","Gold","CUB",NA,NA,"Athletics",2012,NA
"2345","Women","400 m T13","Silver","TUN",NA,NA,"Athletics",2012,NA
"2346","Women","400 m T13","Bronze","GRE",NA,NA,"Athletics",2012,NA
"2347","Women","400 m T37","Gold","TUN",NA,NA,"Athletics",2012,NA
"2348","Women","400 m T37","Silver","UKR",NA,NA,"Athletics",2012,NA
"2349","Women","400 m T37","Bronze","RUS",NA,NA,"Athletics",2012,NA
"2350","Women","400 m T46","Gold","CUB",NA,NA,"Athletics",2012,NA
"2351","Women","400 m T46","Silver","RSA",NA,NA,"Athletics",2012,NA
"2352","Women","400 m T46","Bronze","POL",NA,NA,"Athletics",2012,NA
"2353","Women","400 m T53","Gold","CHN",NA,NA,"Athletics",2012,NA
"2354","Women","400 m T53","Silver","AUS",NA,NA,"Athletics",2012,NA
"2355","Women","400 m T53","Bronze","CHN",NA,NA,"Athletics",2012,NA
"2356","Women","400 m T54","Gold","USA",NA,NA,"Athletics",2012,NA
"2357","Women","400 m T54","Silver","CHN",NA,NA,"Athletics",2012,NA
"2358","Women","400 m T54","Bronze","SUI",NA,NA,"Athletics",2012,NA
"2359","Women","800 m T53","Gold","CHN",NA,NA,"Athletics",2012,NA
"2360","Women","800 m T53","Silver","CHN",NA,NA,"Athletics",2012,NA
"2361","Women","800 m T53","Bronze","USA",NA,NA,"Athletics",2012,NA
"2362","Women","800 m T54","Gold","USA",NA,NA,"Athletics",2012,NA
"2363","Women","800 m T54","Silver","SUI",NA,NA,"Athletics",2012,NA
"2364","Women","800 m T54","Bronze","CHN",NA,NA,"Athletics",2012,NA
"2365","Women","1500 m T12","Gold","RUS",NA,NA,"Athletics",2012,NA
"2366","Women","1500 m T12","Silver","ESP",NA,NA,"Athletics",2012,NA
"2367","Women","1500 m T12","Bronze","ITA",NA,NA,"Athletics",2012,NA
"2368","Women","1500 m T20","Gold","POL",NA,NA,"Athletics",2012,NA
"2369","Women","1500 m T20","Silver","POL",NA,NA,"Athletics",2012,NA
"2370","Women","1500 m T20","Bronze","HUN",NA,NA,"Athletics",2012,NA
"2371","Women","1500 m T54","Gold","USA",NA,NA,"Athletics",2012,NA
"2372","Women","1500 m T54","Silver","SUI",NA,NA,"Athletics",2012,NA
"2373","Women","1500 m T54","Bronze","USA",NA,NA,"Athletics",2012,NA
"2374","Women","5000 m T54","Gold","SUI",NA,NA,"Athletics",2012,NA
"2375","Women","5000 m T54","Silver","USA",NA,NA,"Athletics",2012,NA
"2376","Women","5000 m T54","Bronze","AUS",NA,NA,"Athletics",2012,NA
"2377","Women","Marathon T54","Gold","USA",NA,NA,"Athletics",2012,NA
"2378","Women","Marathon T54","Silver","GBR",NA,NA,"Athletics",2012,NA
"2379","Women","Marathon T54","Bronze","SUI",NA,NA,"Athletics",2012,NA
"2380","Women","Long Jump F11/12","Gold","UKR",NA,NA,"Athletics",2012,NA
"2381","Women","Long Jump F11/12","Silver","CHN",NA,NA,"Athletics",2012,NA
"2382","Women","Long Jump F11/12","Bronze","BLR",NA,NA,"Athletics",2012,NA
"2383","Women","Long Jump F13","Gold","RSA",NA,NA,"Athletics",2012,NA
"2384","Women","Long Jump F13","Silver","ALG",NA,NA,"Athletics",2012,NA
"2385","Women","Long Jump F13","Bronze","GRE",NA,NA,"Athletics",2012,NA
"2386","Women","Long Jump F20","Gold","POL",NA,NA,"Athletics",2012,NA
"2387","Women","Long Jump F20","Silver","RUS",NA,NA,"Athletics",2012,NA
"2388","Women","Long Jump F20","Bronze","CRO",NA,NA,"Athletics",2012,NA
"2389","Women","Long Jump F37/38","Gold","RUS",NA,NA,"Athletics",2012,NA
"2390","Women","Long Jump F37/38","Silver","UKR",NA,NA,"Athletics",2012,NA
"2391","Women","Long Jump F37/38","Bronze","CHN",NA,NA,"Athletics",2012,NA
"2392","Women","Long Jump F42/44","Gold","AUS",NA,NA,"Athletics",2012,NA
"2393","Women","Long Jump F42/44","Silver","GBR",NA,NA,"Athletics",2012,NA
"2394","Women","Long Jump F42/44","Bronze","FRA",NA,NA,"Athletics",2012,NA
"2395","Women","Long Jump F46","Gold","RUS",NA,NA,"Athletics",2012,NA
"2396","Women","Long Jump F46","Silver","AUS",NA,NA,"Athletics",2012,NA
"2397","Women","Long Jump F46","Bronze","CHN",NA,NA,"Athletics",2012,NA
"2398","Women","Shot Put F11/12","Gold","ITA",NA,NA,"Athletics",2012,NA
"2399","Women","Shot Put F11/12","Silver","CHN",NA,NA,"Athletics",2012,NA
"2400","Women","Shot Put F11/12","Bronze","CHN",NA,NA,"Athletics",2012,NA
"2401","Women","Shot Put F20","Gold","POL",NA,NA,"Athletics",2012,NA
"2402","Women","Shot Put F20","Silver","UKR",NA,NA,"Athletics",2012,NA
"2403","Women","Shot Put F20","Bronze","UKR",NA,NA,"Athletics",2012,NA
"2404","Women","Shot Put F32-34","Gold","GER",NA,NA,"Athletics",2012,NA
"2405","Women","Shot Put F32-34","Silver","AUS",NA,NA,"Athletics",2012,NA
"2406","Women","Shot Put F32-34","Bronze","TUN",NA,NA,"Athletics",2012,NA
"2407","Women","Shot Put F35/36","Gold","UKR",NA,NA,"Athletics",2012,NA
"2408","Women","Shot Put F35/36","Silver","CHN",NA,NA,"Athletics",2012,NA
"2409","Women","Shot Put F35/36","Bronze","CHN",NA,NA,"Athletics",2012,NA
"2410","Women","Shot Put F37","Gold","CHN",NA,NA,"Athletics",2012,NA
"2411","Women","Shot Put F37","Silver","CHN",NA,NA,"Athletics",2012,NA
"2412","Women","Shot Put F37","Bronze","CZE",NA,NA,"Athletics",2012,NA
"2413","Women","Shot Put F40","Gold","TUN",NA,NA,"Athletics",2012,NA
"2414","Women","Shot Put F40","Silver","CHN",NA,NA,"Athletics",2012,NA
"2415","Women","Shot Put F40","Bronze","MAR",NA,NA,"Athletics",2012,NA
"2416","Women","Shot Put F42/44","Gold","CHN",NA,NA,"Athletics",2012,NA
"2417","Women","Shot Put F42/44","Silver","CHN",NA,NA,"Athletics",2012,NA
"2418","Women","Shot Put F42/44","Bronze","GER",NA,NA,"Athletics",2012,NA
"2419","Women","Shot Put F54-56","Gold","CHN",NA,NA,"Athletics",2012,NA
"2420","Women","Shot Put F54-56","Silver","GER",NA,NA,"Athletics",2012,NA
"2421","Women","Shot Put F54-56","Bronze","USA",NA,NA,"Athletics",2012,NA
"2422","Women","Shot Put F57/58","Gold","MEX",NA,NA,"Athletics",2012,NA
"2423","Women","Shot Put F57/58","Silver","BUL",NA,NA,"Athletics",2012,NA
"2424","Women","Shot Put F57/58","Bronze","NGR",NA,NA,"Athletics",2012,NA
"2425","Women","Discus Throw F11/12","Gold","CHN",NA,NA,"Athletics",2012,NA
"2426","Women","Discus Throw F11/12","Silver","CHN",NA,NA,"Athletics",2012,NA
"2427","Women","Discus Throw F11/12","Bronze","GBR",NA,NA,"Athletics",2012,NA
"2428","Women","Discus Throw F35/36","Gold","CHN",NA,NA,"Athletics",2012,NA
"2429","Women","Discus Throw F35/36","Silver","UKR",NA,NA,"Athletics",2012,NA
"2430","Women","Discus Throw F35/36","Bronze","AUS",NA,NA,"Athletics",2012,NA
"2431","Women","Discus Throw F37","Gold","CHN",NA,NA,"Athletics",2012,NA
"2432","Women","Discus Throw F37","Silver","CHN",NA,NA,"Athletics",2012,NA
"2433","Women","Discus Throw F37","Bronze","GBR",NA,NA,"Athletics",2012,NA
"2434","Women","Discus Throw F40","Gold","MAR",NA,NA,"Athletics",2012,NA
"2435","Women","Discus Throw F40","Silver","TUN",NA,NA,"Athletics",2012,NA
"2436","Women","Discus Throw F40","Bronze","CHN",NA,NA,"Athletics",2012,NA
"2437","Women","Discus Throw F51-53","Gold","GBR",NA,NA,"Athletics",2012,NA
"2438","Women","Discus Throw F51-53","Silver","IRL",NA,NA,"Athletics",2012,NA
"2439","Women","Discus Throw F51-53","Bronze","USA",NA,NA,"Athletics",2012,NA
"2440","Women","Discus Throw F57/58","Gold","ALG",NA,NA,"Athletics",2012,NA
"2441","Women","Discus Throw F57/58","Silver","BUL",NA,NA,"Athletics",2012,NA
"2442","Women","Discus Throw F57/58","Bronze","IRL",NA,NA,"Athletics",2012,NA
"2443","Women","Javelin F12/13","Gold","SRB",NA,NA,"Athletics",2012,NA
"2444","Women","Javelin F12/13","Silver","RUS",NA,NA,"Athletics",2012,NA
"2445","Women","Javelin F12/13","Bronze","AUT",NA,NA,"Athletics",2012,NA
"2446","Women","Javelin F37/38","Gold","BRA",NA,NA,"Athletics",2012,NA
"2447","Women","Javelin F37/38","Silver","CHN",NA,NA,"Athletics",2012,NA
"2448","Women","Javelin F37/38","Bronze","AUS",NA,NA,"Athletics",2012,NA
"2449","Women","Javelin F46","Gold","POL",NA,NA,"Athletics",2012,NA
"2450","Women","Javelin F46","Silver","RUS",NA,NA,"Athletics",2012,NA
"2451","Women","Javelin F46","Bronze","AUS",NA,NA,"Athletics",2012,NA
"2452","Women","Javelin F52/53/33/34","Gold","GER",NA,NA,"Athletics",2012,NA
"2453","Women","Javelin F52/53/33/34","Silver","GER",NA,NA,"Athletics",2012,NA
"2454","Women","Javelin F52/53/33/34","Bronze","FIN",NA,NA,"Athletics",2012,NA
"2455","Women","Javelin F54-56","Gold","CHN",NA,NA,"Athletics",2012,NA
"2456","Women","Javelin F54-56","Silver","TUN",NA,NA,"Athletics",2012,NA
"2457","Women","Javelin F54-56","Bronze","GER",NA,NA,"Athletics",2012,NA
"2458","Women","Javelin F57/58","Gold","CHN",NA,NA,"Athletics",2012,NA
"2459","Women","Javelin F57/58","Silver","ALG",NA,NA,"Athletics",2012,NA
"2460","Women","Javelin F57/58","Bronze","RUS",NA,NA,"Athletics",2012,NA
"2461","Women","Club Throw F31/32/51","Gold","TUN",NA,NA,"Athletics",2012,NA
"2462","Women","Club Throw F31/32/51","Silver","ALG",NA,NA,"Athletics",2012,NA
"2463","Women","Club Throw F31/32/51","Bronze","GBR",NA,NA,"Athletics",2012,NA
"2464","Women","4x100 m T35-38","Gold","RUS","Russia",2,"Athletics",2012,NA
"2465","Women","4x100 m T35-38","Gold","RUS","Russia",3,"Athletics",2012,NA
"2466","Women","4x100 m T35-38","Gold","RUS","Russia",4,"Athletics",2012,NA
"2467","Women","4x100 m T35-38","Silver","CHN","China",2,"Athletics",2012,NA
"2468","Women","4x100 m T35-38","Silver","CHN","China",3,"Athletics",2012,NA
"2469","Women","4x100 m T35-38","Silver","CHN","China",4,"Athletics",2012,NA
"2470","Women","4x100 m T35-38","Bronze","GBR","Great Britain",2,"Athletics",2012,NA
"2471","Women","4x100 m T35-38","Bronze","GBR","Great Britain",3,"Athletics",2012,NA
"2472","Women","4x100 m T35-38","Bronze","GBR","Great Britain",4,"Athletics",2012,NA
"2473","Women","100 m T11","Gold","GBR",NA,NA,"Athletics",2016,"CLARKE Chris"
"2474","Women","100 m T11","Silver","CHN",NA,NA,"Athletics",2016,"JIA Dengpu"
"2475","Women","100 m T11","Bronze","CHN",NA,NA,"Athletics",2016,"XU Donglin"
"2476","Women","100 m T12","Gold","CUB",NA,NA,"Athletics",2016,"KINDELAN Yuniol"
"2477","Women","100 m T12","Silver","AZE",NA,NA,"Athletics",2016,"IBRAHIMOV Hakim"
"2478","Women","100 m T12","Bronze","GER",NA,NA,"Athletics",2016,"FRICKE Sebastian"
"2479","Women","100 m T13","Gold","UKR",NA,NA,"Athletics",2016,NA
"2480","Women","100 m T13","Silver","RSA",NA,NA,"Athletics",2016,NA
"2481","Women","100 m T13","Bronze","USA",NA,NA,"Athletics",2016,NA
"2482","Women","100 m T34","Gold","GBR",NA,NA,"Athletics",2016,NA
"2483","Women","100 m T34","Silver","GBR",NA,NA,"Athletics",2016,NA
"2484","Women","100 m T34","Bronze","USA",NA,NA,"Athletics",2016,NA
"2485","Women","100 m T35","Gold","CHN",NA,NA,"Athletics",2016,NA
"2486","Women","100 m T35","Silver","AUS",NA,NA,"Athletics",2016,NA
"2487","Women","100 m T35","Bronze","GBR",NA,NA,"Athletics",2016,NA
"2488","Women","100 m T36","Gold","ARG",NA,NA,"Athletics",2016,NA
"2489","Women","100 m T36","Silver","GER",NA,NA,"Athletics",2016,NA
"2490","Women","100 m T36","Bronze","COL",NA,NA,"Athletics",2016,NA
"2491","Women","100 m T37","Gold","GBR",NA,NA,"Athletics",2016,NA
"2492","Women","100 m T37","Silver","FRA",NA,NA,"Athletics",2016,NA
"2493","Women","100 m T37","Bronze","VEN",NA,NA,"Athletics",2016,NA
"2494","Women","100 m T38","Gold","GBR",NA,NA,"Athletics",2016,NA
"2495","Women","100 m T38","Silver","BRA",NA,NA,"Athletics",2016,NA
"2496","Women","100 m T38","Bronze","GBR",NA,NA,"Athletics",2016,NA
"2497","Women","100 m T42","Gold","ITA",NA,NA,"Athletics",2016,NA
"2498","Women","100 m T42","Silver","GER",NA,NA,"Athletics",2016,NA
"2499","Women","100 m T42","Bronze","ITA",NA,NA,"Athletics",2016,NA
"2500","Women","100 m T44","Gold","NED",NA,NA,"Athletics",2016,NA
"2501","Women","100 m T44","Silver","GER",NA,NA,"Athletics",2016,NA
"2502","Women","100 m T44","Bronze","TTO",NA,NA,"Athletics",2016,NA
"2503","Women","100 m T47","Gold","USA",NA,NA,"Athletics",2016,NA
"2504","Women","100 m T47","Silver","POL",NA,NA,"Athletics",2016,NA
"2505","Women","100 m T47","Bronze","BRA",NA,NA,"Athletics",2016,NA
"2506","Women","100 m T52","Gold","CAN",NA,NA,"Athletics",2016,NA
"2507","Women","100 m T52","Silver","USA",NA,NA,"Athletics",2016,NA
"2508","Women","100 m T52","Bronze","BEL",NA,NA,"Athletics",2016,NA
"2509","Women","100 m T53","Gold","CHN",NA,NA,"Athletics",2016,NA
"2510","Women","100 m T53","Silver","CHN",NA,NA,"Athletics",2016,NA
"2511","Women","100 m T53","Bronze","AUS",NA,NA,"Athletics",2016,NA
"2512","Women","100 m T54","Gold","CHN",NA,NA,"Athletics",2016,NA
"2513","Women","100 m T54","Silver","USA",NA,NA,"Athletics",2016,NA
"2514","Women","100 m T54","Bronze","CHN",NA,NA,"Athletics",2016,NA
"2515","Women","200 m T11","Gold","GBR",NA,NA,"Athletics",2016,"CLARKE Chris"
"2516","Women","200 m T11","Silver","CHN",NA,NA,"Athletics",2016,"XU Donglin"
"2517","Women","200 m T11","Bronze","CHN",NA,NA,"Athletics",2016,"JIA Dengpu"
"2518","Women","200 m T12","Gold","CUB",NA,NA,"Athletics",2016,"KINDELAN Yuniol"
"2519","Women","200 m T12","Silver","UKR",NA,NA,"Athletics",2016,"BURAKOV Volodymyr"
"2520","Women","200 m T12","Bronze","AZE",NA,NA,"Athletics",2016,"IBRAHIMOV Hakim"
"2521","Women","200 m T35","Gold","CHN",NA,NA,"Athletics",2016,NA
"2522","Women","200 m T35","Silver","AUS",NA,NA,"Athletics",2016,NA
"2523","Women","200 m T35","Bronze","GBR",NA,NA,"Athletics",2016,NA
"2524","Women","200 m T36","Gold","CHN",NA,NA,"Athletics",2016,NA
"2525","Women","200 m T36","Silver","KOR",NA,NA,"Athletics",2016,NA
"2526","Women","200 m T36","Bronze","GER",NA,NA,"Athletics",2016,NA
"2527","Women","200 m T44","Gold","NED",NA,NA,"Athletics",2016,NA
"2528","Women","200 m T44","Silver","GER",NA,NA,"Athletics",2016,NA
"2529","Women","200 m T44","Bronze","FRA",NA,NA,"Athletics",2016,NA
"2530","Women","200 m T47","Gold","USA",NA,NA,"Athletics",2016,NA
"2531","Women","200 m T47","Silver","POL",NA,NA,"Athletics",2016,NA
"2532","Women","200 m T47","Bronze","CHN",NA,NA,"Athletics",2016,NA
"2533","Women","400 m T11","Gold","CHN",NA,NA,"Athletics",2016,"XU Donglin"
"2534","Women","400 m T11","Silver","VEN",NA,NA,"Athletics",2016,"MEDINA Edicson"
"2535","Women","400 m T11","Bronze","BRA",NA,NA,"Athletics",2016,NA
"2536","Women","400 m T12","Gold","CUB",NA,NA,"Athletics",2016,"KINDELAN Yuniol"
"2537","Women","400 m T12","Silver","UKR",NA,NA,"Athletics",2016,"BURAKOV Volodymyr"
"2538","Women","400 m T12","Bronze","MOZ",NA,NA,"Athletics",2016,"CHAIMITE Filipe Joao"
"2539","Women","400 m T13","Gold","FRA",NA,NA,"Athletics",2016,NA
"2540","Women","400 m T13","Silver","RSA",NA,NA,"Athletics",2016,NA
"2541","Women","400 m T13","Bronze","UKR",NA,NA,"Athletics",2016,NA
"2542","Women","400 m T20","Gold","USA",NA,NA,"Athletics",2016,NA
"2543","Women","400 m T20","Silver","UKR",NA,NA,"Athletics",2016,NA
"2544","Women","400 m T20","Bronze","POL",NA,NA,"Athletics",2016,NA
"2545","Women","400 m T34","Gold","GBR",NA,NA,"Athletics",2016,NA
"2546","Women","400 m T34","Silver","USA",NA,NA,"Athletics",2016,NA
"2547","Women","400 m T34","Bronze","GBR",NA,NA,"Athletics",2016,NA
"2548","Women","400 m T37","Gold","GBR",NA,NA,"Athletics",2016,NA
"2549","Women","400 m T37","Silver","CHN",NA,NA,"Athletics",2016,NA
"2550","Women","400 m T37","Bronze","TUN",NA,NA,"Athletics",2016,NA
"2551","Women","400 m T38","Gold","GBR",NA,NA,"Athletics",2016,NA
"2552","Women","400 m T38","Silver","CHN",NA,NA,"Athletics",2016,NA
"2553","Women","400 m T38","Bronze","BRA",NA,NA,"Athletics",2016,NA
"2554","Women","400 m T44","Gold","FRA",NA,NA,"Athletics",2016,NA
"2555","Women","400 m T44","Silver","GER",NA,NA,"Athletics",2016,NA
"2556","Women","400 m T44","Bronze","USA",NA,NA,"Athletics",2016,NA
"2557","Women","400 m T47","Gold","CHN",NA,NA,"Athletics",2016,NA
"2558","Women","400 m T47","Silver","RSA",NA,NA,"Athletics",2016,NA
"2559","Women","400 m T47","Bronze","JPN",NA,NA,"Athletics",2016,NA
"2560","Women","400 m T52","Gold","CAN",NA,NA,"Athletics",2016,NA
"2561","Women","400 m T52","Silver","BEL",NA,NA,"Athletics",2016,NA
"2562","Women","400 m T52","Bronze","USA",NA,NA,"Athletics",2016,NA
"2563","Women","400 m T53","Gold","CHN",NA,NA,"Athletics",2016,NA
"2564","Women","400 m T53","Silver","USA",NA,NA,"Athletics",2016,NA
"2565","Women","400 m T53","Bronze","AUS",NA,NA,"Athletics",2016,NA
"2566","Women","400 m T54","Gold","USA",NA,NA,"Athletics",2016,NA
"2567","Women","400 m T54","Silver","USA",NA,NA,"Athletics",2016,NA
"2568","Women","400 m T54","Bronze","CHN",NA,NA,"Athletics",2016,NA
"2569","Women","800 m T34","Gold","GBR",NA,NA,"Athletics",2016,NA
"2570","Women","800 m T34","Silver","USA",NA,NA,"Athletics",2016,NA
"2571","Women","800 m T34","Bronze","GBR",NA,NA,"Athletics",2016,NA
"2572","Women","800 m T53","Gold","CHN",NA,NA,"Athletics",2016,NA
"2573","Women","800 m T53","Silver","AUS",NA,NA,"Athletics",2016,NA
"2574","Women","800 m T53","Bronze","USA",NA,NA,"Athletics",2016,NA
"2575","Women","800 m T54","Gold","USA",NA,NA,"Athletics",2016,NA
"2576","Women","800 m T54","Silver","CHN",NA,NA,"Athletics",2016,NA
"2577","Women","800 m T54","Bronze","CHN",NA,NA,"Athletics",2016,NA
"2578","Women","1500 m T11","Gold","CHN",NA,NA,"Athletics",2016,"JIN Yubo"
"2579","Women","1500 m T11","Silver","KEN",NA,NA,"Athletics",2016,"ROTICH Geoffrey Kiplangat"
"2580","Women","1500 m T11","Bronze","COL",NA,NA,"Athletics",2016,"SANCHEZ GONZALEZ Jonathan Daybes"
"2581","Women","1500 m T13","Gold","TUN",NA,NA,"Athletics",2016,NA
"2582","Women","1500 m T13","Silver","TUN",NA,NA,"Athletics",2016,NA
"2583","Women","1500 m T13","Bronze","ESP",NA,NA,"Athletics",2016,NA
"2584","Women","1500 m T20","Gold","POL",NA,NA,"Athletics",2016,NA
"2585","Women","1500 m T20","Silver","HUN",NA,NA,"Athletics",2016,NA
"2586","Women","1500 m T20","Bronze","UKR",NA,NA,"Athletics",2016,NA
"2587","Women","1500 m T54","Gold","USA",NA,NA,"Athletics",2016,NA
"2588","Women","1500 m T54","Silver","USA",NA,NA,"Athletics",2016,NA
"2589","Women","1500 m T54","Bronze","USA",NA,NA,"Athletics",2016,NA
"2590","Women","5000 m T54","Gold","USA",NA,NA,"Athletics",2016,NA
"2591","Women","5000 m T54","Silver","USA",NA,NA,"Athletics",2016,NA
"2592","Women","5000 m T54","Bronze","USA",NA,NA,"Athletics",2016,NA
"2593","Women","Marathon T12","Gold","ESP",NA,NA,"Athletics",2016,NA
"2594","Women","Marathon T12","Silver","JPN",NA,NA,"Athletics",2016,NA
"2595","Women","Marathon T12","Bronze","BRA",NA,NA,"Athletics",2016,NA
"2596","Women","Marathon T54","Gold","CHN",NA,NA,"Athletics",2016,NA
"2597","Women","Marathon T54","Silver","USA",NA,NA,"Athletics",2016,NA
"2598","Women","Marathon T54","Bronze","USA",NA,NA,"Athletics",2016,NA
"2599","Women","Long Jump T11","Gold","BRA",NA,NA,"Athletics",2016,NA
"2600","Women","Long Jump T11","Silver","CIV",NA,NA,"Athletics",2016,NA
"2601","Women","Long Jump T11","Bronze","BRA",NA,NA,"Athletics",2016,NA
"2602","Women","Long Jump T12","Gold","UKR",NA,NA,"Athletics",2016,NA
"2603","Women","Long Jump T12","Silver","AZE",NA,NA,"Athletics",2016,NA
"2604","Women","Long Jump T12","Bronze","ALG",NA,NA,"Athletics",2016,NA
"2605","Women","Long Jump T20","Gold","CRO",NA,NA,"Athletics",2016,NA
"2606","Women","Long Jump T20","Silver","POL",NA,NA,"Athletics",2016,NA
"2607","Women","Long Jump T20","Bronze","MAS",NA,NA,"Athletics",2016,NA
"2608","Women","Long Jump T37","Gold","CHN",NA,NA,"Athletics",2016,NA
"2609","Women","Long Jump T37","Silver","GER",NA,NA,"Athletics",2016,NA
"2610","Women","Long Jump T37","Bronze","AUS",NA,NA,"Athletics",2016,NA
"2611","Women","Long Jump T38","Gold","CHN",NA,NA,"Athletics",2016,NA
"2612","Women","Long Jump T38","Silver","AUS",NA,NA,"Athletics",2016,NA
"2613","Women","Long Jump T38","Bronze","POL",NA,NA,"Athletics",2016,NA
"2614","Women","Long Jump T42","Gold","GER",NA,NA,"Athletics",2016,NA
"2615","Women","Long Jump T42","Silver","ITA",NA,NA,"Athletics",2016,NA
"2616","Women","Long Jump T42","Bronze","CUB",NA,NA,"Athletics",2016,NA
"2617","Women","Long Jump T44","Gold","FRA",NA,NA,"Athletics",2016,NA
"2618","Women","Long Jump T44","Silver","GBR",NA,NA,"Athletics",2016,NA
"2619","Women","Long Jump T44","Bronze","NED",NA,NA,"Athletics",2016,NA
"2620","Women","Long Jump T47","Gold","NZL",NA,NA,"Athletics",2016,NA
"2621","Women","Long Jump T47","Silver","CUB",NA,NA,"Athletics",2016,NA
"2622","Women","Long Jump T47","Bronze","AUS",NA,NA,"Athletics",2016,NA
"2623","Women","Shot Put F12","Gold","ITA",NA,NA,"Athletics",2016,NA
"2624","Women","Shot Put F12","Silver","UZB",NA,NA,"Athletics",2016,NA
"2625","Women","Shot Put F12","Bronze","MEX",NA,NA,"Athletics",2016,NA
"2626","Women","Shot Put F20","Gold","POL",NA,NA,"Athletics",2016,NA
"2627","Women","Shot Put F20","Silver","UKR",NA,NA,"Athletics",2016,NA
"2628","Women","Shot Put F20","Bronze","GBR",NA,NA,"Athletics",2016,NA
"2629","Women","Shot Put F32","Gold","TUN",NA,NA,"Athletics",2016,NA
"2630","Women","Shot Put F32","Silver","UAE",NA,NA,"Athletics",2016,NA
"2631","Women","Shot Put F32","Bronze","AUS",NA,NA,"Athletics",2016,NA
"2632","Women","Shot Put F33","Gold","ALG",NA,NA,"Athletics",2016,NA
"2633","Women","Shot Put F33","Silver","QAT",NA,NA,"Athletics",2016,NA
"2634","Women","Shot Put F33","Bronze","UAE",NA,NA,"Athletics",2016,NA
"2635","Women","Shot Put F34","Gold","CHN",NA,NA,"Athletics",2016,NA
"2636","Women","Shot Put F34","Silver","POL",NA,NA,"Athletics",2016,NA
"2637","Women","Shot Put F34","Bronze","NZL",NA,NA,"Athletics",2016,NA
"2638","Women","Shot Put F35","Gold","CHN",NA,NA,"Athletics",2016,NA
"2639","Women","Shot Put F35","Silver","UKR",NA,NA,"Athletics",2016,NA
"2640","Women","Shot Put F35","Bronze","BRA",NA,NA,"Athletics",2016,NA
"2641","Women","Shot Put F36","Gold","GER",NA,NA,"Athletics",2016,NA
"2642","Women","Shot Put F36","Silver","CHN",NA,NA,"Athletics",2016,NA
"2643","Women","Shot Put F36","Bronze","AUS",NA,NA,"Athletics",2016,NA
"2644","Women","Shot Put F37","Gold","GER",NA,NA,"Athletics",2016,NA
"2645","Women","Shot Put F37","Silver","CHN",NA,NA,"Athletics",2016,NA
"2646","Women","Shot Put F37","Bronze","CZE",NA,NA,"Athletics",2016,NA
"2647","Women","Shot Put F40","Gold","NGR",NA,NA,"Athletics",2016,NA
"2648","Women","Shot Put F40","Silver","TUN",NA,NA,"Athletics",2016,NA
"2649","Women","Shot Put F40","Bronze","NED",NA,NA,"Athletics",2016,NA
"2650","Women","Shot Put F41","Gold","TUN",NA,NA,"Athletics",2016,NA
"2651","Women","Shot Put F41","Silver","TUN",NA,NA,"Athletics",2016,NA
"2652","Women","Shot Put F41","Bronze","AUS",NA,NA,"Athletics",2016,NA
"2653","Women","Shot Put F53","Gold","BRN",NA,NA,"Athletics",2016,NA
"2654","Women","Shot Put F53","Silver","IND",NA,NA,"Athletics",2016,NA
"2655","Women","Shot Put F53","Bronze","GRE",NA,NA,"Athletics",2016,NA
"2656","Women","Shot Put F54","Gold","CHN",NA,NA,"Athletics",2016,NA
"2657","Women","Shot Put F54","Silver","TUN",NA,NA,"Athletics",2016,NA
"2658","Women","Shot Put F54","Bronze","TUN",NA,NA,"Athletics",2016,NA
"2659","Women","Shot Put F57","Gold","MEX",NA,NA,"Athletics",2016,NA
"2660","Women","Shot Put F57","Silver","ALG",NA,NA,"Athletics",2016,NA
"2661","Women","Shot Put F57","Bronze","ALG",NA,NA,"Athletics",2016,NA
"2662","Women","Discus Throw F11","Gold","CHN",NA,NA,"Athletics",2016,NA
"2663","Women","Discus Throw F11","Silver","CHN",NA,NA,"Athletics",2016,NA
"2664","Women","Discus Throw F11","Bronze","BRA",NA,NA,"Athletics",2016,NA
"2665","Women","Discus Throw F38","Gold","CHN",NA,NA,"Athletics",2016,NA
"2666","Women","Discus Throw F38","Silver","BRA",NA,NA,"Athletics",2016,NA
"2667","Women","Discus Throw F38","Bronze","IRL",NA,NA,"Athletics",2016,NA
"2668","Women","Discus Throw F41","Gold","TUN",NA,NA,"Athletics",2016,NA
"2669","Women","Discus Throw F41","Silver","IRL",NA,NA,"Athletics",2016,NA
"2670","Women","Discus Throw F41","Bronze","TUN",NA,NA,"Athletics",2016,NA
"2671","Women","Discus Throw F44","Gold","CHN",NA,NA,"Athletics",2016,NA
"2672","Women","Discus Throw F44","Silver","CHN",NA,NA,"Athletics",2016,NA
"2673","Women","Discus Throw F44","Bronze","CUB",NA,NA,"Athletics",2016,NA
"2674","Women","Discus Throw F52","Gold","USA",NA,NA,"Athletics",2016,NA
"2675","Women","Discus Throw F52","Silver","USA",NA,NA,"Athletics",2016,NA
"2676","Women","Discus Throw F52","Bronze","UKR",NA,NA,"Athletics",2016,NA
"2677","Women","Discus Throw F55","Gold","CHN",NA,NA,"Athletics",2016,NA
"2678","Women","Discus Throw F55","Silver","GER",NA,NA,"Athletics",2016,NA
"2679","Women","Discus Throw F55","Bronze","LAT",NA,NA,"Athletics",2016,NA
"2680","Women","Discus Throw F57","Gold","ALG",NA,NA,"Athletics",2016,NA
"2681","Women","Discus Throw F57","Silver","IRL",NA,NA,"Athletics",2016,NA
"2682","Women","Discus Throw F57","Bronze","NGR",NA,NA,"Athletics",2016,NA
"2683","Women","Javelin F13","Gold","UZB",NA,NA,"Athletics",2016,NA
"2684","Women","Javelin F13","Silver","AZE",NA,NA,"Athletics",2016,NA
"2685","Women","Javelin F13","Bronze","AUT",NA,NA,"Athletics",2016,NA
"2686","Women","Javelin F34","Gold","CHN",NA,NA,"Athletics",2016,NA
"2687","Women","Javelin F34","Silver","FIN",NA,NA,"Athletics",2016,NA
"2688","Women","Javelin F34","Bronze","GER",NA,NA,"Athletics",2016,NA
"2689","Women","Javelin F37","Gold","BRA",NA,NA,"Athletics",2016,NA
"2690","Women","Javelin F37","Silver","CHN",NA,NA,"Athletics",2016,NA
"2691","Women","Javelin F37","Bronze","CHN",NA,NA,"Athletics",2016,NA
"2692","Women","Javelin F46","Gold","GBR",NA,NA,"Athletics",2016,NA
"2693","Women","Javelin F46","Silver","NZL",NA,NA,"Athletics",2016,NA
"2694","Women","Javelin F46","Bronze","POL",NA,NA,"Athletics",2016,NA
"2695","Women","Javelin F54","Gold","NGR",NA,NA,"Athletics",2016,NA
"2696","Women","Javelin F54","Silver","TUN",NA,NA,"Athletics",2016,NA
"2697","Women","Javelin F54","Bronze","RSA",NA,NA,"Athletics",2016,NA
"2698","Women","Javelin F56","Gold","LAT",NA,NA,"Athletics",2016,NA
"2699","Women","Javelin F56","Silver","GER",NA,NA,"Athletics",2016,NA
"2700","Women","Javelin F56","Bronze","ALG",NA,NA,"Athletics",2016,NA
"2701","Women","Club Throw F32","Gold","TUN",NA,NA,"Athletics",2016,NA
"2702","Women","Club Throw F32","Silver","ALG",NA,NA,"Athletics",2016,NA
"2703","Women","Club Throw F32","Bronze","GBR",NA,NA,"Athletics",2016,NA
"2704","Women","Club Throw F51","Gold","GBR",NA,NA,"Athletics",2016,NA
"2705","Women","Club Throw F51","Silver","UKR",NA,NA,"Athletics",2016,NA
"2706","Women","Club Throw F51","Bronze","USA",NA,NA,"Athletics",2016,NA
"2707","Women","4x100 m T11-13","Gold","CHN","China",2,"Athletics",2016,"Guide: XU Donglin"
"2708","Women","4x100 m T11-13","Gold","CHN","China",3,"Athletics",2016,"Guide: LI Wen"
"2709","Women","4x100 m T11-13","Gold","CHN","China",4,"Athletics",2016,"Guide: JIA Dengpu"
"2710","Women","4x100 m T11-13","Silver","BRA","Brazil",2,"Athletics",2016,"Guide: CARDOSO DA SILVA Diogo"
"2711","Women","4x100 m T11-13","Silver","BRA","Brazil",3,"Athletics",2016,"Guide: OLIVEIRA Renato"
"2712","Women","4x100 m T11-13","Silver","BRA","Brazil",4,"Athletics",2016,"Guide: VELOSO DA SILVA Felipe"
"2713","Women","4x100 m T11-13","Bronze","COL","Colombia",2,"Athletics",2016,"Guide: SANCHEZ GONZALEZ Jonathan Daybes"
"2714","Women","4x100 m T11-13","Bronze","COL","Colombia",3,"Athletics",2016,"Guide: CABRERA ESTREMOR Wilmar"
"2715","Women","4x100 m T11-13","Bronze","COL","Colombia",4,"Athletics",2016,"Guide: RANGEL PALMERA Niver"
"2716","Women","4x100 m T35-38","Gold","CHN","China",2,"Athletics",2016,NA
"2717","Women","4x100 m T35-38","Gold","CHN","China",3,"Athletics",2016,NA
"2718","Women","4x100 m T35-38","Gold","CHN","China",4,"Athletics",2016,NA
"2719","Women","4x100 m T35-38","Silver","GBR","Great Britain",2,"Athletics",2016,NA
"2720","Women","4x100 m T35-38","Silver","GBR","Great Britain",3,"Athletics",2016,NA
"2721","Women","4x100 m T35-38","Silver","GBR","Great Britain",4,"Athletics",2016,NA
"2722","Women","4x100 m T35-38","Bronze","AUS","Australia",2,"Athletics",2016,NA
"2723","Women","4x100 m T35-38","Bronze","AUS","Australia",3,"Athletics",2016,NA
"2724","Women","4x100 m T35-38","Bronze","AUS","Australia",4,"Athletics",2016,NA
"2725","Women","4x400 m T53/54","Gold","CHN","China",5,"Athletics",2016,NA
"2726","Women","4x400 m T53/54","Gold","CHN","China",6,"Athletics",2016,NA
"2727","Women","4x400 m T53/54","Gold","CHN","China",7,"Athletics",2016,NA
"2728","Women","4x400 m T53/54","Gold","CHN","China",8,"Athletics",2016,NA
"2729","Women","4x400 m T53/54","Silver","AUS","Australia",2,"Athletics",2016,NA
"2730","Women","4x400 m T53/54","Silver","AUS","Australia",3,"Athletics",2016,NA
"2731","Women","4x400 m T53/54","Silver","AUS","Australia",4,"Athletics",2016,NA
"2732","Women","Tournament","Bronze","USA","United States of America",2,"Basketball",1980,NA
"2733","Women","Tournament","Gold","USA","United States of America",13,"Basketball",1988,NA
"2734","Women","Tournament","Gold","USA","United States of America",14,"Basketball",1988,NA
"2735","Women","Tournament","Gold","USA","United States of America",15,"Basketball",1988,NA
"2736","Women","Tournament","Gold","USA","United States of America",16,"Basketball",1988,NA
"2737","Women","Tournament","Gold","USA","United States of America",17,"Basketball",1988,NA
"2738","Women","Tournament","Gold","USA","United States of America",18,"Basketball",1988,NA
"2739","Women","Tournament","Gold","USA","United States of America",19,"Basketball",1988,NA
"2740","Women","Tournament","Gold","USA","United States of America",20,"Basketball",1988,NA
"2741","Women","Tournament","Gold","USA","United States of America",21,"Basketball",1988,NA
"2742","Women","Tournament","Gold","USA","United States of America",22,"Basketball",1988,NA
"2743","Women","Tournament","Gold","USA","United States of America",23,"Basketball",1988,NA
"2744","Women","Tournament","Silver","FRG","FR Germany",2,"Basketball",1988,NA
"2745","Women","Tournament","Silver","FRG","FR Germany",3,"Basketball",1988,NA
"2746","Women","Tournament","Silver","FRG","FR Germany",4,"Basketball",1988,NA
"2747","Women","Tournament","Silver","FRG","FR Germany",5,"Basketball",1988,NA
"2748","Women","Tournament","Silver","FRG","FR Germany",6,"Basketball",1988,NA
"2749","Women","Tournament","Silver","FRG","FR Germany",7,"Basketball",1988,NA
"2750","Women","Tournament","Silver","FRG","FR Germany",8,"Basketball",1988,NA
"2751","Women","Tournament","Silver","FRG","FR Germany",9,"Basketball",1988,NA
"2752","Women","Tournament","Silver","FRG","FR Germany",10,"Basketball",1988,NA
"2753","Women","Tournament","Bronze","NED","Netherlands",2,"Basketball",1988,NA
"2754","Women","Tournament","Bronze","NED","Netherlands",3,"Basketball",1988,NA
"2755","Women","Tournament","Bronze","NED","Netherlands",4,"Basketball",1988,NA
"2756","Women","Tournament","Bronze","NED","Netherlands",5,"Basketball",1988,NA
"2757","Women","Tournament","Bronze","NED","Netherlands",6,"Basketball",1988,NA
"2758","Women","Tournament","Bronze","NED","Netherlands",7,"Basketball",1988,NA
"2759","Women","Tournament","Bronze","NED","Netherlands",8,"Basketball",1988,NA
"2760","Women","Tournament","Bronze","NED","Netherlands",9,"Basketball",1988,NA
"2761","Women","Tournament","Bronze","NED","Netherlands",10,"Basketball",1988,NA
"2762","Women","Tournament","Bronze","NED","Netherlands",11,"Basketball",1988,NA
"2763","Women","Tournament","Bronze","NED","Netherlands",12,"Basketball",1988,NA
"2764","Women","Tournament","Gold","CAN","Canada",2,"Basketball",1992,NA
"2765","Women","Tournament","Gold","CAN","Canada",3,"Basketball",1992,NA
"2766","Women","Tournament","Gold","CAN","Canada",4,"Basketball",1992,NA
"2767","Women","Tournament","Gold","CAN","Canada",5,"Basketball",1992,NA
"2768","Women","Tournament","Gold","CAN","Canada",6,"Basketball",1992,NA
"2769","Women","Tournament","Gold","CAN","Canada",7,"Basketball",1992,NA
"2770","Women","Tournament","Gold","CAN","Canada",8,"Basketball",1992,NA
"2771","Women","Tournament","Gold","CAN","Canada",9,"Basketball",1992,NA
"2772","Women","Tournament","Gold","CAN","Canada",10,"Basketball",1992,NA
"2773","Women","Tournament","Gold","CAN","Canada",11,"Basketball",1992,NA
"2774","Women","Tournament","Gold","CAN","Canada",12,"Basketball",1992,NA
"2775","Women","Tournament","Silver","USA","United States of America",2,"Basketball",1992,NA
"2776","Women","Tournament","Silver","USA","United States of America",3,"Basketball",1992,NA
"2777","Women","Tournament","Silver","USA","United States of America",4,"Basketball",1992,NA
"2778","Women","Tournament","Silver","USA","United States of America",5,"Basketball",1992,NA
"2779","Women","Tournament","Silver","USA","United States of America",6,"Basketball",1992,NA
"2780","Women","Tournament","Silver","USA","United States of America",7,"Basketball",1992,NA
"2781","Women","Tournament","Silver","USA","United States of America",8,"Basketball",1992,NA
"2782","Women","Tournament","Silver","USA","United States of America",9,"Basketball",1992,NA
"2783","Women","Tournament","Silver","USA","United States of America",10,"Basketball",1992,NA
"2784","Women","Tournament","Silver","USA","United States of America",11,"Basketball",1992,NA
"2785","Women","Tournament","Silver","USA","United States of America",12,"Basketball",1992,NA
"2786","Women","Tournament","Bronze","NED","Netherlands",2,"Basketball",1992,NA
"2787","Women","Tournament","Bronze","NED","Netherlands",3,"Basketball",1992,NA
"2788","Women","Tournament","Bronze","NED","Netherlands",4,"Basketball",1992,NA
"2789","Women","Tournament","Bronze","NED","Netherlands",5,"Basketball",1992,NA
"2790","Women","Tournament","Bronze","NED","Netherlands",6,"Basketball",1992,NA
"2791","Women","Tournament","Bronze","NED","Netherlands",7,"Basketball",1992,NA
"2792","Women","Tournament","Bronze","NED","Netherlands",8,"Basketball",1992,NA
"2793","Women","Tournament","Bronze","NED","Netherlands",9,"Basketball",1992,NA
"2794","Women","Tournament","Bronze","NED","Netherlands",10,"Basketball",1992,NA
"2795","Women","Tournament","Bronze","NED","Netherlands",11,"Basketball",1992,NA
"2796","Women","Tournament","Bronze","NED","Netherlands",12,"Basketball",1992,NA
"2797","Women","Tournament","Gold","CAN","Canada",2,"Basketball",1996,NA
"2798","Women","Tournament","Gold","CAN","Canada",3,"Basketball",1996,NA
"2799","Women","Tournament","Gold","CAN","Canada",4,"Basketball",1996,NA
"2800","Women","Tournament","Gold","CAN","Canada",5,"Basketball",1996,NA
"2801","Women","Tournament","Gold","CAN","Canada",6,"Basketball",1996,NA
"2802","Women","Tournament","Gold","CAN","Canada",7,"Basketball",1996,NA
"2803","Women","Tournament","Gold","CAN","Canada",8,"Basketball",1996,NA
"2804","Women","Tournament","Gold","CAN","Canada",9,"Basketball",1996,NA
"2805","Women","Tournament","Gold","CAN","Canada",10,"Basketball",1996,NA
"2806","Women","Tournament","Gold","CAN","Canada",11,"Basketball",1996,NA
"2807","Women","Tournament","Gold","CAN","Canada",12,"Basketball",1996,NA
"2808","Women","Tournament","Silver","NED","Netherlands",2,"Basketball",1996,NA
"2809","Women","Tournament","Silver","NED","Netherlands",3,"Basketball",1996,NA
"2810","Women","Tournament","Silver","NED","Netherlands",4,"Basketball",1996,NA
"2811","Women","Tournament","Silver","NED","Netherlands",5,"Basketball",1996,NA
"2812","Women","Tournament","Silver","NED","Netherlands",6,"Basketball",1996,NA
"2813","Women","Tournament","Silver","NED","Netherlands",7,"Basketball",1996,NA
"2814","Women","Tournament","Silver","NED","Netherlands",8,"Basketball",1996,NA
"2815","Women","Tournament","Silver","NED","Netherlands",9,"Basketball",1996,NA
"2816","Women","Tournament","Silver","NED","Netherlands",10,"Basketball",1996,NA
"2817","Women","Tournament","Silver","NED","Netherlands",11,"Basketball",1996,NA
"2818","Women","Tournament","Silver","NED","Netherlands",12,"Basketball",1996,NA
"2819","Women","Tournament","Bronze","USA","United States of America",13,"Basketball",1996,NA
"2820","Women","Tournament","Bronze","USA","United States of America",14,"Basketball",1996,NA
"2821","Women","Tournament","Bronze","USA","United States of America",15,"Basketball",1996,NA
"2822","Women","Tournament","Bronze","USA","United States of America",16,"Basketball",1996,NA
"2823","Women","Tournament","Bronze","USA","United States of America",17,"Basketball",1996,NA
"2824","Women","Tournament","Bronze","USA","United States of America",18,"Basketball",1996,NA
"2825","Women","Tournament","Bronze","USA","United States of America",19,"Basketball",1996,NA
"2826","Women","Tournament","Bronze","USA","United States of America",20,"Basketball",1996,NA
"2827","Women","Tournament","Bronze","USA","United States of America",21,"Basketball",1996,NA
"2828","Women","Tournament","Bronze","USA","United States of America",22,"Basketball",1996,NA
"2829","Women","Tournament","Bronze","USA","United States of America",23,"Basketball",1996,NA
"2830","Women","Tournament","Bronze","USA","United States of America",24,"Basketball",1996,NA
"2831","Women","Tournament","Gold","CAN","Canada",13,"Basketball",2000,NA
"2832","Women","Tournament","Gold","CAN","Canada",14,"Basketball",2000,NA
"2833","Women","Tournament","Gold","CAN","Canada",15,"Basketball",2000,NA
"2834","Women","Tournament","Gold","CAN","Canada",16,"Basketball",2000,NA
"2835","Women","Tournament","Gold","CAN","Canada",17,"Basketball",2000,NA
"2836","Women","Tournament","Gold","CAN","Canada",18,"Basketball",2000,NA
"2837","Women","Tournament","Gold","CAN","Canada",19,"Basketball",2000,NA
"2838","Women","Tournament","Gold","CAN","Canada",20,"Basketball",2000,NA
"2839","Women","Tournament","Gold","CAN","Canada",21,"Basketball",2000,NA
"2840","Women","Tournament","Gold","CAN","Canada",22,"Basketball",2000,NA
"2841","Women","Tournament","Gold","CAN","Canada",23,"Basketball",2000,NA
"2842","Women","Tournament","Gold","CAN","Canada",24,"Basketball",2000,NA
"2843","Women","Tournament","Silver","AUS","Australia",2,"Basketball",2000,NA
"2844","Women","Tournament","Silver","AUS","Australia",3,"Basketball",2000,NA
"2845","Women","Tournament","Silver","AUS","Australia",4,"Basketball",2000,NA
"2846","Women","Tournament","Silver","AUS","Australia",5,"Basketball",2000,NA
"2847","Women","Tournament","Silver","AUS","Australia",6,"Basketball",2000,NA
"2848","Women","Tournament","Silver","AUS","Australia",7,"Basketball",2000,NA
"2849","Women","Tournament","Silver","AUS","Australia",8,"Basketball",2000,NA
"2850","Women","Tournament","Silver","AUS","Australia",9,"Basketball",2000,NA
"2851","Women","Tournament","Silver","AUS","Australia",10,"Basketball",2000,NA
"2852","Women","Tournament","Silver","AUS","Australia",11,"Basketball",2000,NA
"2853","Women","Tournament","Silver","AUS","Australia",12,"Basketball",2000,NA
"2854","Women","Tournament","Bronze","JPN","Japan",2,"Basketball",2000,NA
"2855","Women","Tournament","Bronze","JPN","Japan",3,"Basketball",2000,NA
"2856","Women","Tournament","Bronze","JPN","Japan",4,"Basketball",2000,NA
"2857","Women","Tournament","Bronze","JPN","Japan",5,"Basketball",2000,NA
"2858","Women","Tournament","Bronze","JPN","Japan",6,"Basketball",2000,NA
"2859","Women","Tournament","Bronze","JPN","Japan",7,"Basketball",2000,NA
"2860","Women","Tournament","Bronze","JPN","Japan",8,"Basketball",2000,NA
"2861","Women","Tournament","Bronze","JPN","Japan",9,"Basketball",2000,NA
"2862","Women","Tournament","Bronze","JPN","Japan",10,"Basketball",2000,NA
"2863","Women","Tournament","Bronze","JPN","Japan",11,"Basketball",2000,NA
"2864","Women","Tournament","Bronze","JPN","Japan",12,"Basketball",2000,NA
"2865","Women","Tournament","Gold","USA","United States of America",2,"Basketball",2004,NA
"2866","Women","Tournament","Gold","USA","United States of America",3,"Basketball",2004,NA
"2867","Women","Tournament","Gold","USA","United States of America",4,"Basketball",2004,NA
"2868","Women","Tournament","Gold","USA","United States of America",5,"Basketball",2004,NA
"2869","Women","Tournament","Gold","USA","United States of America",6,"Basketball",2004,NA
"2870","Women","Tournament","Gold","USA","United States of America",7,"Basketball",2004,NA
"2871","Women","Tournament","Gold","USA","United States of America",8,"Basketball",2004,NA
"2872","Women","Tournament","Gold","USA","United States of America",9,"Basketball",2004,NA
"2873","Women","Tournament","Gold","USA","United States of America",10,"Basketball",2004,NA
"2874","Women","Tournament","Gold","USA","United States of America",11,"Basketball",2004,NA
"2875","Women","Tournament","Gold","USA","United States of America",12,"Basketball",2004,NA
"2876","Women","Tournament","Silver","AUS","Australia",13,"Basketball",2004,NA
"2877","Women","Tournament","Silver","AUS","Australia",14,"Basketball",2004,NA
"2878","Women","Tournament","Silver","AUS","Australia",15,"Basketball",2004,NA
"2879","Women","Tournament","Silver","AUS","Australia",16,"Basketball",2004,NA
"2880","Women","Tournament","Silver","AUS","Australia",17,"Basketball",2004,NA
"2881","Women","Tournament","Silver","AUS","Australia",18,"Basketball",2004,NA
"2882","Women","Tournament","Silver","AUS","Australia",19,"Basketball",2004,NA
"2883","Women","Tournament","Silver","AUS","Australia",20,"Basketball",2004,NA
"2884","Women","Tournament","Silver","AUS","Australia",21,"Basketball",2004,NA
"2885","Women","Tournament","Silver","AUS","Australia",22,"Basketball",2004,NA
"2886","Women","Tournament","Silver","AUS","Australia",23,"Basketball",2004,NA
"2887","Women","Tournament","Silver","AUS","Australia",24,"Basketball",2004,NA
"2888","Women","Tournament","Bronze","CAN","Canada",2,"Basketball",2004,NA
"2889","Women","Tournament","Bronze","CAN","Canada",3,"Basketball",2004,NA
"2890","Women","Tournament","Bronze","CAN","Canada",4,"Basketball",2004,NA
"2891","Women","Tournament","Bronze","CAN","Canada",5,"Basketball",2004,NA
"2892","Women","Tournament","Bronze","CAN","Canada",6,"Basketball",2004,NA
"2893","Women","Tournament","Bronze","CAN","Canada",7,"Basketball",2004,NA
"2894","Women","Tournament","Bronze","CAN","Canada",8,"Basketball",2004,NA
"2895","Women","Tournament","Bronze","CAN","Canada",9,"Basketball",2004,NA
"2896","Women","Tournament","Bronze","CAN","Canada",10,"Basketball",2004,NA
"2897","Women","Tournament","Bronze","CAN","Canada",11,"Basketball",2004,NA
"2898","Women","Tournament","Bronze","CAN","Canada",12,"Basketball",2004,NA
"2899","Women","Tournament","Gold","USA","United States of America",2,"Basketball",2008,NA
"2900","Women","Tournament","Gold","USA","United States of America",3,"Basketball",2008,NA
"2901","Women","Tournament","Gold","USA","United States of America",4,"Basketball",2008,NA
"2902","Women","Tournament","Gold","USA","United States of America",5,"Basketball",2008,NA
"2903","Women","Tournament","Gold","USA","United States of America",6,"Basketball",2008,NA
"2904","Women","Tournament","Gold","USA","United States of America",7,"Basketball",2008,NA
"2905","Women","Tournament","Gold","USA","United States of America",8,"Basketball",2008,NA
"2906","Women","Tournament","Gold","USA","United States of America",9,"Basketball",2008,NA
"2907","Women","Tournament","Gold","USA","United States of America",10,"Basketball",2008,NA
"2908","Women","Tournament","Gold","USA","United States of America",11,"Basketball",2008,NA
"2909","Women","Tournament","Gold","USA","United States of America",12,"Basketball",2008,NA
"2910","Women","Tournament","Silver","GER","Germany",2,"Basketball",2008,NA
"2911","Women","Tournament","Silver","GER","Germany",3,"Basketball",2008,NA
"2912","Women","Tournament","Silver","GER","Germany",4,"Basketball",2008,NA
"2913","Women","Tournament","Silver","GER","Germany",5,"Basketball",2008,NA
"2914","Women","Tournament","Silver","GER","Germany",6,"Basketball",2008,NA
"2915","Women","Tournament","Silver","GER","Germany",7,"Basketball",2008,NA
"2916","Women","Tournament","Silver","GER","Germany",8,"Basketball",2008,NA
"2917","Women","Tournament","Silver","GER","Germany",9,"Basketball",2008,NA
"2918","Women","Tournament","Silver","GER","Germany",10,"Basketball",2008,NA
"2919","Women","Tournament","Silver","GER","Germany",11,"Basketball",2008,NA
"2920","Women","Tournament","Silver","GER","Germany",12,"Basketball",2008,NA
"2921","Women","Tournament","Bronze","AUS","Australia",2,"Basketball",2008,NA
"2922","Women","Tournament","Bronze","AUS","Australia",3,"Basketball",2008,NA
"2923","Women","Tournament","Bronze","AUS","Australia",4,"Basketball",2008,NA
"2924","Women","Tournament","Bronze","AUS","Australia",5,"Basketball",2008,NA
"2925","Women","Tournament","Bronze","AUS","Australia",6,"Basketball",2008,NA
"2926","Women","Tournament","Bronze","AUS","Australia",7,"Basketball",2008,NA
"2927","Women","Tournament","Bronze","AUS","Australia",8,"Basketball",2008,NA
"2928","Women","Tournament","Bronze","AUS","Australia",9,"Basketball",2008,NA
"2929","Women","Tournament","Bronze","AUS","Australia",10,"Basketball",2008,NA
"2930","Women","Tournament","Bronze","AUS","Australia",11,"Basketball",2008,NA
"2931","Women","Tournament","Bronze","AUS","Australia",12,"Basketball",2008,NA
"2932",NA,"Women","Gold","GER","Germany",2,"Basketball",2012,NA
"2933",NA,"Women","Gold","GER","Germany",3,"Basketball",2012,NA
"2934",NA,"Women","Gold","GER","Germany",4,"Basketball",2012,NA
"2935",NA,"Women","Gold","GER","Germany",5,"Basketball",2012,NA
"2936",NA,"Women","Gold","GER","Germany",6,"Basketball",2012,NA
"2937",NA,"Women","Gold","GER","Germany",7,"Basketball",2012,NA
"2938",NA,"Women","Gold","GER","Germany",8,"Basketball",2012,NA
"2939",NA,"Women","Gold","GER","Germany",9,"Basketball",2012,NA
"2940",NA,"Women","Gold","GER","Germany",10,"Basketball",2012,NA
"2941",NA,"Women","Gold","GER","Germany",11,"Basketball",2012,NA
"2942",NA,"Women","Gold","GER","Germany",12,"Basketball",2012,NA
"2943",NA,"Women","Silver","AUS","Australia",2,"Basketball",2012,NA
"2944",NA,"Women","Silver","AUS","Australia",3,"Basketball",2012,NA
"2945",NA,"Women","Silver","AUS","Australia",4,"Basketball",2012,NA
"2946",NA,"Women","Silver","AUS","Australia",5,"Basketball",2012,NA
"2947",NA,"Women","Silver","AUS","Australia",6,"Basketball",2012,NA
"2948",NA,"Women","Silver","AUS","Australia",7,"Basketball",2012,NA
"2949",NA,"Women","Silver","AUS","Australia",8,"Basketball",2012,NA
"2950",NA,"Women","Silver","AUS","Australia",9,"Basketball",2012,NA
"2951",NA,"Women","Silver","AUS","Australia",10,"Basketball",2012,NA
"2952",NA,"Women","Silver","AUS","Australia",11,"Basketball",2012,NA
"2953",NA,"Women","Silver","AUS","Australia",12,"Basketball",2012,NA
"2954",NA,"Women","Bronze","NED","Netherlands",2,"Basketball",2012,NA
"2955",NA,"Women","Bronze","NED","Netherlands",3,"Basketball",2012,NA
"2956",NA,"Women","Bronze","NED","Netherlands",4,"Basketball",2012,NA
"2957",NA,"Women","Bronze","NED","Netherlands",5,"Basketball",2012,NA
"2958",NA,"Women","Bronze","NED","Netherlands",6,"Basketball",2012,NA
"2959",NA,"Women","Bronze","NED","Netherlands",7,"Basketball",2012,NA
"2960",NA,"Women","Bronze","NED","Netherlands",8,"Basketball",2012,NA
"2961",NA,"Women","Bronze","NED","Netherlands",9,"Basketball",2012,NA
"2962",NA,"Women","Bronze","NED","Netherlands",10,"Basketball",2012,NA
"2963",NA,"Women","Bronze","NED","Netherlands",11,"Basketball",2012,NA
"2964",NA,"Women","Bronze","NED","Netherlands",12,"Basketball",2012,NA
"2965",NA,"Women","Gold","USA","United States of America",2,"Basketball",2016,NA
"2966",NA,"Women","Gold","USA","United States of America",3,"Basketball",2016,NA
"2967",NA,"Women","Gold","USA","United States of America",4,"Basketball",2016,NA
"2968",NA,"Women","Gold","USA","United States of America",5,"Basketball",2016,NA
"2969",NA,"Women","Gold","USA","United States of America",6,"Basketball",2016,NA
"2970",NA,"Women","Gold","USA","United States of America",7,"Basketball",2016,NA
"2971",NA,"Women","Gold","USA","United States of America",8,"Basketball",2016,NA
"2972",NA,"Women","Gold","USA","United States of America",9,"Basketball",2016,NA
"2973",NA,"Women","Gold","USA","United States of America",10,"Basketball",2016,NA
"2974",NA,"Women","Gold","USA","United States of America",11,"Basketball",2016,NA
"2975",NA,"Women","Gold","USA","United States of America",12,"Basketball",2016,NA
"2976",NA,"Women","Silver","GER","Germany",2,"Basketball",2016,NA
"2977",NA,"Women","Silver","GER","Germany",3,"Basketball",2016,NA
"2978",NA,"Women","Silver","GER","Germany",4,"Basketball",2016,NA
"2979",NA,"Women","Silver","GER","Germany",5,"Basketball",2016,NA
"2980",NA,"Women","Silver","GER","Germany",6,"Basketball",2016,NA
"2981",NA,"Women","Silver","GER","Germany",7,"Basketball",2016,NA
"2982",NA,"Women","Silver","GER","Germany",8,"Basketball",2016,NA
"2983",NA,"Women","Silver","GER","Germany",9,"Basketball",2016,NA
"2984",NA,"Women","Silver","GER","Germany",10,"Basketball",2016,NA
"2985",NA,"Women","Silver","GER","Germany",11,"Basketball",2016,NA
"2986",NA,"Women","Silver","GER","Germany",12,"Basketball",2016,NA
"2987",NA,"Women","Bronze","NED","Netherlands",2,"Basketball",2016,NA
"2988",NA,"Women","Bronze","NED","Netherlands",3,"Basketball",2016,NA
"2989",NA,"Women","Bronze","NED","Netherlands",4,"Basketball",2016,NA
"2990",NA,"Women","Bronze","NED","Netherlands",5,"Basketball",2016,NA
"2991",NA,"Women","Bronze","NED","Netherlands",6,"Basketball",2016,NA
"2992",NA,"Women","Bronze","NED","Netherlands",7,"Basketball",2016,NA
"2993",NA,"Women","Bronze","NED","Netherlands",8,"Basketball",2016,NA
"2994",NA,"Women","Bronze","NED","Netherlands",9,"Basketball",2016,NA
"2995",NA,"Women","Bronze","NED","Netherlands",10,"Basketball",2016,NA
"2996",NA,"Women","Bronze","NED","Netherlands",11,"Basketball",2016,NA
"2997",NA,"Women","Bronze","NED","Netherlands",12,"Basketball",2016,NA
"2998","Women","Foil Individual 2-3","Gold","ISR",NA,NA,"Fencing",1980,NA
"2999","Women","Foil Individual 2-3","Silver","FRA",NA,NA,"Fencing",1980,NA
"3000","Women","Foil Individual 2-3","Bronze","ISR",NA,NA,"Fencing",1980,NA
"3001","Women","Foil Individual 4-5","Gold","FRA",NA,NA,"Fencing",1980,NA
"3002","Women","Foil Individual 4-5","Silver","FRA",NA,NA,"Fencing",1980,NA
"3003","Women","Foil Individual 4-5","Bronze","ISR",NA,NA,"Fencing",1980,NA
"3004","Women","Foil Novice Individual","Gold","ITA",NA,NA,"Fencing",1980,NA
"3005","Women","Foil Novice Individual","Silver","NED",NA,NA,"Fencing",1980,NA
"3006","Women","Foil Novice Individual","Bronze","NED",NA,NA,"Fencing",1980,NA
"3007","Mixed","Foil Individual 1A","Gold","ITA",NA,NA,"Fencing",1980,NA
"3008","Mixed","Foil Individual 1A","Silver","BEL",NA,NA,"Fencing",1980,NA
"3009","Mixed","Foil Individual 1A","Bronze","GBR",NA,NA,"Fencing",1980,NA
"3010","Mixed","Foil Individual 1B","Gold","ITA",NA,NA,"Fencing",1980,NA
"3011","Mixed","Foil Individual 1B","Silver","ITA",NA,NA,"Fencing",1980,NA
"3012","Mixed","Foil Individual 1C","Gold","FRG",NA,NA,"Fencing",1980,NA
"3013","Mixed","Foil Individual 1C","Silver","ITA",NA,NA,"Fencing",1980,NA
"3014","Mixed","Foil Individual 1C","Bronze","FRA",NA,NA,"Fencing",1980,NA
"3015","Women","Foil Team","Gold","FRA","France",2,"Fencing",1980,NA
"3016","Women","Foil Team","Gold","FRA","France",3,"Fencing",1980,NA
"3017","Women","Foil Team","Gold","FRA","France",4,"Fencing",1980,NA
"3018","Women","Foil Team","Silver","ISR","Israel",2,"Fencing",1980,NA
"3019","Women","Foil Team","Silver","ISR","Israel",3,"Fencing",1980,NA
"3020","Women","Foil Team","Silver","ISR","Israel",4,"Fencing",1980,NA
"3021","Women","Foil Team","Bronze","ITA","Italy",2,"Fencing",1980,NA
"3022","Women","Foil Team","Bronze","ITA","Italy",3,"Fencing",1980,NA
"3023","Women","Foil Individual 2-3","Gold","FRA",NA,NA,"Fencing",1984,NA
"3024","Women","Foil Individual 2-3","Silver","ITA",NA,NA,"Fencing",1984,NA
"3025","Women","Foil Individual 2-3","Bronze","FRA",NA,NA,"Fencing",1984,NA
"3026","Women","Foil Individual 4-5","Gold","HKG",NA,NA,"Fencing",1984,NA
"3027","Women","Foil Individual 4-5","Silver","FRA",NA,NA,"Fencing",1984,NA
"3028","Women","Foil Individual 4-5","Bronze","FRA",NA,NA,"Fencing",1984,NA
"3029","Women","Foil Individual 1C","Gold","FRA",NA,NA,"Fencing",1984,NA
"3030","Women","Foil Team","Gold","FRA","France",2,"Fencing",1984,NA
"3031","Women","Foil Team","Silver","ISR","Israel",2,"Fencing",1984,NA
"3032","Women","Foil Team","Silver","ISR","Israel",3,"Fencing",1984,NA
"3033","Women","Epee Individual 1C-3","Gold","FRA",NA,NA,"Fencing",1988,NA
"3034","Women","Epee Individual 1C-3","Silver","ITA",NA,NA,"Fencing",1988,NA
"3035","Women","Epee Individual 1C-3","Bronze","HKG",NA,NA,"Fencing",1988,NA
"3036","Women","Epee Individual 4-6","Gold","GBR",NA,NA,"Fencing",1988,NA
"3037","Women","Epee Individual 4-6","Silver","HKG",NA,NA,"Fencing",1988,NA
"3038","Women","Epee Individual 4-6","Bronze","GBR",NA,NA,"Fencing",1988,NA
"3039","Women","Foil Individual 1C-3","Gold","FRA",NA,NA,"Fencing",1988,NA
"3040","Women","Foil Individual 1C-3","Silver","HKG",NA,NA,"Fencing",1988,NA
"3041","Women","Foil Individual 1C-3","Bronze","FRA",NA,NA,"Fencing",1988,NA
"3042","Women","Foil Individual 4-6","Gold","ITA",NA,NA,"Fencing",1988,NA
"3043","Women","Foil Individual 4-6","Silver","FRA",NA,NA,"Fencing",1988,NA
"3044","Women","Foil Individual 4-6","Bronze","ITA",NA,NA,"Fencing",1988,NA
"3045","Women","Foil Team","Gold","FRA","France",4,"Fencing",1988,NA
"3046","Women","Foil Team","Gold","FRA","France",5,"Fencing",1988,NA
"3047","Women","Foil Team","Gold","FRA","France",6,"Fencing",1988,NA
"3048","Women","Foil Team","Gold","FRA","France",7,"Fencing",1988,NA
"3049","Women","Foil Team","Silver","ITA","Italy",2,"Fencing",1988,NA
"3050","Women","Foil Team","Silver","ITA","Italy",3,"Fencing",1988,NA
"3051","Women","Foil Team","Bronze","ISR","Israel",2,"Fencing",1988,NA
"3052","Women","Foil Team","Bronze","ISR","Israel",3,"Fencing",1988,NA
"3053","Women","Foil Team","Bronze","ISR","Israel",4,"Fencing",1988,NA
"3054","Women","Epee Individual 2","Gold","GER",NA,NA,"Fencing",1992,NA
"3055","Women","Epee Individual 2","Silver","ITA",NA,NA,"Fencing",1992,NA
"3056","Women","Epee Individual 2","Bronze","ESP",NA,NA,"Fencing",1992,NA
"3057","Women","Epee Individual 3-4","Gold","ESP",NA,NA,"Fencing",1992,NA
"3058","Women","Epee Individual 3-4","Silver","FRA",NA,NA,"Fencing",1992,NA
"3059","Women","Epee Individual 3-4","Bronze","ITA",NA,NA,"Fencing",1992,NA
"3060","Women","Foil Individual 2","Gold","ITA",NA,NA,"Fencing",1992,NA
"3061","Women","Foil Individual 2","Silver","FRA",NA,NA,"Fencing",1992,NA
"3062","Women","Foil Individual 2","Bronze","GER",NA,NA,"Fencing",1992,NA
"3063","Women","Foil Individual 3-4","Gold","FRA",NA,NA,"Fencing",1992,NA
"3064","Women","Foil Individual 3-4","Silver","FRA",NA,NA,"Fencing",1992,NA
"3065","Women","Foil Individual 3-4","Bronze","ITA",NA,NA,"Fencing",1992,NA
"3066","Women","Epee Team","Gold","ITA","Italy",2,"Fencing",1992,NA
"3067","Women","Epee Team","Gold","ITA","Italy",3,"Fencing",1992,NA
"3068","Women","Epee Team","Gold","ITA","Italy",4,"Fencing",1992,NA
"3069","Women","Epee Team","Silver","FRA","France",2,"Fencing",1992,NA
"3070","Women","Epee Team","Silver","FRA","France",3,"Fencing",1992,NA
"3071","Women","Epee Team","Bronze","ESP","Spain",2,"Fencing",1992,NA
"3072","Women","Epee Team","Bronze","ESP","Spain",3,"Fencing",1992,NA
"3073","Women","Epee Individual A","Gold","GER",NA,NA,"Fencing",1996,NA
"3074","Women","Epee Individual A","Silver","POL",NA,NA,"Fencing",1996,NA
"3075","Women","Epee Individual A","Bronze","FRA",NA,NA,"Fencing",1996,NA
"3076","Women","Epee Individual B","Gold","ITA",NA,NA,"Fencing",1996,NA
"3077","Women","Epee Individual B","Silver","ITA",NA,NA,"Fencing",1996,NA
"3078","Women","Epee Individual B","Bronze","GER",NA,NA,"Fencing",1996,NA
"3079","Women","Foil Individual A","Gold","FRA",NA,NA,"Fencing",1996,NA
"3080","Women","Foil Individual A","Silver","FRA",NA,NA,"Fencing",1996,NA
"3081","Women","Foil Individual A","Bronze","FRA",NA,NA,"Fencing",1996,NA
"3082","Women","Foil Individual B","Gold","FRA",NA,NA,"Fencing",1996,NA
"3083","Women","Foil Individual B","Silver","HUN",NA,NA,"Fencing",1996,NA
"3084","Women","Foil Individual B","Bronze","GER",NA,NA,"Fencing",1996,NA
"3085","Women","Epee Team","Gold","FRA","France",2,"Fencing",1996,NA
"3086","Women","Epee Team","Gold","FRA","France",3,"Fencing",1996,NA
"3087","Women","Epee Team","Gold","FRA","France",4,"Fencing",1996,NA
"3088","Women","Epee Team","Silver","GER","Germany",2,"Fencing",1996,NA
"3089","Women","Epee Team","Silver","GER","Germany",3,"Fencing",1996,NA
"3090","Women","Epee Team","Silver","GER","Germany",4,"Fencing",1996,NA
"3091","Women","Epee Team","Bronze","ESP","Spain",2,"Fencing",1996,NA
"3092","Women","Epee Team","Bronze","ESP","Spain",3,"Fencing",1996,NA
"3093","Women","Foil Team","Gold","FRA","France",2,"Fencing",1996,NA
"3094","Women","Foil Team","Gold","FRA","France",3,"Fencing",1996,NA
"3095","Women","Foil Team","Gold","FRA","France",4,"Fencing",1996,NA
"3096","Women","Foil Team","Silver","ITA","Italy",2,"Fencing",1996,NA
"3097","Women","Foil Team","Silver","ITA","Italy",3,"Fencing",1996,NA
"3098","Women","Foil Team","Bronze","GER","Germany",2,"Fencing",1996,NA
"3099","Women","Foil Team","Bronze","GER","Germany",3,"Fencing",1996,NA
"3100","Women","Foil Team","Bronze","GER","Germany",4,"Fencing",1996,NA
"3101","Women","Epee Individual A","Gold","POL",NA,NA,"Fencing",2000,NA
"3102","Women","Epee Individual A","Silver","GER",NA,NA,"Fencing",2000,NA
"3103","Women","Epee Individual A","Bronze","HUN",NA,NA,"Fencing",2000,NA
"3104","Women","Epee Individual B","Gold","POL",NA,NA,"Fencing",2000,NA
"3105","Women","Epee Individual B","Silver","HUN",NA,NA,"Fencing",2000,NA
"3106","Women","Epee Individual B","Bronze","GER",NA,NA,"Fencing",2000,NA
"3107","Women","Foil Individual A","Gold","FRA",NA,NA,"Fencing",2000,NA
"3108","Women","Foil Individual A","Silver","POL",NA,NA,"Fencing",2000,NA
"3109","Women","Foil Individual A","Bronze","HUN",NA,NA,"Fencing",2000,NA
"3110","Women","Foil Individual B","Gold","POL",NA,NA,"Fencing",2000,NA
"3111","Women","Foil Individual B","Silver","GER",NA,NA,"Fencing",2000,NA
"3112","Women","Foil Individual B","Bronze","FRA",NA,NA,"Fencing",2000,NA
"3113","Women","Epee Team","Gold","POL","Poland",2,"Fencing",2000,NA
"3114","Women","Epee Team","Gold","POL","Poland",3,"Fencing",2000,NA
"3115","Women","Epee Team","Silver","GER","Germany",5,"Fencing",2000,NA
"3116","Women","Epee Team","Silver","GER","Germany",6,"Fencing",2000,NA
"3117","Women","Epee Team","Silver","GER","Germany",7,"Fencing",2000,NA
"3118","Women","Epee Team","Silver","GER","Germany",8,"Fencing",2000,NA
"3119","Women","Epee Team","Bronze","FRA","France",2,"Fencing",2000,NA
"3120","Women","Epee Team","Bronze","FRA","France",3,"Fencing",2000,NA
"3121","Women","Foil Team","Gold","POL","Poland",2,"Fencing",2000,NA
"3122","Women","Foil Team","Gold","POL","Poland",3,"Fencing",2000,NA
"3123","Women","Foil Team","Silver","FRA","France",2,"Fencing",2000,NA
"3124","Women","Foil Team","Silver","FRA","France",3,"Fencing",2000,NA
"3125","Women","Foil Team","Bronze","GER","Germany",2,"Fencing",2000,NA
"3126","Women","Foil Team","Bronze","GER","Germany",3,"Fencing",2000,NA
"3127","Women","Foil Team","Bronze","GER","Germany",4,"Fencing",2000,NA
"3128","Women","Epee Individual A","Gold","HKG",NA,NA,"Fencing",2004,NA
"3129","Women","Epee Individual A","Silver","HKG",NA,NA,"Fencing",2004,NA
"3130","Women","Epee Individual A","Bronze","HUN",NA,NA,"Fencing",2004,NA
"3131","Women","Epee Individual B","Gold","THA",NA,NA,"Fencing",2004,NA
"3132","Women","Epee Individual B","Silver","HKG",NA,NA,"Fencing",2004,NA
"3133","Women","Epee Individual B","Bronze","POL",NA,NA,"Fencing",2004,NA
"3134","Women","Foil Individual A","Gold","HKG",NA,NA,"Fencing",2004,NA
"3135","Women","Foil Individual A","Silver","HKG",NA,NA,"Fencing",2004,NA
"3136","Women","Foil Individual A","Bronze","FRA",NA,NA,"Fencing",2004,NA
"3137","Women","Foil Individual B","Gold","HKG",NA,NA,"Fencing",2004,NA
"3138","Women","Foil Individual B","Silver","HUN",NA,NA,"Fencing",2004,NA
"3139","Women","Foil Individual B","Bronze","THA",NA,NA,"Fencing",2004,NA
"3140","Women","Epee Team","Gold","HKG","Hong Kong",2,"Fencing",2004,NA
"3141","Women","Epee Team","Gold","HKG","Hong Kong",3,"Fencing",2004,NA
"3142","Women","Epee Team","Gold","HKG","Hong Kong",4,"Fencing",2004,NA
"3143","Women","Epee Team","Silver","HUN","Hungary",2,"Fencing",2004,NA
"3144","Women","Epee Team","Silver","HUN","Hungary",3,"Fencing",2004,NA
"3145","Women","Epee Team","Silver","HUN","Hungary",4,"Fencing",2004,NA
"3146","Women","Epee Team","Bronze","FRA","France",2,"Fencing",2004,NA
"3147","Women","Epee Team","Bronze","FRA","France",3,"Fencing",2004,NA
"3148","Women","Epee Team","Bronze","FRA","France",4,"Fencing",2004,NA
"3149","Women","Foil Team","Gold","HKG","Hong Kong",2,"Fencing",2004,NA
"3150","Women","Foil Team","Gold","HKG","Hong Kong",3,"Fencing",2004,NA
"3151","Women","Foil Team","Gold","HKG","Hong Kong",4,"Fencing",2004,NA
"3152","Women","Foil Team","Silver","HUN","Hungary",2,"Fencing",2004,NA
"3153","Women","Foil Team","Silver","HUN","Hungary",3,"Fencing",2004,NA
"3154","Women","Foil Team","Silver","HUN","Hungary",4,"Fencing",2004,NA
"3155","Women","Foil Team","Bronze","POL","Poland",5,"Fencing",2004,NA
"3156","Women","Foil Team","Bronze","POL","Poland",6,"Fencing",2004,NA
"3157","Women","Foil Team","Bronze","POL","Poland",7,"Fencing",2004,NA
"3158","Women","Foil Team","Bronze","POL","Poland",8,"Fencing",2004,NA
"3159","Women","Epee Individual A","Gold","CHN",NA,NA,"Fencing",2008,NA
"3160","Women","Epee Individual A","Silver","HKG",NA,NA,"Fencing",2008,NA
"3161","Women","Epee Individual A","Bronze","HKG",NA,NA,"Fencing",2008,NA
"3162","Women","Epee Individual B","Gold","HKG",NA,NA,"Fencing",2008,NA
"3163","Women","Epee Individual B","Silver","CHN",NA,NA,"Fencing",2008,NA
"3164","Women","Epee Individual B","Bronze","THA",NA,NA,"Fencing",2008,NA
"3165","Women","Foil Individual A","Gold","HKG",NA,NA,"Fencing",2008,NA
"3166","Women","Foil Individual A","Silver","CHN",NA,NA,"Fencing",2008,NA
"3167","Women","Foil Individual A","Bronze","HKG",NA,NA,"Fencing",2008,NA
"3168","Women","Foil Individual B","Gold","HKG",NA,NA,"Fencing",2008,NA
"3169","Women","Foil Individual B","Silver","CHN",NA,NA,"Fencing",2008,NA
"3170","Women","Foil Individual B","Bronze","CHN",NA,NA,"Fencing",2008,NA
"3171","Women","Epee Individual Cat. A","Gold","HKG",NA,NA,"Fencing",2012,NA
"3172","Women","Epee Individual Cat. A","Silver","HUN",NA,NA,"Fencing",2012,NA
"3173","Women","Epee Individual Cat. A","Bronze","CHN",NA,NA,"Fencing",2012,NA
"3174","Women","Epee Individual Cat. B","Gold","THA",NA,NA,"Fencing",2012,NA
"3175","Women","Epee Individual Cat. B","Silver","GER",NA,NA,"Fencing",2012,NA
"3176","Women","Epee Individual Cat. B","Bronze","HKG",NA,NA,"Fencing",2012,NA
"3177","Women","Foil Individual Cat. A","Gold","HKG",NA,NA,"Fencing",2012,NA
"3178","Women","Foil Individual Cat. A","Silver","CHN",NA,NA,"Fencing",2012,NA
"3179","Women","Foil Individual Cat. A","Bronze","HUN",NA,NA,"Fencing",2012,NA
"3180","Women","Foil Individual Cat. B","Gold","CHN",NA,NA,"Fencing",2012,NA
"3181","Women","Foil Individual Cat. B","Silver","HUN",NA,NA,"Fencing",2012,NA
"3182","Women","Foil Individual Cat. B","Bronze","POL",NA,NA,"Fencing",2012,NA
"3183","Women","Epee Team Cat. Open","Gold","CHN","China",2,"Fencing",2012,NA
"3184","Women","Epee Team Cat. Open","Gold","CHN","China",3,"Fencing",2012,NA
"3185","Women","Epee Team Cat. Open","Silver","HUN","Hungary",2,"Fencing",2012,NA
"3186","Women","Epee Team Cat. Open","Silver","HUN","Hungary",3,"Fencing",2012,NA
"3187","Women","Epee Team Cat. Open","Bronze","HKG","Hong Kong",2,"Fencing",2012,NA
"3188","Women","Epee Team Cat. Open","Bronze","HKG","Hong Kong",3,"Fencing",2012,NA
"3189","Women","Individual Epee Cat. A","Gold","CHN",NA,NA,"Fencing",2016,NA
"3190","Women","Individual Epee Cat. A","Silver","CHN",NA,NA,"Fencing",2016,NA
"3191","Women","Individual Epee Cat. A","Bronze","UKR",NA,NA,"Fencing",2016,NA
"3192","Women","Individual Epee Cat. B","Gold","CHN",NA,NA,"Fencing",2016,NA
"3193","Women","Individual Epee Cat. B","Silver","THA",NA,NA,"Fencing",2016,NA
"3194","Women","Individual Epee Cat. B","Bronze","HKG",NA,NA,"Fencing",2016,NA
"3195","Women","Individual Foil Cat. A","Gold","CHN",NA,NA,"Fencing",2016,NA
"3196","Women","Individual Foil Cat. A","Silver","HKG",NA,NA,"Fencing",2016,NA
"3197","Women","Individual Foil Cat. A","Bronze","HUN",NA,NA,"Fencing",2016,NA
"3198","Women","Individual Foil Cat. B","Gold","ITA",NA,NA,"Fencing",2016,NA
"3199","Women","Individual Foil Cat. B","Silver","CHN",NA,NA,"Fencing",2016,NA
"3200","Women","Individual Foil Cat. B","Bronze","CHN",NA,NA,"Fencing",2016,NA
"3201","Women","Epee Team","Gold","CHN","China",2,"Fencing",2016,NA
"3202","Women","Epee Team","Gold","CHN","China",3,"Fencing",2016,NA
"3203","Women","Epee Team","Silver","HKG","Hong Kong",2,"Fencing",2016,NA
"3204","Women","Epee Team","Silver","HKG","Hong Kong",3,"Fencing",2016,NA
"3205","Women","Epee Team","Bronze","HUN","Hungary",2,"Fencing",2016,NA
"3206","Women","Epee Team","Bronze","HUN","Hungary",3,"Fencing",2016,NA
"3207","Women","Foil Team","Gold","CHN","China",4,"Fencing",2016,NA
"3208","Women","Foil Team","Gold","CHN","China",5,"Fencing",2016,NA
"3209","Women","Foil Team","Gold","CHN","China",6,"Fencing",2016,NA
"3210","Women","Foil Team","Silver","HUN","Hungary",2,"Fencing",2016,NA
"3211","Women","Foil Team","Silver","HUN","Hungary",3,"Fencing",2016,NA
"3212","Women","Foil Team","Bronze","ITA","Italy",2,"Fencing",2016,NA
"3213","Women","Foil Team","Bronze","ITA","Italy",3,"Fencing",2016,NA
"3214","Women","-40 kg","Gold","CHN",NA,NA,"Powerlifting",2000,NA
"3215","Women","-40 kg","Silver","UKR",NA,NA,"Powerlifting",2000,NA
"3216","Women","-40 kg","Bronze","MEX",NA,NA,"Powerlifting",2000,NA
"3217","Women","-44 kg","Gold","EGY",NA,NA,"Powerlifting",2000,NA
"3218","Women","-44 kg","Silver","NGR",NA,NA,"Powerlifting",2000,NA
"3219","Women","-44 kg","Bronze","TPE",NA,NA,"Powerlifting",2000,NA
"3220","Women","-48 kg","Gold","NGR",NA,NA,"Powerlifting",2000,NA
"3221","Women","-48 kg","Silver","EGY",NA,NA,"Powerlifting",2000,NA
"3222","Women","-48 kg","Bronze","CHN",NA,NA,"Powerlifting",2000,NA
"3223","Women","-52 kg","Gold","RUS",NA,NA,"Powerlifting",2000,NA
"3224","Women","-52 kg","Silver","MEX",NA,NA,"Powerlifting",2000,NA
"3225","Women","-52 kg","Bronze","NGR",NA,NA,"Powerlifting",2000,NA
"3226","Women","-56 kg","Gold","CHN",NA,NA,"Powerlifting",2000,NA
"3227","Women","-56 kg","Silver","THA",NA,NA,"Powerlifting",2000,NA
"3228","Women","-56 kg","Bronze","RSA",NA,NA,"Powerlifting",2000,NA
"3229","Women","-60 kg","Gold","NGR",NA,NA,"Powerlifting",2000,NA
"3230","Women","-60 kg","Silver","CHN",NA,NA,"Powerlifting",2000,NA
"3231","Women","-60 kg","Bronze","UKR",NA,NA,"Powerlifting",2000,NA
"3232","Women","-67.5 kg","Gold","NGR",NA,NA,"Powerlifting",2000,NA
"3233","Women","-67.5 kg","Silver","CHN",NA,NA,"Powerlifting",2000,NA
"3234","Women","-67.5 kg","Bronze","EGY",NA,NA,"Powerlifting",2000,NA
"3235","Women","-75 kg","Gold","CHN",NA,NA,"Powerlifting",2000,NA
"3236","Women","-75 kg","Silver","MEX",NA,NA,"Powerlifting",2000,NA
"3237","Women","-75 kg","Bronze","NGR",NA,NA,"Powerlifting",2000,NA
"3238","Women","-82.5 kg","Gold","GBR",NA,NA,"Powerlifting",2000,NA
"3239","Women","-82.5 kg","Silver","EGY",NA,NA,"Powerlifting",2000,NA
"3240","Women","-82.5 kg","Bronze","PHI",NA,NA,"Powerlifting",2000,NA
"3241","Women","+82.5 kg","Gold","CHN",NA,NA,"Powerlifting",2000,NA
"3242","Women","+82.5 kg","Silver","FRA",NA,NA,"Powerlifting",2000,NA
"3243","Women","+82.5 kg","Bronze","NGR",NA,NA,"Powerlifting",2000,NA
"3244","Women","-40 kg","Gold","UKR",NA,NA,"Powerlifting",2004,NA
"3245","Women","-40 kg","Silver","NGR",NA,NA,"Powerlifting",2004,NA
"3246","Women","-40 kg","Bronze","MEX",NA,NA,"Powerlifting",2004,NA
"3247","Women","-44 kg","Gold","NGR",NA,NA,"Powerlifting",2004,NA
"3248","Women","-44 kg","Silver","EGY",NA,NA,"Powerlifting",2004,NA
"3249","Women","-44 kg","Bronze","CHN",NA,NA,"Powerlifting",2004,NA
"3250","Women","-48 kg","Gold","CHN",NA,NA,"Powerlifting",2004,NA
"3251","Women","-48 kg","Silver","MEX",NA,NA,"Powerlifting",2004,NA
"3252","Women","-48 kg","Bronze","UKR",NA,NA,"Powerlifting",2004,NA
"3253","Women","-52 kg","Gold","RUS",NA,NA,"Powerlifting",2004,NA
"3254","Women","-52 kg","Silver","EGY",NA,NA,"Powerlifting",2004,NA
"3255","Women","-52 kg","Bronze","CHN",NA,NA,"Powerlifting",2004,NA
"3256","Women","-56 kg","Gold","EGY",NA,NA,"Powerlifting",2004,NA
"3257","Women","-56 kg","Silver","NGR",NA,NA,"Powerlifting",2004,NA
"3258","Women","-56 kg","Bronze","CHN",NA,NA,"Powerlifting",2004,NA
"3259","Women","-60 kg","Gold","CHN",NA,NA,"Powerlifting",2004,NA
"3260","Women","-60 kg","Silver","FRA",NA,NA,"Powerlifting",2004,NA
"3261","Women","-60 kg","Bronze","EGY",NA,NA,"Powerlifting",2004,NA
"3262","Women","-67.5 kg","Gold","EGY",NA,NA,"Powerlifting",2004,NA
"3263","Women","-67.5 kg","Silver","CHN",NA,NA,"Powerlifting",2004,NA
"3264","Women","-67.5 kg","Bronze","MEX",NA,NA,"Powerlifting",2004,NA
"3265","Women","-75 kg","Gold","TPE",NA,NA,"Powerlifting",2004,NA
"3266","Women","-75 kg","Silver","CHN",NA,NA,"Powerlifting",2004,NA
"3267","Women","-75 kg","Bronze","NGR",NA,NA,"Powerlifting",2004,NA
"3268","Women","-82.5 kg","Gold","GBR",NA,NA,"Powerlifting",2004,NA
"3269","Women","-82.5 kg","Silver","FRA",NA,NA,"Powerlifting",2004,NA
"3270","Women","-82.5 kg","Bronze","EGY",NA,NA,"Powerlifting",2004,NA
"3271","Women","+82.5 kg","Gold","CHN",NA,NA,"Powerlifting",2004,NA
"3272","Women","+82.5 kg","Silver","EGY",NA,NA,"Powerlifting",2004,NA
"3273","Women","+82.5 kg","Bronze","NGR",NA,NA,"Powerlifting",2004,NA
"3274","Women","-40 kg","Gold","UKR",NA,NA,"Powerlifting",2008,NA
"3275","Women","-40 kg","Silver","CHN",NA,NA,"Powerlifting",2008,NA
"3276","Women","-40 kg","Bronze","MEX",NA,NA,"Powerlifting",2008,NA
"3277","Women","-44 kg","Gold","CHN",NA,NA,"Powerlifting",2008,NA
"3278","Women","-44 kg","Silver","POL",NA,NA,"Powerlifting",2008,NA
"3279","Women","-44 kg","Bronze","EGY",NA,NA,"Powerlifting",2008,NA
"3280","Women","-48 kg","Gold","NGR",NA,NA,"Powerlifting",2008,NA
"3281","Women","-48 kg","Silver","RUS",NA,NA,"Powerlifting",2008,NA
"3282","Women","-48 kg","Bronze","FRA",NA,NA,"Powerlifting",2008,NA
"3283","Women","-52 kg","Gold","MEX",NA,NA,"Powerlifting",2008,NA
"3284","Women","-52 kg","Silver","RUS",NA,NA,"Powerlifting",2008,NA
"3285","Women","-52 kg","Bronze","THA",NA,NA,"Powerlifting",2008,NA
"3286","Women","-56 kg","Gold","EGY",NA,NA,"Powerlifting",2008,NA
"3287","Women","-56 kg","Silver","RUS",NA,NA,"Powerlifting",2008,NA
"3288","Women","-56 kg","Bronze","MAS",NA,NA,"Powerlifting",2008,NA
"3289","Women","-60 kg","Gold","CHN",NA,NA,"Powerlifting",2008,NA
"3290","Women","-60 kg","Silver","EGY",NA,NA,"Powerlifting",2008,NA
"3291","Women","-60 kg","Bronze","NGR",NA,NA,"Powerlifting",2008,NA
"3292","Women","-67.5 kg","Gold","CHN",NA,NA,"Powerlifting",2008,NA
"3293","Women","-67.5 kg","Silver","NGR",NA,NA,"Powerlifting",2008,NA
"3294","Women","-67.5 kg","Bronze","SYR",NA,NA,"Powerlifting",2008,NA
"3295","Women","-75 kg","Gold","TPE",NA,NA,"Powerlifting",2008,NA
"3296","Women","-75 kg","Silver","EGY",NA,NA,"Powerlifting",2008,NA
"3297","Women","-75 kg","Bronze","CHN",NA,NA,"Powerlifting",2008,NA
"3298","Women","-82.5 kg","Gold","EGY",NA,NA,"Powerlifting",2008,NA
"3299","Women","-82.5 kg","Silver","CHN",NA,NA,"Powerlifting",2008,NA
"3300","Women","-82.5 kg","Bronze","MEX",NA,NA,"Powerlifting",2008,NA
"3301","Women","+82.5 kg","Gold","CHN",NA,NA,"Powerlifting",2008,NA
"3302","Women","+82.5 kg","Silver","NGR",NA,NA,"Powerlifting",2008,NA
"3303","Women","+82.5 kg","Bronze","EGY",NA,NA,"Powerlifting",2008,NA
"3304","Women","-40 kg","Gold","TUR",NA,NA,"Powerlifting",2012,NA
"3305","Women","-40 kg","Silver","CHN",NA,NA,"Powerlifting",2012,NA
"3306","Women","-40 kg","Bronze","GBR",NA,NA,"Powerlifting",2012,NA
"3307","Women","-44 kg","Gold","NGR",NA,NA,"Powerlifting",2012,NA
"3308","Women","-44 kg","Silver","TUR",NA,NA,"Powerlifting",2012,NA
"3309","Women","-44 kg","Bronze","UKR",NA,NA,"Powerlifting",2012,NA
"3310","Women","-48 kg","Gold","NGR",NA,NA,"Powerlifting",2012,NA
"3311","Women","-48 kg","Silver","RUS",NA,NA,"Powerlifting",2012,NA
"3312","Women","-48 kg","Bronze","CHN",NA,NA,"Powerlifting",2012,NA
"3313","Women","-52 kg","Gold","NGR",NA,NA,"Powerlifting",2012,NA
"3314","Women","-52 kg","Silver","RUS",NA,NA,"Powerlifting",2012,NA
"3315","Women","-52 kg","Bronze","CHN",NA,NA,"Powerlifting",2012,NA
"3316","Women","-56 kg","Gold","EGY",NA,NA,"Powerlifting",2012,NA
"3317","Women","-56 kg","Silver","NGR",NA,NA,"Powerlifting",2012,NA
"3318","Women","-56 kg","Bronze","TUR",NA,NA,"Powerlifting",2012,NA
"3319","Women","-60 kg","Gold","MEX",NA,NA,"Powerlifting",2012,NA
"3320","Women","-60 kg","Silver","CHN",NA,NA,"Powerlifting",2012,NA
"3321","Women","-60 kg","Bronze","EGY",NA,NA,"Powerlifting",2012,NA
"3322","Women","-67.5 kg","Gold","FRA",NA,NA,"Powerlifting",2012,NA
"3323","Women","-67.5 kg","Silver","CHN",NA,NA,"Powerlifting",2012,NA
"3324","Women","-67.5 kg","Bronze","NGR",NA,NA,"Powerlifting",2012,NA
"3325","Women","-75 kg","Gold","CHN",NA,NA,"Powerlifting",2012,NA
"3326","Women","-75 kg","Silver","NGR",NA,NA,"Powerlifting",2012,NA
"3327","Women","-75 kg","Bronze","TPE",NA,NA,"Powerlifting",2012,NA
"3328","Women","-82.5 kg","Gold","NGR",NA,NA,"Powerlifting",2012,NA
"3329","Women","-82.5 kg","Silver","EGY",NA,NA,"Powerlifting",2012,NA
"3330","Women","-82.5 kg","Bronze","CHN",NA,NA,"Powerlifting",2012,NA
"3331","Women","+82.5 kg","Gold","NGR",NA,NA,"Powerlifting",2012,NA
"3332","Women","+82.5 kg","Silver","EGY",NA,NA,"Powerlifting",2012,NA
"3333","Women","+82.5 kg","Bronze","MEX",NA,NA,"Powerlifting",2012,NA
"3334","Women","-41 kg","Gold","TUR",NA,NA,"Powerlifting",2016,NA
"3335","Women","-41 kg","Silver","CHN",NA,NA,"Powerlifting",2016,NA
"3336","Women","-41 kg","Bronze","INA",NA,NA,"Powerlifting",2016,NA
"3337","Women","-45 kg","Gold","CHN",NA,NA,"Powerlifting",2016,NA
"3338","Women","-45 kg","Silver","NGR",NA,NA,"Powerlifting",2016,NA
"3339","Women","-45 kg","Bronze","GBR",NA,NA,"Powerlifting",2016,NA
"3340","Women","-50 kg","Gold","UKR",NA,NA,"Powerlifting",2016,NA
"3341","Women","-50 kg","Silver","EGY",NA,NA,"Powerlifting",2016,NA
"3342","Women","-50 kg","Bronze","VIE",NA,NA,"Powerlifting",2016,NA
"3343","Women","-55 kg","Gold","MEX",NA,NA,"Powerlifting",2016,NA
"3344","Women","-55 kg","Silver","NGR",NA,NA,"Powerlifting",2016,NA
"3345","Women","-55 kg","Bronze","CHN",NA,NA,"Powerlifting",2016,NA
"3346","Women","-61 kg","Gold","NGR",NA,NA,"Powerlifting",2016,NA
"3347","Women","-61 kg","Silver","EGY",NA,NA,"Powerlifting",2016,NA
"3348","Women","-61 kg","Bronze","CHN",NA,NA,"Powerlifting",2016,NA
"3349","Women","-67 kg","Gold","CHN",NA,NA,"Powerlifting",2016,NA
"3350","Women","-67 kg","Silver","KAZ",NA,NA,"Powerlifting",2016,NA
"3351","Women","-67 kg","Bronze","EGY",NA,NA,"Powerlifting",2016,NA
"3352","Women","-73 kg","Gold","NGR",NA,NA,"Powerlifting",2016,NA
"3353","Women","-73 kg","Silver","FRA",NA,NA,"Powerlifting",2016,NA
"3354","Women","-73 kg","Bronze","EGY",NA,NA,"Powerlifting",2016,NA
"3355","Women","-79 kg","Gold","NGR",NA,NA,"Powerlifting",2016,NA
"3356","Women","-79 kg","Silver","CHN",NA,NA,"Powerlifting",2016,NA
"3357","Women","-79 kg","Bronze","TPE",NA,NA,"Powerlifting",2016,NA
"3358","Women","-86 kg","Gold","EGY",NA,NA,"Powerlifting",2016,NA
"3359","Women","-86 kg","Silver","JOR",NA,NA,"Powerlifting",2016,NA
"3360","Women","-86 kg","Bronze","MEX",NA,NA,"Powerlifting",2016,NA
"3361","Women","+86 kg","Gold","NGR",NA,NA,"Powerlifting",2016,NA
"3362","Women","+86 kg","Silver","POL",NA,NA,"Powerlifting",2016,NA
"3363","Women","+86 kg","Bronze","NED",NA,NA,"Powerlifting",2016,NA
"3364","Mixed","Wheelchair Rugby","Gold","USA","United States of America",2,"Rugby",2000,NA
"3365","Mixed","Wheelchair Rugby","Gold","USA","United States of America",3,"Rugby",2000,NA
"3366","Mixed","Wheelchair Rugby","Gold","USA","United States of America",4,"Rugby",2000,NA
"3367","Mixed","Wheelchair Rugby","Gold","USA","United States of America",5,"Rugby",2000,NA
"3368","Mixed","Wheelchair Rugby","Gold","USA","United States of America",6,"Rugby",2000,NA
"3369","Mixed","Wheelchair Rugby","Gold","USA","United States of America",7,"Rugby",2000,NA
"3370","Mixed","Wheelchair Rugby","Gold","USA","United States of America",8,"Rugby",2000,NA
"3371","Mixed","Wheelchair Rugby","Gold","USA","United States of America",9,"Rugby",2000,NA
"3372","Mixed","Wheelchair Rugby","Gold","USA","United States of America",10,"Rugby",2000,NA
"3373","Mixed","Wheelchair Rugby","Gold","USA","United States of America",11,"Rugby",2000,NA
"3374","Mixed","Wheelchair Rugby","Gold","USA","United States of America",12,"Rugby",2000,NA
"3375","Mixed","Wheelchair Rugby","Silver","AUS","Australia",2,"Rugby",2000,NA
"3376","Mixed","Wheelchair Rugby","Silver","AUS","Australia",3,"Rugby",2000,NA
"3377","Mixed","Wheelchair Rugby","Silver","AUS","Australia",4,"Rugby",2000,NA
"3378","Mixed","Wheelchair Rugby","Silver","AUS","Australia",5,"Rugby",2000,NA
"3379","Mixed","Wheelchair Rugby","Silver","AUS","Australia",6,"Rugby",2000,NA
"3380","Mixed","Wheelchair Rugby","Silver","AUS","Australia",7,"Rugby",2000,NA
"3381","Mixed","Wheelchair Rugby","Silver","AUS","Australia",8,"Rugby",2000,NA
"3382","Mixed","Wheelchair Rugby","Silver","AUS","Australia",9,"Rugby",2000,NA
"3383","Mixed","Wheelchair Rugby","Silver","AUS","Australia",10,"Rugby",2000,NA
"3384","Mixed","Wheelchair Rugby","Silver","AUS","Australia",11,"Rugby",2000,NA
"3385","Mixed","Wheelchair Rugby","Silver","AUS","Australia",12,"Rugby",2000,NA
"3386","Mixed","Wheelchair Rugby","Bronze","NZL","New Zealand",2,"Rugby",2000,NA
"3387","Mixed","Wheelchair Rugby","Bronze","NZL","New Zealand",3,"Rugby",2000,NA
"3388","Mixed","Wheelchair Rugby","Bronze","NZL","New Zealand",4,"Rugby",2000,NA
"3389","Mixed","Wheelchair Rugby","Bronze","NZL","New Zealand",5,"Rugby",2000,NA
"3390","Mixed","Wheelchair Rugby","Bronze","NZL","New Zealand",6,"Rugby",2000,NA
"3391","Mixed","Wheelchair Rugby","Bronze","NZL","New Zealand",7,"Rugby",2000,NA
"3392","Mixed","Wheelchair Rugby","Bronze","NZL","New Zealand",8,"Rugby",2000,NA
"3393","Mixed","Wheelchair Rugby","Bronze","NZL","New Zealand",9,"Rugby",2000,NA
"3394","Mixed","Wheelchair Rugby","Bronze","NZL","New Zealand",10,"Rugby",2000,NA
"3395","Mixed","Wheelchair Rugby","Bronze","NZL","New Zealand",11,"Rugby",2000,NA
"3396","Mixed","Wheelchair Rugby","Gold","NZL","New Zealand",2,"Rugby",2004,NA
"3397","Mixed","Wheelchair Rugby","Gold","NZL","New Zealand",3,"Rugby",2004,NA
"3398","Mixed","Wheelchair Rugby","Gold","NZL","New Zealand",4,"Rugby",2004,NA
"3399","Mixed","Wheelchair Rugby","Gold","NZL","New Zealand",5,"Rugby",2004,NA
"3400","Mixed","Wheelchair Rugby","Gold","NZL","New Zealand",6,"Rugby",2004,NA
"3401","Mixed","Wheelchair Rugby","Gold","NZL","New Zealand",7,"Rugby",2004,NA
"3402","Mixed","Wheelchair Rugby","Gold","NZL","New Zealand",8,"Rugby",2004,NA
"3403","Mixed","Wheelchair Rugby","Gold","NZL","New Zealand",9,"Rugby",2004,NA
"3404","Mixed","Wheelchair Rugby","Silver","CAN","Canada",2,"Rugby",2004,NA
"3405","Mixed","Wheelchair Rugby","Silver","CAN","Canada",3,"Rugby",2004,NA
"3406","Mixed","Wheelchair Rugby","Silver","CAN","Canada",4,"Rugby",2004,NA
"3407","Mixed","Wheelchair Rugby","Silver","CAN","Canada",5,"Rugby",2004,NA
"3408","Mixed","Wheelchair Rugby","Silver","CAN","Canada",6,"Rugby",2004,NA
"3409","Mixed","Wheelchair Rugby","Silver","CAN","Canada",7,"Rugby",2004,NA
"3410","Mixed","Wheelchair Rugby","Silver","CAN","Canada",8,"Rugby",2004,NA
"3411","Mixed","Wheelchair Rugby","Silver","CAN","Canada",9,"Rugby",2004,NA
"3412","Mixed","Wheelchair Rugby","Silver","CAN","Canada",10,"Rugby",2004,NA
"3413","Mixed","Wheelchair Rugby","Silver","CAN","Canada",11,"Rugby",2004,NA
"3414","Mixed","Wheelchair Rugby","Silver","CAN","Canada",12,"Rugby",2004,NA
"3415","Mixed","Wheelchair Rugby","Bronze","USA","United States of America",2,"Rugby",2004,NA
"3416","Mixed","Wheelchair Rugby","Bronze","USA","United States of America",3,"Rugby",2004,NA
"3417","Mixed","Wheelchair Rugby","Bronze","USA","United States of America",4,"Rugby",2004,NA
"3418","Mixed","Wheelchair Rugby","Bronze","USA","United States of America",5,"Rugby",2004,NA
"3419","Mixed","Wheelchair Rugby","Bronze","USA","United States of America",6,"Rugby",2004,NA
"3420","Mixed","Wheelchair Rugby","Bronze","USA","United States of America",7,"Rugby",2004,NA
"3421","Mixed","Wheelchair Rugby","Bronze","USA","United States of America",8,"Rugby",2004,NA
"3422","Mixed","Wheelchair Rugby","Bronze","USA","United States of America",9,"Rugby",2004,NA
"3423","Mixed","Wheelchair Rugby","Bronze","USA","United States of America",10,"Rugby",2004,NA
"3424","Mixed","Wheelchair Rugby","Bronze","USA","United States of America",11,"Rugby",2004,NA
"3425","Mixed","Wheelchair Rugby","Bronze","USA","United States of America",12,"Rugby",2004,NA
"3426","Mixed","Wheelchair Rugby","Gold","USA","United States of America",2,"Rugby",2008,NA
"3427","Mixed","Wheelchair Rugby","Gold","USA","United States of America",3,"Rugby",2008,NA
"3428","Mixed","Wheelchair Rugby","Gold","USA","United States of America",4,"Rugby",2008,NA
"3429","Mixed","Wheelchair Rugby","Gold","USA","United States of America",5,"Rugby",2008,NA
"3430","Mixed","Wheelchair Rugby","Gold","USA","United States of America",6,"Rugby",2008,NA
"3431","Mixed","Wheelchair Rugby","Gold","USA","United States of America",7,"Rugby",2008,NA
"3432","Mixed","Wheelchair Rugby","Gold","USA","United States of America",8,"Rugby",2008,NA
"3433","Mixed","Wheelchair Rugby","Gold","USA","United States of America",9,"Rugby",2008,NA
"3434","Mixed","Wheelchair Rugby","Gold","USA","United States of America",10,"Rugby",2008,NA
"3435","Mixed","Wheelchair Rugby","Gold","USA","United States of America",11,"Rugby",2008,NA
"3436","Mixed","Wheelchair Rugby","Silver","AUS","Australia",2,"Rugby",2008,NA
"3437","Mixed","Wheelchair Rugby","Silver","AUS","Australia",3,"Rugby",2008,NA
"3438","Mixed","Wheelchair Rugby","Silver","AUS","Australia",4,"Rugby",2008,NA
"3439","Mixed","Wheelchair Rugby","Silver","AUS","Australia",5,"Rugby",2008,NA
"3440","Mixed","Wheelchair Rugby","Silver","AUS","Australia",6,"Rugby",2008,NA
"3441","Mixed","Wheelchair Rugby","Silver","AUS","Australia",7,"Rugby",2008,NA
"3442","Mixed","Wheelchair Rugby","Silver","AUS","Australia",8,"Rugby",2008,NA
"3443","Mixed","Wheelchair Rugby","Silver","AUS","Australia",9,"Rugby",2008,NA
"3444","Mixed","Wheelchair Rugby","Silver","AUS","Australia",10,"Rugby",2008,NA
"3445","Mixed","Wheelchair Rugby","Silver","AUS","Australia",11,"Rugby",2008,NA
"3446","Mixed","Wheelchair Rugby","Bronze","CAN","Canada",2,"Rugby",2008,NA
"3447","Mixed","Wheelchair Rugby","Bronze","CAN","Canada",3,"Rugby",2008,NA
"3448","Mixed","Wheelchair Rugby","Bronze","CAN","Canada",4,"Rugby",2008,NA
"3449","Mixed","Wheelchair Rugby","Bronze","CAN","Canada",5,"Rugby",2008,NA
"3450","Mixed","Wheelchair Rugby","Bronze","CAN","Canada",6,"Rugby",2008,NA
"3451","Mixed","Wheelchair Rugby","Bronze","CAN","Canada",7,"Rugby",2008,NA
"3452","Mixed","Wheelchair Rugby","Bronze","CAN","Canada",8,"Rugby",2008,NA
"3453","Mixed","Wheelchair Rugby","Bronze","CAN","Canada",9,"Rugby",2008,NA
"3454","Mixed","Wheelchair Rugby","Bronze","CAN","Canada",10,"Rugby",2008,NA
"3455","Mixed","Wheelchair Rugby","Bronze","CAN","Canada",11,"Rugby",2008,NA
"3456","Mixed","Wheelchair Rugby","Bronze","CAN","Canada",12,"Rugby",2008,NA
"3457","Mixed","Wheelchair Rugby","Gold","AUS","Australia",2,"Rugby",2012,NA
"3458","Mixed","Wheelchair Rugby","Gold","AUS","Australia",3,"Rugby",2012,NA
"3459","Mixed","Wheelchair Rugby","Gold","AUS","Australia",4,"Rugby",2012,NA
"3460","Mixed","Wheelchair Rugby","Gold","AUS","Australia",5,"Rugby",2012,NA
"3461","Mixed","Wheelchair Rugby","Gold","AUS","Australia",6,"Rugby",2012,NA
"3462","Mixed","Wheelchair Rugby","Gold","AUS","Australia",7,"Rugby",2012,NA
"3463","Mixed","Wheelchair Rugby","Gold","AUS","Australia",8,"Rugby",2012,NA
"3464","Mixed","Wheelchair Rugby","Gold","AUS","Australia",9,"Rugby",2012,NA
"3465","Mixed","Wheelchair Rugby","Gold","AUS","Australia",10,"Rugby",2012,NA
"3466","Mixed","Wheelchair Rugby","Gold","AUS","Australia",11,"Rugby",2012,NA
"3467","Mixed","Wheelchair Rugby","Silver","CAN","Canada",2,"Rugby",2012,NA
"3468","Mixed","Wheelchair Rugby","Silver","CAN","Canada",3,"Rugby",2012,NA
"3469","Mixed","Wheelchair Rugby","Silver","CAN","Canada",4,"Rugby",2012,NA
"3470","Mixed","Wheelchair Rugby","Silver","CAN","Canada",5,"Rugby",2012,NA
"3471","Mixed","Wheelchair Rugby","Silver","CAN","Canada",6,"Rugby",2012,NA
"3472","Mixed","Wheelchair Rugby","Silver","CAN","Canada",7,"Rugby",2012,NA
"3473","Mixed","Wheelchair Rugby","Silver","CAN","Canada",8,"Rugby",2012,NA
"3474","Mixed","Wheelchair Rugby","Silver","CAN","Canada",9,"Rugby",2012,NA
"3475","Mixed","Wheelchair Rugby","Silver","CAN","Canada",10,"Rugby",2012,NA
"3476","Mixed","Wheelchair Rugby","Silver","CAN","Canada",11,"Rugby",2012,NA
"3477","Mixed","Wheelchair Rugby","Silver","CAN","Canada",12,"Rugby",2012,NA
"3478","Mixed","Wheelchair Rugby","Bronze","USA","United States of America",2,"Rugby",2012,NA
"3479","Mixed","Wheelchair Rugby","Bronze","USA","United States of America",3,"Rugby",2012,NA
"3480","Mixed","Wheelchair Rugby","Bronze","USA","United States of America",4,"Rugby",2012,NA
"3481","Mixed","Wheelchair Rugby","Bronze","USA","United States of America",5,"Rugby",2012,NA
"3482","Mixed","Wheelchair Rugby","Bronze","USA","United States of America",6,"Rugby",2012,NA
"3483","Mixed","Wheelchair Rugby","Bronze","USA","United States of America",7,"Rugby",2012,NA
"3484","Mixed","Wheelchair Rugby","Bronze","USA","United States of America",8,"Rugby",2012,NA
"3485","Mixed","Wheelchair Rugby","Bronze","USA","United States of America",9,"Rugby",2012,NA
"3486","Mixed","Wheelchair Rugby","Bronze","USA","United States of America",10,"Rugby",2012,NA
"3487","Mixed","Wheelchair Rugby","Bronze","USA","United States of America",11,"Rugby",2012,NA
"3488","Mixed","Wheelchair Rugby","Bronze","USA","United States of America",12,"Rugby",2012,NA
"3489","Mixed","Wheelchair Rugby","Gold","AUS","Australia",2,"Rugby",2016,NA
"3490","Mixed","Wheelchair Rugby","Gold","AUS","Australia",3,"Rugby",2016,NA
"3491","Mixed","Wheelchair Rugby","Gold","AUS","Australia",4,"Rugby",2016,NA
"3492","Mixed","Wheelchair Rugby","Gold","AUS","Australia",5,"Rugby",2016,NA
"3493","Mixed","Wheelchair Rugby","Gold","AUS","Australia",6,"Rugby",2016,NA
"3494","Mixed","Wheelchair Rugby","Gold","AUS","Australia",7,"Rugby",2016,NA
"3495","Mixed","Wheelchair Rugby","Gold","AUS","Australia",8,"Rugby",2016,NA
"3496","Mixed","Wheelchair Rugby","Gold","AUS","Australia",9,"Rugby",2016,NA
"3497","Mixed","Wheelchair Rugby","Gold","AUS","Australia",10,"Rugby",2016,NA
"3498","Mixed","Wheelchair Rugby","Gold","AUS","Australia",11,"Rugby",2016,NA
"3499","Mixed","Wheelchair Rugby","Gold","AUS","Australia",12,"Rugby",2016,NA
"3500","Mixed","Wheelchair Rugby","Silver","USA","United States of America",2,"Rugby",2016,NA
"3501","Mixed","Wheelchair Rugby","Silver","USA","United States of America",3,"Rugby",2016,NA
"3502","Mixed","Wheelchair Rugby","Silver","USA","United States of America",4,"Rugby",2016,NA
"3503","Mixed","Wheelchair Rugby","Silver","USA","United States of America",5,"Rugby",2016,NA
"3504","Mixed","Wheelchair Rugby","Silver","USA","United States of America",6,"Rugby",2016,NA
"3505","Mixed","Wheelchair Rugby","Silver","USA","United States of America",7,"Rugby",2016,NA
"3506","Mixed","Wheelchair Rugby","Silver","USA","United States of America",8,"Rugby",2016,NA
"3507","Mixed","Wheelchair Rugby","Silver","USA","United States of America",9,"Rugby",2016,NA
"3508","Mixed","Wheelchair Rugby","Silver","USA","United States of America",10,"Rugby",2016,NA
"3509","Mixed","Wheelchair Rugby","Silver","USA","United States of America",11,"Rugby",2016,NA
"3510","Mixed","Wheelchair Rugby","Silver","USA","United States of America",12,"Rugby",2016,NA
"3511","Mixed","Wheelchair Rugby","Bronze","JPN","Japan",2,"Rugby",2016,NA
"3512","Mixed","Wheelchair Rugby","Bronze","JPN","Japan",3,"Rugby",2016,NA
"3513","Mixed","Wheelchair Rugby","Bronze","JPN","Japan",4,"Rugby",2016,NA
"3514","Mixed","Wheelchair Rugby","Bronze","JPN","Japan",5,"Rugby",2016,NA
"3515","Mixed","Wheelchair Rugby","Bronze","JPN","Japan",6,"Rugby",2016,NA
"3516","Mixed","Wheelchair Rugby","Bronze","JPN","Japan",7,"Rugby",2016,NA
"3517","Mixed","Wheelchair Rugby","Bronze","JPN","Japan",8,"Rugby",2016,NA
"3518","Mixed","Wheelchair Rugby","Bronze","JPN","Japan",9,"Rugby",2016,NA
"3519","Mixed","Wheelchair Rugby","Bronze","JPN","Japan",10,"Rugby",2016,NA
"3520","Mixed","Wheelchair Rugby","Bronze","JPN","Japan",11,"Rugby",2016,NA
"3521","Mixed","Wheelchair Rugby","Bronze","JPN","Japan",12,"Rugby",2016,NA
"3522","Women","25 m Freestyle 1A","Gold","USA",NA,NA,"Swimming",1980,NA
"3523","Women","25 m Freestyle 1A","Silver","MEX",NA,NA,"Swimming",1980,NA
"3524","Women","25 m Freestyle 1A","Bronze","ARG",NA,NA,"Swimming",1980,NA
"3525","Women","25 m Freestyle 1B","Gold","MEX",NA,NA,"Swimming",1980,NA
"3526","Women","25 m Freestyle 1B","Silver","ARG",NA,NA,"Swimming",1980,NA
"3527","Women","25 m Freestyle 1B","Bronze","ZIM",NA,NA,"Swimming",1980,NA
"3528","Women","25 m Freestyle 1C","Gold","GBR",NA,NA,"Swimming",1980,NA
"3529","Women","25 m Freestyle 1C","Silver","SWE",NA,NA,"Swimming",1980,NA
"3530","Women","50 m Freestyle CP C","Gold","NED",NA,NA,"Swimming",1980,NA
"3531","Women","50 m Freestyle CP C","Silver","SWE",NA,NA,"Swimming",1980,NA
"3532","Women","50 m Freestyle CP C","Bronze","BEL",NA,NA,"Swimming",1980,NA
"3533","Women","50 m Freestyle F","Gold","CAN",NA,NA,"Swimming",1980,NA
"3534","Women","50 m Freestyle F","Silver","FRA",NA,NA,"Swimming",1980,NA
"3535","Women","50 m Freestyle J","Gold","CAN",NA,NA,"Swimming",1980,NA
"3536","Women","50 m Freestyle J","Silver","NED",NA,NA,"Swimming",1980,NA
"3537","Women","50 m Freestyle J","Bronze","SWE",NA,NA,"Swimming",1980,NA
"3538","Women","50 m Freestyle 2","Gold","GBR",NA,NA,"Swimming",1980,NA
"3539","Women","50 m Freestyle 2","Silver","FRG",NA,NA,"Swimming",1980,NA
"3540","Women","50 m Freestyle 2","Bronze","POL",NA,NA,"Swimming",1980,NA
"3541","Women","50 m Freestyle 3","Gold","ARG",NA,NA,"Swimming",1980,NA
"3542","Women","50 m Freestyle 3","Silver","SWE",NA,NA,"Swimming",1980,NA
"3543","Women","50 m Freestyle 3","Bronze","GBR",NA,NA,"Swimming",1980,NA
"3544","Women","100 m Freestyle A","Gold","CAN",NA,NA,"Swimming",1980,NA
"3545","Women","100 m Freestyle A","Silver","AUS",NA,NA,"Swimming",1980,NA
"3546","Women","100 m Freestyle A","Bronze","SWE",NA,NA,"Swimming",1980,NA
"3547","Women","100 m Freestyle B","Gold","USA",NA,NA,"Swimming",1980,NA
"3548","Women","100 m Freestyle B","Silver","SWE",NA,NA,"Swimming",1980,NA
"3549","Women","100 m Freestyle B","Bronze","USA",NA,NA,"Swimming",1980,NA
"3550","Women","100 m Freestyle CP D","Gold","NED",NA,NA,"Swimming",1980,NA
"3551","Women","100 m Freestyle CP D","Silver","NOR",NA,NA,"Swimming",1980,NA
"3552","Women","100 m Freestyle CP D","Bronze","NED",NA,NA,"Swimming",1980,NA
"3553","Women","100 m Freestyle C-D","Gold","GBR",NA,NA,"Swimming",1980,NA
"3554","Women","100 m Freestyle C-D","Silver","CAN",NA,NA,"Swimming",1980,NA
"3555","Women","100 m Freestyle C-D","Bronze","FRG",NA,NA,"Swimming",1980,NA
"3556","Women","100 m Freestyle C1-D1","Gold","POL",NA,NA,"Swimming",1980,NA
"3557","Women","100 m Freestyle C1-D1","Silver","NED",NA,NA,"Swimming",1980,NA
"3558","Women","100 m Freestyle C1-D1","Bronze","CAN",NA,NA,"Swimming",1980,NA
"3559","Women","100 m Freestyle E","Gold","SWE",NA,NA,"Swimming",1980,NA
"3560","Women","100 m Freestyle E","Silver","FRA",NA,NA,"Swimming",1980,NA
"3561","Women","100 m Freestyle E","Bronze","USA",NA,NA,"Swimming",1980,NA
"3562","Women","100 m Freestyle 4","Gold","POL",NA,NA,"Swimming",1980,NA
"3563","Women","100 m Freestyle 4","Silver","SWE",NA,NA,"Swimming",1980,NA
"3564","Women","100 m Freestyle 4","Bronze","ESP",NA,NA,"Swimming",1980,NA
"3565","Women","100 m Freestyle 5","Gold","FRG",NA,NA,"Swimming",1980,NA
"3566","Women","100 m Freestyle 5","Silver","GBR",NA,NA,"Swimming",1980,NA
"3567","Women","100 m Freestyle 5","Bronze","POL",NA,NA,"Swimming",1980,NA
"3568","Women","100 m Freestyle 6","Gold","POL",NA,NA,"Swimming",1980,NA
"3569","Women","100 m Freestyle 6","Silver","ESP",NA,NA,"Swimming",1980,NA
"3570","Women","100 m Freestyle 6","Bronze","BAH",NA,NA,"Swimming",1980,NA
"3571","Women","400 m Freestyle C-D","Gold","SWE",NA,NA,"Swimming",1980,NA
"3572","Women","400 m Freestyle C-D","Silver","CAN",NA,NA,"Swimming",1980,NA
"3573","Women","400 m Freestyle C-D","Bronze","CAN",NA,NA,"Swimming",1980,NA
"3574","Women","25 m Backstroke 1A","Gold","USA",NA,NA,"Swimming",1980,NA
"3575","Women","25 m Backstroke 1A","Silver","MEX",NA,NA,"Swimming",1980,NA
"3576","Women","25 m Backstroke 1A","Bronze","ARG",NA,NA,"Swimming",1980,NA
"3577","Women","25 m Backstroke 1B","Gold","MEX",NA,NA,"Swimming",1980,NA
"3578","Women","25 m Backstroke 1B","Silver","ARG",NA,NA,"Swimming",1980,NA
"3579","Women","25 m Backstroke 1B","Bronze","ZIM",NA,NA,"Swimming",1980,NA
"3580","Women","25 m Backstroke 1C","Gold","GBR",NA,NA,"Swimming",1980,NA
"3581","Women","25 m Backstroke 1C","Silver","SWE",NA,NA,"Swimming",1980,NA
"3582","Women","50 m Backstroke CP C","Gold","NED",NA,NA,"Swimming",1980,NA
"3583","Women","50 m Backstroke CP C","Silver","BEL",NA,NA,"Swimming",1980,NA
"3584","Women","50 m Backstroke CP C","Bronze","DEN",NA,NA,"Swimming",1980,NA
"3585","Women","50 m Backstroke F","Gold","FRA",NA,NA,"Swimming",1980,NA
"3586","Women","50 m Backstroke F","Silver","CAN",NA,NA,"Swimming",1980,NA
"3587","Women","50 m Backstroke F1","Gold","FRG",NA,NA,"Swimming",1980,NA
"3588","Women","50 m Backstroke J","Gold","CAN",NA,NA,"Swimming",1980,NA
"3589","Women","50 m Backstroke J","Silver","NED",NA,NA,"Swimming",1980,NA
"3590","Women","50 m Backstroke J","Bronze","SWE",NA,NA,"Swimming",1980,NA
"3591","Women","50 m Backstroke 2","Gold","GBR",NA,NA,"Swimming",1980,NA
"3592","Women","50 m Backstroke 2","Silver","FRG",NA,NA,"Swimming",1980,NA
"3593","Women","50 m Backstroke 2","Bronze","POL",NA,NA,"Swimming",1980,NA
"3594","Women","50 m Backstroke 3","Gold","POL",NA,NA,"Swimming",1980,NA
"3595","Women","50 m Backstroke 3","Silver","JAM",NA,NA,"Swimming",1980,NA
"3596","Women","50 m Backstroke 3","Bronze","ARG",NA,NA,"Swimming",1980,NA
"3597","Women","100 m Backstroke A","Gold","CAN",NA,NA,"Swimming",1980,NA
"3598","Women","100 m Backstroke A","Silver","USA",NA,NA,"Swimming",1980,NA
"3599","Women","100 m Backstroke A","Bronze","CAN",NA,NA,"Swimming",1980,NA
"3600","Women","100 m Backstroke B","Gold","USA",NA,NA,"Swimming",1980,NA
"3601","Women","100 m Backstroke B","Silver","USA",NA,NA,"Swimming",1980,NA
"3602","Women","100 m Backstroke B","Bronze","USA",NA,NA,"Swimming",1980,NA
"3603","Women","100 m Backstroke CP D","Gold","NED",NA,NA,"Swimming",1980,NA
"3604","Women","100 m Backstroke CP D","Silver","NED",NA,NA,"Swimming",1980,NA
"3605","Women","100 m Backstroke CP D","Bronze","USA",NA,NA,"Swimming",1980,NA
"3606","Women","100 m Backstroke C-D","Gold","CAN",NA,NA,"Swimming",1980,NA
"3607","Women","100 m Backstroke C-D","Silver","GBR",NA,NA,"Swimming",1980,NA
"3608","Women","100 m Backstroke C-D","Bronze","SWE",NA,NA,"Swimming",1980,NA
"3609","Women","100 m Backstroke C1-D1","Gold","POL",NA,NA,"Swimming",1980,NA
"3610","Women","100 m Backstroke C1-D1","Silver","NED",NA,NA,"Swimming",1980,NA
"3611","Women","100 m Backstroke C1-D1","Bronze","NOR",NA,NA,"Swimming",1980,NA
"3612","Women","100 m Backstroke E","Gold","SWE",NA,NA,"Swimming",1980,NA
"3613","Women","100 m Backstroke E","Silver","POL",NA,NA,"Swimming",1980,NA
"3614","Women","100 m Backstroke E","Bronze","FRA",NA,NA,"Swimming",1980,NA
"3615","Women","100 m Backstroke 4","Gold","POL",NA,NA,"Swimming",1980,NA
"3616","Women","100 m Backstroke 4","Silver","ESP",NA,NA,"Swimming",1980,NA
"3617","Women","100 m Backstroke 4","Bronze","NED",NA,NA,"Swimming",1980,NA
"3618","Women","100 m Backstroke 5","Gold","FRG",NA,NA,"Swimming",1980,NA
"3619","Women","100 m Backstroke 5","Silver","POL",NA,NA,"Swimming",1980,NA
"3620","Women","100 m Backstroke 5","Bronze","GBR",NA,NA,"Swimming",1980,NA
"3621","Women","100 m Backstroke 6","Gold","POL",NA,NA,"Swimming",1980,NA
"3622","Women","100 m Backstroke 6","Silver","ESP",NA,NA,"Swimming",1980,NA
"3623","Women","25 m Breaststroke 1A","Gold","ARG",NA,NA,"Swimming",1980,NA
"3624","Women","25 m Breaststroke 1A","Silver","ZIM",NA,NA,"Swimming",1980,NA
"3625","Women","25 m Breaststroke 1B","Gold","ARG",NA,NA,"Swimming",1980,NA
"3626","Women","25 m Breaststroke 1B","Silver","ZIM",NA,NA,"Swimming",1980,NA
"3627","Women","25 m Breaststroke 1B","Bronze","USA",NA,NA,"Swimming",1980,NA
"3628","Women","25 m Breaststroke 1C","Gold","GBR",NA,NA,"Swimming",1980,NA
"3629","Women","50 m Breaststroke CP C","Gold","SWE",NA,NA,"Swimming",1980,NA
"3630","Women","50 m Breaststroke CP C","Silver","NED",NA,NA,"Swimming",1980,NA
"3631","Women","50 m Breaststroke CP C","Bronze","DEN",NA,NA,"Swimming",1980,NA
"3632","Women","50 m Breaststroke E1","Gold","ISL",NA,NA,"Swimming",1980,NA
"3633","Women","50 m Breaststroke F","Gold","CAN",NA,NA,"Swimming",1980,NA
"3634","Women","50 m Breaststroke F","Silver","FRA",NA,NA,"Swimming",1980,NA
"3635","Women","50 m Breaststroke F1","Gold","FRG",NA,NA,"Swimming",1980,NA
"3636","Women","50 m Breaststroke F1","Silver","FRG",NA,NA,"Swimming",1980,NA
"3637","Women","50 m Breaststroke J","Gold","CAN",NA,NA,"Swimming",1980,NA
"3638","Women","50 m Breaststroke J","Silver","NED",NA,NA,"Swimming",1980,NA
"3639","Women","50 m Breaststroke 2","Gold","FRG",NA,NA,"Swimming",1980,NA
"3640","Women","50 m Breaststroke 2","Silver","FRG",NA,NA,"Swimming",1980,NA
"3641","Women","50 m Breaststroke 2","Bronze","GBR",NA,NA,"Swimming",1980,NA
"3642","Women","50 m Breaststroke 3","Gold","ARG",NA,NA,"Swimming",1980,NA
"3643","Women","50 m Breaststroke 3","Silver","JAM",NA,NA,"Swimming",1980,NA
"3644","Women","50 m Breaststroke 3","Bronze","SWE",NA,NA,"Swimming",1980,NA
"3645","Women","100 m Breaststroke A","Gold","CAN",NA,NA,"Swimming",1980,NA
"3646","Women","100 m Breaststroke A","Silver","GBR",NA,NA,"Swimming",1980,NA
"3647","Women","100 m Breaststroke A","Bronze","NED",NA,NA,"Swimming",1980,NA
"3648","Women","100 m Breaststroke B","Gold","USA",NA,NA,"Swimming",1980,NA
"3649","Women","100 m Breaststroke B","Silver","CAN",NA,NA,"Swimming",1980,NA
"3650","Women","100 m Breaststroke B","Bronze","GBR",NA,NA,"Swimming",1980,NA
"3651","Women","100 m Breaststroke C","Gold","CAN",NA,NA,"Swimming",1980,NA
"3652","Women","100 m Breaststroke C1","Gold","POL",NA,NA,"Swimming",1980,NA
"3653","Women","100 m Breaststroke C1","Silver","NED",NA,NA,"Swimming",1980,NA
"3654","Women","100 m Breaststroke C1","Bronze","POL",NA,NA,"Swimming",1980,NA
"3655","Women","100 m Breaststroke CP D","Gold","NED",NA,NA,"Swimming",1980,NA
"3656","Women","100 m Breaststroke CP D","Silver","NOR",NA,NA,"Swimming",1980,NA
"3657","Women","100 m Breaststroke CP D","Bronze","NOR",NA,NA,"Swimming",1980,NA
"3658","Women","100 m Breaststroke D","Gold","GBR",NA,NA,"Swimming",1980,NA
"3659","Women","100 m Breaststroke D","Silver","CAN",NA,NA,"Swimming",1980,NA
"3660","Women","100 m Breaststroke D","Bronze","USA",NA,NA,"Swimming",1980,NA
"3661","Women","100 m Breaststroke D1","Gold","JAM",NA,NA,"Swimming",1980,NA
"3662","Women","100 m Breaststroke D1","Silver","NOR",NA,NA,"Swimming",1980,NA
"3663","Women","100 m Breaststroke D1","Bronze","POL",NA,NA,"Swimming",1980,NA
"3664","Women","100 m Breaststroke E","Gold","SWE",NA,NA,"Swimming",1980,NA
"3665","Women","100 m Breaststroke E","Silver","POL",NA,NA,"Swimming",1980,NA
"3666","Women","100 m Breaststroke E","Bronze","FRA",NA,NA,"Swimming",1980,NA
"3667","Women","100 m Breaststroke 4","Gold","POL",NA,NA,"Swimming",1980,NA
"3668","Women","100 m Breaststroke 4","Silver","ESP",NA,NA,"Swimming",1980,NA
"3669","Women","100 m Breaststroke 4","Bronze","GBR",NA,NA,"Swimming",1980,NA
"3670","Women","100 m Breaststroke 5","Gold","FRG",NA,NA,"Swimming",1980,NA
"3671","Women","100 m Breaststroke 5","Silver","POL",NA,NA,"Swimming",1980,NA
"3672","Women","100 m Breaststroke 5","Bronze","GBR",NA,NA,"Swimming",1980,NA
"3673","Women","100 m Breaststroke 6","Gold","POL",NA,NA,"Swimming",1980,NA
"3674","Women","100 m Breaststroke 6","Silver","ESP",NA,NA,"Swimming",1980,NA
"3675","Women","25 m Butterfly 2","Gold","FRG",NA,NA,"Swimming",1980,NA
"3676","Women","25 m Butterfly 2","Silver","USA",NA,NA,"Swimming",1980,NA
"3677","Women","25 m Butterfly 2","Bronze","POL",NA,NA,"Swimming",1980,NA
"3678","Women","25 m Butterfly 3","Gold","SWE",NA,NA,"Swimming",1980,NA
"3679","Women","25 m Butterfly 3","Silver","ARG",NA,NA,"Swimming",1980,NA
"3680","Women","25 m Butterfly 3","Bronze","POL",NA,NA,"Swimming",1980,NA
"3681","Women","25 m Butterfly 4","Gold","POL",NA,NA,"Swimming",1980,NA
"3682","Women","25 m Butterfly 4","Silver","ESP",NA,NA,"Swimming",1980,NA
"3683","Women","25 m Butterfly 4","Bronze","CAN",NA,NA,"Swimming",1980,NA
"3684","Women","50 m Butterfly 5","Gold","FRG",NA,NA,"Swimming",1980,NA
"3685","Women","50 m Butterfly 5","Silver","GBR",NA,NA,"Swimming",1980,NA
"3686","Women","50 m Butterfly 5","Bronze","POL",NA,NA,"Swimming",1980,NA
"3687","Women","100 m Butterfly A","Gold","CAN",NA,NA,"Swimming",1980,NA
"3688","Women","100 m Butterfly A","Silver","AUS",NA,NA,"Swimming",1980,NA
"3689","Women","100 m Butterfly A","Bronze","USA",NA,NA,"Swimming",1980,NA
"3690","Women","100 m Butterfly B","Gold","USA",NA,NA,"Swimming",1980,NA
"3691","Women","100 m Butterfly B","Silver","USA",NA,NA,"Swimming",1980,NA
"3692","Women","100 m Butterfly B","Bronze","SWE",NA,NA,"Swimming",1980,NA
"3693","Women","100 m Butterfly C","Gold","CAN",NA,NA,"Swimming",1980,NA
"3694","Women","100 m Butterfly D","Gold","GBR",NA,NA,"Swimming",1980,NA
"3695","Women","100 m Butterfly D","Silver","CAN",NA,NA,"Swimming",1980,NA
"3696","Women","100 m Butterfly D","Bronze","POL",NA,NA,"Swimming",1980,NA
"3697","Women","100 m Butterfly E","Gold","SWE",NA,NA,"Swimming",1980,NA
"3698","Women","100 m Butterfly E","Silver","FRA",NA,NA,"Swimming",1980,NA
"3699","Women","100 m Butterfly E","Bronze","NED",NA,NA,"Swimming",1980,NA
"3700","Women","100 m Butterfly 6","Gold","POL",NA,NA,"Swimming",1980,NA
"3701","Women","100 m Butterfly 6","Silver","ESP",NA,NA,"Swimming",1980,NA
"3702","Women","3x25 m Individual Medley 2","Gold","GBR",NA,NA,"Swimming",1980,NA
"3703","Women","3x25 m Individual Medley 2","Silver","FRG",NA,NA,"Swimming",1980,NA
"3704","Women","3x25 m Individual Medley 2","Bronze","POL",NA,NA,"Swimming",1980,NA
"3705","Women","2x50 m Individual Medley F1","Gold","FRG",NA,NA,"Swimming",1980,NA
"3706","Women","2x50 m Individual Medley F1","Silver","FRG",NA,NA,"Swimming",1980,NA
"3707","Women","3x50 m Individual Medley C1","Gold","POL",NA,NA,"Swimming",1980,NA
"3708","Women","3x50 m Individual Medley C1","Silver","NED",NA,NA,"Swimming",1980,NA
"3709","Women","3x50 m Individual Medley C1","Bronze","POL",NA,NA,"Swimming",1980,NA
"3710","Women","3x50 m Individual Medley D1","Gold","NOR",NA,NA,"Swimming",1980,NA
"3711","Women","3x50 m Individual Medley D1","Silver","JAM",NA,NA,"Swimming",1980,NA
"3712","Women","3x50 m Individual Medley D1","Bronze","POL",NA,NA,"Swimming",1980,NA
"3713","Women","3x50 m Individual Medley F","Gold","FRA",NA,NA,"Swimming",1980,NA
"3714","Women","3x25 m Freestyle Relay 1A-1C","Gold","USA",NA,NA,"Swimming",1980,NA
"3715","Women","3x25 m Freestyle Relay 1A-1C","Silver","ARG",NA,NA,"Swimming",1980,NA
"3716","Women","3x100 m Freestyle Relay C1-D1","Gold","POL",NA,NA,"Swimming",1980,NA
"3717","Women","3x50 m Medley Relay 2-4","Gold","POL",NA,NA,"Swimming",1980,NA
"3718","Women","3x50 m Medley Relay 2-4","Silver","GBR",NA,NA,"Swimming",1980,NA
"3719","Women","3x50 m Medley Relay 2-4","Bronze","USA",NA,NA,"Swimming",1980,NA
"3720","Women","3x100 m Medley Relay CP D","Gold","NED",NA,NA,"Swimming",1980,NA
"3721","Women","3x100 m Medley Relay CP D","Silver","USA",NA,NA,"Swimming",1980,NA
"3722","Women","3x100 m Medley Relay CP D","Bronze","FRA",NA,NA,"Swimming",1980,NA
"3723","Women","4x50 m Freestyle Relay 2-6","Silver","POL","Poland",2,"Swimming",1980,NA
"3724","Women","4x100 m Freestyle Relay A-B","Gold","USA","United States of America",2,"Swimming",1980,NA
"3725","Women","4x100 m Medley Relay A-B","Gold","USA","United States of America",2,"Swimming",1980,NA
"3726","Women","25 m Freestyle 1B","Gold","CAN",NA,NA,"Swimming",1984,NA
"3727","Women","25 m Freestyle 1B","Silver","FRA",NA,NA,"Swimming",1984,NA
"3728","Women","25 m Freestyle 1B","Bronze","GBR",NA,NA,"Swimming",1984,NA
"3729","Women","25 m Freestyle 1C","Gold","SWE",NA,NA,"Swimming",1984,NA
"3730","Women","25 m Freestyle 1C","Silver","NOR",NA,NA,"Swimming",1984,NA
"3731","Women","25 m Freestyle C2","Gold","GBR",NA,NA,"Swimming",1984,NA
"3732","Women","25 m Freestyle C2","Silver","USA",NA,NA,"Swimming",1984,NA
"3733","Women","25 m Freestyle C3","Gold","FRA",NA,NA,"Swimming",1984,NA
"3734","Women","25 m Freestyle C3","Silver","USA",NA,NA,"Swimming",1984,NA
"3735","Women","25 m Freestyle C3","Bronze","ISL",NA,NA,"Swimming",1984,NA
"3736","Women","25 m Freestyle C6","Gold","CAN",NA,NA,"Swimming",1984,NA
"3737","Women","25 m Freestyle C6","Silver","FRA",NA,NA,"Swimming",1984,NA
"3738","Women","25 m Freestyle C6","Bronze","GBR",NA,NA,"Swimming",1984,NA
"3739","Women","25 m Freestyle L1","Gold","FRA",NA,NA,"Swimming",1984,NA
"3740","Women","25 m Freestyle L1","Silver","SWE",NA,NA,"Swimming",1984,NA
"3741","Women","25 m Freestyle L1","Bronze","GBR",NA,NA,"Swimming",1984,NA
"3742","Women","25 m Freestyle L2","Gold","SWE",NA,NA,"Swimming",1984,NA
"3743","Women","25 m Freestyle L2","Silver","GBR",NA,NA,"Swimming",1984,NA
"3744","Women","25 m Freestyle L2","Bronze","USA",NA,NA,"Swimming",1984,NA
"3745","Women","25 m Freestyle with Aids C1","Gold","CAN",NA,NA,"Swimming",1984,NA
"3746","Women","25 m Freestyle with Aids C2","Gold","GBR",NA,NA,"Swimming",1984,NA
"3747","Women","25 m Freestyle with Aids C2","Silver","IRL",NA,NA,"Swimming",1984,NA
"3748","Women","25 m Freestyle with Aids C2","Bronze","GBR",NA,NA,"Swimming",1984,NA
"3749","Women","50 m Freestyle B1","Gold","GBR",NA,NA,"Swimming",1984,NA
"3750","Women","50 m Freestyle B1","Silver","CAN",NA,NA,"Swimming",1984,NA
"3751","Women","50 m Freestyle B1","Bronze","SWE",NA,NA,"Swimming",1984,NA
"3752","Women","50 m Freestyle B2","Gold","SWE",NA,NA,"Swimming",1984,NA
"3753","Women","50 m Freestyle B2","Silver","USA",NA,NA,"Swimming",1984,NA
"3754","Women","50 m Freestyle B2","Bronze","USA",NA,NA,"Swimming",1984,NA
"3755","Women","50 m Freestyle B3","Gold","USA",NA,NA,"Swimming",1984,NA
"3756","Women","50 m Freestyle B3","Silver","GBR",NA,NA,"Swimming",1984,NA
"3757","Women","50 m Freestyle B3","Bronze","USA",NA,NA,"Swimming",1984,NA
"3758","Women","50 m Freestyle C3","Gold","FRA",NA,NA,"Swimming",1984,NA
"3759","Women","50 m Freestyle C3","Silver","USA",NA,NA,"Swimming",1984,NA
"3760","Women","50 m Freestyle C3","Bronze","ISL",NA,NA,"Swimming",1984,NA
"3761","Women","50 m Freestyle C4","Gold","NOR",NA,NA,"Swimming",1984,NA
"3762","Women","50 m Freestyle C4","Silver","CAN",NA,NA,"Swimming",1984,NA
"3763","Women","50 m Freestyle C4","Bronze","GBR",NA,NA,"Swimming",1984,NA
"3764","Women","50 m Freestyle C5","Gold","NED",NA,NA,"Swimming",1984,NA
"3765","Women","50 m Freestyle C5","Silver","FRA",NA,NA,"Swimming",1984,NA
"3766","Women","50 m Freestyle C5","Bronze","CAN",NA,NA,"Swimming",1984,NA
"3767","Women","50 m Freestyle C6","Gold","CAN",NA,NA,"Swimming",1984,NA
"3768","Women","50 m Freestyle C6","Silver","FRA",NA,NA,"Swimming",1984,NA
"3769","Women","50 m Freestyle C6","Bronze","GBR",NA,NA,"Swimming",1984,NA
"3770","Women","50 m Freestyle C7","Gold","FRA",NA,NA,"Swimming",1984,NA
"3771","Women","50 m Freestyle C7","Silver","NED",NA,NA,"Swimming",1984,NA
"3772","Women","50 m Freestyle C7","Bronze","USA",NA,NA,"Swimming",1984,NA
"3773","Women","50 m Freestyle C8","Gold","CAN",NA,NA,"Swimming",1984,NA
"3774","Women","50 m Freestyle C8","Silver","NED",NA,NA,"Swimming",1984,NA
"3775","Women","50 m Freestyle C8","Bronze","GBR",NA,NA,"Swimming",1984,NA
"3776","Women","50 m Freestyle L3","Gold","ESP",NA,NA,"Swimming",1984,NA
"3777","Women","50 m Freestyle L3","Silver","FRG",NA,NA,"Swimming",1984,NA
"3778","Women","50 m Freestyle L3","Bronze","GBR",NA,NA,"Swimming",1984,NA
"3779","Women","50 m Freestyle 2","Gold","CAN",NA,NA,"Swimming",1984,NA
"3780","Women","50 m Freestyle 2","Silver","NED",NA,NA,"Swimming",1984,NA
"3781","Women","50 m Freestyle 2","Bronze","FRG",NA,NA,"Swimming",1984,NA
"3782","Women","50 m Freestyle 3","Gold","POL",NA,NA,"Swimming",1984,NA
"3783","Women","50 m Freestyle 3","Silver","AUS",NA,NA,"Swimming",1984,NA
"3784","Women","50 m Freestyle 3","Bronze","SWE",NA,NA,"Swimming",1984,NA
"3785","Women","100 m Freestyle 1B","Gold","FRG",NA,NA,"Swimming",1984,NA
"3786","Women","100 m Freestyle 1B","Silver","GBR",NA,NA,"Swimming",1984,NA
"3787","Women","100 m Freestyle 1B","Bronze","FRA",NA,NA,"Swimming",1984,NA
"3788","Women","100 m Freestyle A1","Gold","FRG",NA,NA,"Swimming",1984,NA
"3789","Women","100 m Freestyle A1","Silver","USA",NA,NA,"Swimming",1984,NA
"3790","Women","100 m Freestyle A1","Bronze","AUS",NA,NA,"Swimming",1984,NA
"3791","Women","100 m Freestyle A2","Gold","NED",NA,NA,"Swimming",1984,NA
"3792","Women","100 m Freestyle A2","Silver","FRG",NA,NA,"Swimming",1984,NA
"3793","Women","100 m Freestyle A2","Bronze","USA",NA,NA,"Swimming",1984,NA
"3794","Women","100 m Freestyle A4","Gold","AUS",NA,NA,"Swimming",1984,NA
"3795","Women","100 m Freestyle A4","Silver","NED",NA,NA,"Swimming",1984,NA
"3796","Women","100 m Freestyle A4","Bronze","AUS",NA,NA,"Swimming",1984,NA
"3797","Women","100 m Freestyle A6","Gold","NED",NA,NA,"Swimming",1984,NA
"3798","Women","100 m Freestyle A6","Silver","AUS",NA,NA,"Swimming",1984,NA
"3799","Women","100 m Freestyle A8","Gold","SWE",NA,NA,"Swimming",1984,NA
"3800","Women","100 m Freestyle A8","Silver","AUS",NA,NA,"Swimming",1984,NA
"3801","Women","100 m Freestyle A8","Bronze","FRA",NA,NA,"Swimming",1984,NA
"3802","Women","100 m Freestyle A9","Gold","CAN",NA,NA,"Swimming",1984,NA
"3803","Women","100 m Freestyle A9","Silver","NED",NA,NA,"Swimming",1984,NA
"3804","Women","100 m Freestyle A9","Bronze","USA",NA,NA,"Swimming",1984,NA
"3805","Women","100 m Freestyle B1","Gold","CAN",NA,NA,"Swimming",1984,NA
"3806","Women","100 m Freestyle B1","Silver","SWE",NA,NA,"Swimming",1984,NA
"3807","Women","100 m Freestyle B1","Bronze","GBR",NA,NA,"Swimming",1984,NA
"3808","Women","100 m Freestyle B2","Gold","USA",NA,NA,"Swimming",1984,NA
"3809","Women","100 m Freestyle B2","Silver","AUS",NA,NA,"Swimming",1984,NA
"3810","Women","100 m Freestyle B2","Bronze","GBR",NA,NA,"Swimming",1984,NA
"3811","Women","100 m Freestyle B3","Gold","USA",NA,NA,"Swimming",1984,NA
"3812","Women","100 m Freestyle B3","Silver","SWE",NA,NA,"Swimming",1984,NA
"3813","Women","100 m Freestyle B3","Bronze","AUS",NA,NA,"Swimming",1984,NA
"3814","Women","100 m Freestyle C3","Gold","FRA",NA,NA,"Swimming",1984,NA
"3815","Women","100 m Freestyle C3","Silver","FRA",NA,NA,"Swimming",1984,NA
"3816","Women","100 m Freestyle C3","Bronze","ISL",NA,NA,"Swimming",1984,NA
"3817","Women","100 m Freestyle C4","Gold","NOR",NA,NA,"Swimming",1984,NA
"3818","Women","100 m Freestyle C4","Silver","GBR",NA,NA,"Swimming",1984,NA
"3819","Women","100 m Freestyle C4","Bronze","CAN",NA,NA,"Swimming",1984,NA
"3820","Women","100 m Freestyle C5","Gold","NED",NA,NA,"Swimming",1984,NA
"3821","Women","100 m Freestyle C5","Silver","FRA",NA,NA,"Swimming",1984,NA
"3822","Women","100 m Freestyle C5","Bronze","SWE",NA,NA,"Swimming",1984,NA
"3823","Women","100 m Freestyle C7","Gold","FRA",NA,NA,"Swimming",1984,NA
"3824","Women","100 m Freestyle C7","Silver","NED",NA,NA,"Swimming",1984,NA
"3825","Women","100 m Freestyle C7","Bronze","USA",NA,NA,"Swimming",1984,NA
"3826","Women","100 m Freestyle C8","Gold","CAN",NA,NA,"Swimming",1984,NA
"3827","Women","100 m Freestyle C8","Silver","NED",NA,NA,"Swimming",1984,NA
"3828","Women","100 m Freestyle C8","Bronze","USA",NA,NA,"Swimming",1984,NA
"3829","Women","100 m Freestyle L4","Gold","NED",NA,NA,"Swimming",1984,NA
"3830","Women","100 m Freestyle L4","Silver","SWE",NA,NA,"Swimming",1984,NA
"3831","Women","100 m Freestyle L4","Bronze","ESP",NA,NA,"Swimming",1984,NA
"3832","Women","100 m Freestyle L5","Gold","FRA",NA,NA,"Swimming",1984,NA
"3833","Women","100 m Freestyle L5","Silver","NED",NA,NA,"Swimming",1984,NA
"3834","Women","100 m Freestyle L5","Bronze","YUG",NA,NA,"Swimming",1984,NA
"3835","Women","100 m Freestyle L6","Gold","ESP",NA,NA,"Swimming",1984,NA
"3836","Women","100 m Freestyle L6","Silver","ESP",NA,NA,"Swimming",1984,NA
"3837","Women","100 m Freestyle L6","Bronze","TTO",NA,NA,"Swimming",1984,NA
"3838","Women","100 m Freestyle 4","Gold","USA",NA,NA,"Swimming",1984,NA
"3839","Women","100 m Freestyle 4","Silver","AUS",NA,NA,"Swimming",1984,NA
"3840","Women","100 m Freestyle 4","Bronze","GBR",NA,NA,"Swimming",1984,NA
"3841","Women","100 m Freestyle 5","Gold","FRA",NA,NA,"Swimming",1984,NA
"3842","Women","100 m Freestyle 5","Silver","POL",NA,NA,"Swimming",1984,NA
"3843","Women","100 m Freestyle 5","Bronze","CAN",NA,NA,"Swimming",1984,NA
"3844","Women","100 m Freestyle 6","Gold","NOR",NA,NA,"Swimming",1984,NA
"3845","Women","100 m Freestyle 6","Silver","BRA",NA,NA,"Swimming",1984,NA
"3846","Women","200 m Freestyle C4","Gold","NOR",NA,NA,"Swimming",1984,NA
"3847","Women","200 m Freestyle C4","Silver","CAN",NA,NA,"Swimming",1984,NA
"3848","Women","200 m Freestyle C4","Bronze","GBR",NA,NA,"Swimming",1984,NA
"3849","Women","200 m Freestyle C5","Gold","NED",NA,NA,"Swimming",1984,NA
"3850","Women","200 m Freestyle C5","Silver","FRA",NA,NA,"Swimming",1984,NA
"3851","Women","200 m Freestyle C5","Bronze","SWE",NA,NA,"Swimming",1984,NA
"3852","Women","200 m Freestyle C7","Gold","FRA",NA,NA,"Swimming",1984,NA
"3853","Women","200 m Freestyle C7","Silver","NED",NA,NA,"Swimming",1984,NA
"3854","Women","200 m Freestyle 2","Gold","CAN",NA,NA,"Swimming",1984,NA
"3855","Women","200 m Freestyle 2","Silver","NED",NA,NA,"Swimming",1984,NA
"3856","Women","200 m Freestyle 2","Bronze","FRG",NA,NA,"Swimming",1984,NA
"3857","Women","200 m Freestyle 3","Gold","POL",NA,NA,"Swimming",1984,NA
"3858","Women","200 m Freestyle 3","Silver","SWE",NA,NA,"Swimming",1984,NA
"3859","Women","200 m Freestyle 3","Bronze","AUS",NA,NA,"Swimming",1984,NA
"3860","Women","400 m Freestyle A2","Gold","NED",NA,NA,"Swimming",1984,NA
"3861","Women","400 m Freestyle A2","Silver","FRG",NA,NA,"Swimming",1984,NA
"3862","Women","400 m Freestyle A2","Bronze","USA",NA,NA,"Swimming",1984,NA
"3863","Women","400 m Freestyle A4","Gold","AUS",NA,NA,"Swimming",1984,NA
"3864","Women","400 m Freestyle A4","Silver","NED",NA,NA,"Swimming",1984,NA
"3865","Women","400 m Freestyle A4","Bronze","AUS",NA,NA,"Swimming",1984,NA
"3866","Women","400 m Freestyle B1","Gold","SWE",NA,NA,"Swimming",1984,NA
"3867","Women","400 m Freestyle B1","Silver","CAN",NA,NA,"Swimming",1984,NA
"3868","Women","400 m Freestyle B1","Bronze","CAN",NA,NA,"Swimming",1984,NA
"3869","Women","400 m Freestyle B2","Gold","SWE",NA,NA,"Swimming",1984,NA
"3870","Women","400 m Freestyle B2","Silver","AUS",NA,NA,"Swimming",1984,NA
"3871","Women","400 m Freestyle B2","Bronze","USA",NA,NA,"Swimming",1984,NA
"3872","Women","400 m Freestyle B3","Gold","AUS",NA,NA,"Swimming",1984,NA
"3873","Women","400 m Freestyle B3","Silver","SWE",NA,NA,"Swimming",1984,NA
"3874","Women","400 m Freestyle B3","Bronze","NOR",NA,NA,"Swimming",1984,NA
"3875","Women","400 m Freestyle 4","Gold","USA",NA,NA,"Swimming",1984,NA
"3876","Women","400 m Freestyle 4","Silver","GBR",NA,NA,"Swimming",1984,NA
"3877","Women","400 m Freestyle 4","Bronze","NOR",NA,NA,"Swimming",1984,NA
"3878","Women","400 m Freestyle 5","Gold","FRA",NA,NA,"Swimming",1984,NA
"3879","Women","400 m Freestyle 5","Silver","CAN",NA,NA,"Swimming",1984,NA
"3880","Women","400 m Freestyle 5","Bronze","AUS",NA,NA,"Swimming",1984,NA
"3881","Women","400 m Freestyle 6","Gold","NOR",NA,NA,"Swimming",1984,NA
"3882","Women","25 m Backstroke 1B","Gold","FRG",NA,NA,"Swimming",1984,NA
"3883","Women","25 m Backstroke 1B","Silver","CAN",NA,NA,"Swimming",1984,NA
"3884","Women","25 m Backstroke 1B","Bronze","GBR",NA,NA,"Swimming",1984,NA
"3885","Women","25 m Backstroke 1C","Gold","SWE",NA,NA,"Swimming",1984,NA
"3886","Women","25 m Backstroke 1C","Silver","NOR",NA,NA,"Swimming",1984,NA
"3887","Women","25 m Backstroke C3","Gold","FRA",NA,NA,"Swimming",1984,NA
"3888","Women","25 m Backstroke C3","Silver","ISL",NA,NA,"Swimming",1984,NA
"3889","Women","25 m Backstroke C3","Bronze","FRA",NA,NA,"Swimming",1984,NA
"3890","Women","25 m Backstroke C6","Gold","IRL",NA,NA,"Swimming",1984,NA
"3891","Women","25 m Backstroke C6","Silver","FRA",NA,NA,"Swimming",1984,NA
"3892","Women","25 m Backstroke C6","Bronze","CAN",NA,NA,"Swimming",1984,NA
"3893","Women","25 m Backstroke L1","Gold","SWE",NA,NA,"Swimming",1984,NA
"3894","Women","25 m Backstroke L1","Silver","GBR",NA,NA,"Swimming",1984,NA
"3895","Women","25 m Backstroke L1","Bronze","GBR",NA,NA,"Swimming",1984,NA
"3896","Women","25 m Backstroke L2","Gold","SWE",NA,NA,"Swimming",1984,NA
"3897","Women","25 m Backstroke L2","Silver","GBR",NA,NA,"Swimming",1984,NA
"3898","Women","25 m Backstroke L2","Bronze","USA",NA,NA,"Swimming",1984,NA
"3899","Women","50 m Backstroke A9","Gold","CAN",NA,NA,"Swimming",1984,NA
"3900","Women","50 m Backstroke A9","Silver","NED",NA,NA,"Swimming",1984,NA
"3901","Women","50 m Backstroke A9","Bronze","CAN",NA,NA,"Swimming",1984,NA
"3902","Women","50 m Backstroke C5","Gold","NED",NA,NA,"Swimming",1984,NA
"3903","Women","50 m Backstroke C5","Silver","FRA",NA,NA,"Swimming",1984,NA
"3904","Women","50 m Backstroke C5","Bronze","SWE",NA,NA,"Swimming",1984,NA
"3905","Women","50 m Backstroke C7","Gold","NED",NA,NA,"Swimming",1984,NA
"3906","Women","50 m Backstroke C7","Silver","FRA",NA,NA,"Swimming",1984,NA
"3907","Women","50 m Backstroke C7","Bronze","GBR",NA,NA,"Swimming",1984,NA
"3908","Women","50 m Backstroke C8","Gold","CAN",NA,NA,"Swimming",1984,NA
"3909","Women","50 m Backstroke C8","Silver","USA",NA,NA,"Swimming",1984,NA
"3910","Women","50 m Backstroke C8","Bronze","USA",NA,NA,"Swimming",1984,NA
"3911","Women","50 m Backstroke L3","Gold","FRG",NA,NA,"Swimming",1984,NA
"3912","Women","50 m Backstroke L3","Silver","ESP",NA,NA,"Swimming",1984,NA
"3913","Women","50 m Backstroke L3","Bronze","NED",NA,NA,"Swimming",1984,NA
"3914","Women","50 m Backstroke 2","Gold","NED",NA,NA,"Swimming",1984,NA
"3915","Women","50 m Backstroke 2","Silver","CAN",NA,NA,"Swimming",1984,NA
"3916","Women","50 m Backstroke 2","Bronze","FRG",NA,NA,"Swimming",1984,NA
"3917","Women","50 m Backstroke 3","Gold","FRA",NA,NA,"Swimming",1984,NA
"3918","Women","50 m Backstroke 3","Silver","POL",NA,NA,"Swimming",1984,NA
"3919","Women","50 m Backstroke 3","Bronze","FRA",NA,NA,"Swimming",1984,NA
"3920","Women","100 m Backstroke A1","Gold","FRG",NA,NA,"Swimming",1984,NA
"3921","Women","100 m Backstroke A1","Silver","USA",NA,NA,"Swimming",1984,NA
"3922","Women","100 m Backstroke A1","Bronze","NOR",NA,NA,"Swimming",1984,NA
"3923","Women","100 m Backstroke A2","Gold","FRG",NA,NA,"Swimming",1984,NA
"3924","Women","100 m Backstroke A2","Silver","NED",NA,NA,"Swimming",1984,NA
"3925","Women","100 m Backstroke A2","Bronze","GBR",NA,NA,"Swimming",1984,NA
"3926","Women","100 m Backstroke A4","Gold","AUS",NA,NA,"Swimming",1984,NA
"3927","Women","100 m Backstroke A4","Silver","NED",NA,NA,"Swimming",1984,NA
"3928","Women","100 m Backstroke A4","Bronze","AUS",NA,NA,"Swimming",1984,NA
"3929","Women","100 m Backstroke A6","Gold","NED",NA,NA,"Swimming",1984,NA
"3930","Women","100 m Backstroke A6","Silver","AUS",NA,NA,"Swimming",1984,NA
"3931","Women","100 m Backstroke A8","Gold","SWE",NA,NA,"Swimming",1984,NA
"3932","Women","100 m Backstroke A8","Silver","AUS",NA,NA,"Swimming",1984,NA
"3933","Women","100 m Backstroke A8","Bronze","FRA",NA,NA,"Swimming",1984,NA
"3934","Women","100 m Backstroke B1","Gold","CAN",NA,NA,"Swimming",1984,NA
"3935","Women","100 m Backstroke B1","Silver","GBR",NA,NA,"Swimming",1984,NA
"3936","Women","100 m Backstroke B1","Bronze","FIN",NA,NA,"Swimming",1984,NA
"3937","Women","100 m Backstroke B2","Gold","USA",NA,NA,"Swimming",1984,NA
"3938","Women","100 m Backstroke B2","Silver","SWE",NA,NA,"Swimming",1984,NA
"3939","Women","100 m Backstroke B2","Bronze","AUS",NA,NA,"Swimming",1984,NA
"3940","Women","100 m Backstroke B3","Gold","USA",NA,NA,"Swimming",1984,NA
"3941","Women","100 m Backstroke B3","Silver","USA",NA,NA,"Swimming",1984,NA
"3942","Women","100 m Backstroke B3","Bronze","USA",NA,NA,"Swimming",1984,NA
"3943","Women","100 m Backstroke C4","Gold","NED",NA,NA,"Swimming",1984,NA
"3944","Women","100 m Backstroke C4","Silver","NOR",NA,NA,"Swimming",1984,NA
"3945","Women","100 m Backstroke C4","Bronze","ISR",NA,NA,"Swimming",1984,NA
"3946","Women","100 m Backstroke C5","Gold","NED",NA,NA,"Swimming",1984,NA
"3947","Women","100 m Backstroke C5","Silver","FRA",NA,NA,"Swimming",1984,NA
"3948","Women","100 m Backstroke C5","Bronze","SWE",NA,NA,"Swimming",1984,NA
"3949","Women","100 m Backstroke C7","Gold","NED",NA,NA,"Swimming",1984,NA
"3950","Women","100 m Backstroke C7","Silver","FRA",NA,NA,"Swimming",1984,NA
"3951","Women","100 m Backstroke C7","Bronze","USA",NA,NA,"Swimming",1984,NA
"3952","Women","100 m Backstroke C8","Gold","NED",NA,NA,"Swimming",1984,NA
"3953","Women","100 m Backstroke C8","Silver","CAN",NA,NA,"Swimming",1984,NA
"3954","Women","100 m Backstroke C8","Bronze","USA",NA,NA,"Swimming",1984,NA
"3955","Women","100 m Backstroke L4","Gold","ESP",NA,NA,"Swimming",1984,NA
"3956","Women","100 m Backstroke L4","Silver","NED",NA,NA,"Swimming",1984,NA
"3957","Women","100 m Backstroke L4","Bronze","SWE",NA,NA,"Swimming",1984,NA
"3958","Women","100 m Backstroke L5","Gold","FRA",NA,NA,"Swimming",1984,NA
"3959","Women","100 m Backstroke L5","Silver","ESP",NA,NA,"Swimming",1984,NA
"3960","Women","100 m Backstroke L5","Bronze","NED",NA,NA,"Swimming",1984,NA
"3961","Women","100 m Backstroke L6","Gold","ESP",NA,NA,"Swimming",1984,NA
"3962","Women","100 m Backstroke L6","Silver","HUN",NA,NA,"Swimming",1984,NA
"3963","Women","100 m Backstroke 4","Gold","USA",NA,NA,"Swimming",1984,NA
"3964","Women","100 m Backstroke 4","Silver","AUS",NA,NA,"Swimming",1984,NA
"3965","Women","100 m Backstroke 4","Bronze","GBR",NA,NA,"Swimming",1984,NA
"3966","Women","100 m Backstroke 5","Gold","FRA",NA,NA,"Swimming",1984,NA
"3967","Women","100 m Backstroke 5","Silver","POL",NA,NA,"Swimming",1984,NA
"3968","Women","100 m Backstroke 5","Bronze","CAN",NA,NA,"Swimming",1984,NA
"3969","Women","100 m Backstroke 6","Gold","NOR",NA,NA,"Swimming",1984,NA
"3970","Women","100 m Backstroke 6","Silver","BRA",NA,NA,"Swimming",1984,NA
"3971","Women","25 m Breaststroke 1B","Gold","GBR",NA,NA,"Swimming",1984,NA
"3972","Women","25 m Breaststroke 1B","Silver","FRG",NA,NA,"Swimming",1984,NA
"3973","Women","25 m Breaststroke 1B","Bronze","USA",NA,NA,"Swimming",1984,NA
"3974","Women","25 m Breaststroke 1C","Gold","SWE",NA,NA,"Swimming",1984,NA
"3975","Women","50 m Breaststroke A9","Gold","CAN",NA,NA,"Swimming",1984,NA
"3976","Women","50 m Breaststroke A9","Silver","NED",NA,NA,"Swimming",1984,NA
"3977","Women","50 m Breaststroke A9","Bronze","CAN",NA,NA,"Swimming",1984,NA
"3978","Women","50 m Breaststroke B1","Gold","GBR",NA,NA,"Swimming",1984,NA
"3979","Women","50 m Breaststroke B1","Silver","GBR",NA,NA,"Swimming",1984,NA
"3980","Women","50 m Breaststroke B1","Bronze","CAN",NA,NA,"Swimming",1984,NA
"3981","Women","50 m Breaststroke B2","Gold","USA",NA,NA,"Swimming",1984,NA
"3982","Women","50 m Breaststroke B2","Silver","USA",NA,NA,"Swimming",1984,NA
"3983","Women","50 m Breaststroke B2","Bronze","GBR",NA,NA,"Swimming",1984,NA
"3984","Women","50 m Breaststroke B3","Gold","USA",NA,NA,"Swimming",1984,NA
"3985","Women","50 m Breaststroke B3","Silver","USA",NA,NA,"Swimming",1984,NA
"3986","Women","50 m Breaststroke B3","Bronze","USA",NA,NA,"Swimming",1984,NA
"3987","Women","50 m Breaststroke C8","Gold","NED",NA,NA,"Swimming",1984,NA
"3988","Women","50 m Breaststroke C8","Silver","CAN",NA,NA,"Swimming",1984,NA
"3989","Women","50 m Breaststroke L3","Gold","ESP",NA,NA,"Swimming",1984,NA
"3990","Women","50 m Breaststroke L3","Silver","GBR",NA,NA,"Swimming",1984,NA
"3991","Women","50 m Breaststroke L3","Bronze","SWE",NA,NA,"Swimming",1984,NA
"3992","Women","50 m Breaststroke 2","Gold","FRG",NA,NA,"Swimming",1984,NA
"3993","Women","50 m Breaststroke 2","Silver","FRG",NA,NA,"Swimming",1984,NA
"3994","Women","50 m Breaststroke 2","Bronze","NED",NA,NA,"Swimming",1984,NA
"3995","Women","50 m Breaststroke 3","Gold","SWE",NA,NA,"Swimming",1984,NA
"3996","Women","50 m Breaststroke 3","Silver","GBR",NA,NA,"Swimming",1984,NA
"3997","Women","50 m Breaststroke 3","Bronze","ISL",NA,NA,"Swimming",1984,NA
"3998","Women","100 m Breaststroke A1","Gold","USA",NA,NA,"Swimming",1984,NA
"3999","Women","100 m Breaststroke A1","Silver","FRG",NA,NA,"Swimming",1984,NA
"4000","Women","100 m Breaststroke A1","Bronze","DEN",NA,NA,"Swimming",1984,NA
"4001","Women","100 m Breaststroke A2","Gold","USA",NA,NA,"Swimming",1984,NA
"4002","Women","100 m Breaststroke A2","Silver","AUS",NA,NA,"Swimming",1984,NA
"4003","Women","100 m Breaststroke A2","Bronze","NOR",NA,NA,"Swimming",1984,NA
"4004","Women","100 m Breaststroke A4","Gold","NED",NA,NA,"Swimming",1984,NA
"4005","Women","100 m Breaststroke A4","Silver","AUS",NA,NA,"Swimming",1984,NA
"4006","Women","100 m Breaststroke A4","Bronze","AUS",NA,NA,"Swimming",1984,NA
"4007","Women","100 m Breaststroke A6","Gold","AUS",NA,NA,"Swimming",1984,NA
"4008","Women","100 m Breaststroke A6","Silver","NED",NA,NA,"Swimming",1984,NA
"4009","Women","100 m Breaststroke A8","Gold","FRA",NA,NA,"Swimming",1984,NA
"4010","Women","100 m Breaststroke A8","Silver","SWE",NA,NA,"Swimming",1984,NA
"4011","Women","100 m Breaststroke A8","Bronze","DEN",NA,NA,"Swimming",1984,NA
"4012","Women","100 m Breaststroke B1","Gold","SWE",NA,NA,"Swimming",1984,NA
"4013","Women","100 m Breaststroke B1","Silver","CAN",NA,NA,"Swimming",1984,NA
"4014","Women","100 m Breaststroke B1","Bronze","GBR",NA,NA,"Swimming",1984,NA
"4015","Women","100 m Breaststroke B2","Gold","USA",NA,NA,"Swimming",1984,NA
"4016","Women","100 m Breaststroke B2","Silver","AUS",NA,NA,"Swimming",1984,NA
"4017","Women","100 m Breaststroke B2","Bronze","GBR",NA,NA,"Swimming",1984,NA
"4018","Women","100 m Breaststroke B3","Gold","SWE",NA,NA,"Swimming",1984,NA
"4019","Women","100 m Breaststroke B3","Silver","USA",NA,NA,"Swimming",1984,NA
"4020","Women","100 m Breaststroke B3","Bronze","NOR",NA,NA,"Swimming",1984,NA
"4021","Women","100 m Breaststroke C8","Gold","NED",NA,NA,"Swimming",1984,NA
"4022","Women","100 m Breaststroke L4","Gold","NED",NA,NA,"Swimming",1984,NA
"4023","Women","100 m Breaststroke L4","Silver","NOR",NA,NA,"Swimming",1984,NA
"4024","Women","100 m Breaststroke L4","Bronze","ESP",NA,NA,"Swimming",1984,NA
"4025","Women","100 m Breaststroke L5","Gold","NED",NA,NA,"Swimming",1984,NA
"4026","Women","100 m Breaststroke L5","Silver","FRA",NA,NA,"Swimming",1984,NA
"4027","Women","100 m Breaststroke L5","Bronze","ESP",NA,NA,"Swimming",1984,NA
"4028","Women","100 m Breaststroke L6","Gold","HUN",NA,NA,"Swimming",1984,NA
"4029","Women","100 m Breaststroke 4","Gold","USA",NA,NA,"Swimming",1984,NA
"4030","Women","100 m Breaststroke 4","Silver","GBR",NA,NA,"Swimming",1984,NA
"4031","Women","100 m Breaststroke 4","Bronze","AUS",NA,NA,"Swimming",1984,NA
"4032","Women","100 m Breaststroke 5","Gold","NED",NA,NA,"Swimming",1984,NA
"4033","Women","100 m Breaststroke 5","Silver","CAN",NA,NA,"Swimming",1984,NA
"4034","Women","100 m Breaststroke 5","Bronze","ISL",NA,NA,"Swimming",1984,NA
"4035","Women","400 m Breaststroke B1","Gold","SWE",NA,NA,"Swimming",1984,NA
"4036","Women","400 m Breaststroke B1","Silver","GBR",NA,NA,"Swimming",1984,NA
"4037","Women","400 m Breaststroke B1","Bronze","CAN",NA,NA,"Swimming",1984,NA
"4038","Women","400 m Breaststroke B3","Gold","USA",NA,NA,"Swimming",1984,NA
"4039","Women","400 m Breaststroke B3","Silver","USA",NA,NA,"Swimming",1984,NA
"4040","Women","400 m Breaststroke B3","Bronze","USA",NA,NA,"Swimming",1984,NA
"4041","Women","25 m Butterfly 1B","Gold","GBR",NA,NA,"Swimming",1984,NA
"4042","Women","25 m Butterfly 1B","Silver","FRA",NA,NA,"Swimming",1984,NA
"4043","Women","25 m Butterfly 1B","Bronze","USA",NA,NA,"Swimming",1984,NA
"4044","Women","25 m Butterfly 2","Gold","CAN",NA,NA,"Swimming",1984,NA
"4045","Women","25 m Butterfly 2","Silver","NED",NA,NA,"Swimming",1984,NA
"4046","Women","25 m Butterfly 2","Bronze","FRG",NA,NA,"Swimming",1984,NA
"4047","Women","25 m Butterfly 3","Gold","SWE",NA,NA,"Swimming",1984,NA
"4048","Women","25 m Butterfly 3","Silver","POL",NA,NA,"Swimming",1984,NA
"4049","Women","25 m Butterfly 3","Bronze","AUS",NA,NA,"Swimming",1984,NA
"4050","Women","50 m Butterfly 4","Gold","USA",NA,NA,"Swimming",1984,NA
"4051","Women","50 m Butterfly 4","Silver","AUS",NA,NA,"Swimming",1984,NA
"4052","Women","50 m Butterfly 4","Bronze","NOR",NA,NA,"Swimming",1984,NA
"4053","Women","100 m Butterfly A2","Gold","NED",NA,NA,"Swimming",1984,NA
"4054","Women","100 m Butterfly A2","Silver","USA",NA,NA,"Swimming",1984,NA
"4055","Women","100 m Butterfly A2","Bronze","AUS",NA,NA,"Swimming",1984,NA
"4056","Women","100 m Butterfly A6","Gold","NED",NA,NA,"Swimming",1984,NA
"4057","Women","100 m Butterfly A6","Silver","AUS",NA,NA,"Swimming",1984,NA
"4058","Women","100 m Butterfly A8","Gold","SWE",NA,NA,"Swimming",1984,NA
"4059","Women","100 m Butterfly A8","Silver","AUS",NA,NA,"Swimming",1984,NA
"4060","Women","100 m Butterfly A8","Bronze","FRA",NA,NA,"Swimming",1984,NA
"4061","Women","100 m Butterfly B1","Gold","SWE",NA,NA,"Swimming",1984,NA
"4062","Women","100 m Butterfly B1","Silver","FIN",NA,NA,"Swimming",1984,NA
"4063","Women","100 m Butterfly B1","Bronze","CAN",NA,NA,"Swimming",1984,NA
"4064","Women","100 m Butterfly B2","Gold","USA",NA,NA,"Swimming",1984,NA
"4065","Women","100 m Butterfly B2","Silver","SWE",NA,NA,"Swimming",1984,NA
"4066","Women","100 m Butterfly B2","Bronze","GBR",NA,NA,"Swimming",1984,NA
"4067","Women","100 m Butterfly B3","Gold","USA",NA,NA,"Swimming",1984,NA
"4068","Women","100 m Butterfly B3","Silver","AUS",NA,NA,"Swimming",1984,NA
"4069","Women","100 m Butterfly B3","Bronze","NOR",NA,NA,"Swimming",1984,NA
"4070","Women","100 m Butterfly L4","Gold","ESP",NA,NA,"Swimming",1984,NA
"4071","Women","100 m Butterfly L4","Silver","SWE",NA,NA,"Swimming",1984,NA
"4072","Women","100 m Butterfly L4","Bronze","NED",NA,NA,"Swimming",1984,NA
"4073","Women","100 m Butterfly L5","Gold","FRA",NA,NA,"Swimming",1984,NA
"4074","Women","100 m Butterfly L5","Silver","NED",NA,NA,"Swimming",1984,NA
"4075","Women","100 m Butterfly L5","Bronze","ESP",NA,NA,"Swimming",1984,NA
"4076","Women","100 m Butterfly L6","Gold","ESP",NA,NA,"Swimming",1984,NA
"4077","Women","100 m Butterfly 5","Gold","POL",NA,NA,"Swimming",1984,NA
"4078","Women","100 m Butterfly 6","Gold","NOR",NA,NA,"Swimming",1984,NA
"4079","Women","3x25 m Individual Medley 1B","Gold","GBR",NA,NA,"Swimming",1984,NA
"4080","Women","3x25 m Individual Medley 1B","Silver","FRA",NA,NA,"Swimming",1984,NA
"4081","Women","3x25 m Individual Medley 1B","Bronze","USA",NA,NA,"Swimming",1984,NA
"4082","Women","150 m Individual Medley A9","Gold","CAN",NA,NA,"Swimming",1984,NA
"4083","Women","150 m Individual Medley A9","Silver","NED",NA,NA,"Swimming",1984,NA
"4084","Women","150 m Individual Medley A9","Bronze","CAN",NA,NA,"Swimming",1984,NA
"4085","Women","200 m Individual Medley A1","Gold","USA",NA,NA,"Swimming",1984,NA
"4086","Women","200 m Individual Medley A1","Silver","NOR",NA,NA,"Swimming",1984,NA
"4087","Women","200 m Individual Medley A1","Bronze","GBR",NA,NA,"Swimming",1984,NA
"4088","Women","200 m Individual Medley A2","Gold","NED",NA,NA,"Swimming",1984,NA
"4089","Women","200 m Individual Medley A2","Silver","FRG",NA,NA,"Swimming",1984,NA
"4090","Women","200 m Individual Medley A2","Bronze","USA",NA,NA,"Swimming",1984,NA
"4091","Women","200 m Individual Medley A4","Gold","NED",NA,NA,"Swimming",1984,NA
"4092","Women","200 m Individual Medley A4","Silver","AUS",NA,NA,"Swimming",1984,NA
"4093","Women","200 m Individual Medley A4","Bronze","AUS",NA,NA,"Swimming",1984,NA
"4094","Women","200 m Individual Medley A6","Gold","NED",NA,NA,"Swimming",1984,NA
"4095","Women","200 m Individual Medley A6","Silver","AUS",NA,NA,"Swimming",1984,NA
"4096","Women","200 m Individual Medley A8","Gold","SWE",NA,NA,"Swimming",1984,NA
"4097","Women","200 m Individual Medley A8","Silver","FRA",NA,NA,"Swimming",1984,NA
"4098","Women","200 m Individual Medley A8","Bronze","AUS",NA,NA,"Swimming",1984,NA
"4099","Women","200 m Individual Medley B1","Gold","CAN",NA,NA,"Swimming",1984,NA
"4100","Women","200 m Individual Medley B1","Silver","CAN",NA,NA,"Swimming",1984,NA
"4101","Women","200 m Individual Medley B1","Bronze","FIN",NA,NA,"Swimming",1984,NA
"4102","Women","200 m Individual Medley B2","Gold","USA",NA,NA,"Swimming",1984,NA
"4103","Women","200 m Individual Medley B2","Silver","SWE",NA,NA,"Swimming",1984,NA
"4104","Women","200 m Individual Medley B2","Bronze","AUS",NA,NA,"Swimming",1984,NA
"4105","Women","200 m Individual Medley B3","Gold","USA",NA,NA,"Swimming",1984,NA
"4106","Women","200 m Individual Medley B3","Silver","NOR",NA,NA,"Swimming",1984,NA
"4107","Women","200 m Individual Medley B3","Bronze","AUS",NA,NA,"Swimming",1984,NA
"4108","Women","200 m Individual Medley L4","Gold","ESP",NA,NA,"Swimming",1984,NA
"4109","Women","200 m Individual Medley L4","Silver","NED",NA,NA,"Swimming",1984,NA
"4110","Women","200 m Individual Medley L4","Bronze","SWE",NA,NA,"Swimming",1984,NA
"4111","Women","200 m Individual Medley L5","Gold","FRA",NA,NA,"Swimming",1984,NA
"4112","Women","200 m Individual Medley L5","Silver","NED",NA,NA,"Swimming",1984,NA
"4113","Women","200 m Individual Medley L5","Bronze","ESP",NA,NA,"Swimming",1984,NA
"4114","Women","200 m Individual Medley L6","Gold","ESP",NA,NA,"Swimming",1984,NA
"4115","Women","200 m Individual Medley L6","Silver","HUN",NA,NA,"Swimming",1984,NA
"4116","Women","400 m Individual Medley B1","Gold","CAN",NA,NA,"Swimming",1984,NA
"4117","Women","400 m Individual Medley B1","Silver","GBR",NA,NA,"Swimming",1984,NA
"4118","Women","400 m Individual Medley B1","Bronze","GBR",NA,NA,"Swimming",1984,NA
"4119","Women","400 m Individual Medley B2","Gold","USA",NA,NA,"Swimming",1984,NA
"4120","Women","400 m Individual Medley B3","Gold","USA",NA,NA,"Swimming",1984,NA
"4121","Women","400 m Individual Medley B3","Silver","SWE",NA,NA,"Swimming",1984,NA
"4122","Women","400 m Individual Medley B3","Bronze","USA",NA,NA,"Swimming",1984,NA
"4123","Women","3x50 m Medley Relay 2-4","Gold","GBR",NA,NA,"Swimming",1984,NA
"4124","Women","3x50 m Medley Relay 2-4","Silver","FRA",NA,NA,"Swimming",1984,NA
"4125","Women","4x50 m Freestyle Relay L1-L6","Gold","ESP","Spain",2,"Swimming",1984,NA
"4126","Women","4x50 m Freestyle Relay L1-L6","Silver","GBR","Great Britain",2,"Swimming",1984,NA
"4127","Women","4x100 m Medley Relay A1-A9","Gold","AUS","Australia",2,"Swimming",1984,NA
"4128","Women","50 m Freestyle B1","Gold","GBR",NA,NA,"Swimming",1988,NA
"4129","Women","50 m Freestyle B1","Silver","SWE",NA,NA,"Swimming",1988,NA
"4130","Women","50 m Freestyle B1","Bronze","CAN",NA,NA,"Swimming",1988,NA
"4131","Women","50 m Freestyle B2","Gold","USA",NA,NA,"Swimming",1988,NA
"4132","Women","50 m Freestyle B2","Silver","GBR",NA,NA,"Swimming",1988,NA
"4133","Women","50 m Freestyle B2","Bronze","URS",NA,NA,"Swimming",1988,NA
"4134","Women","50 m Freestyle B3","Gold","USA",NA,NA,"Swimming",1988,NA
"4135","Women","50 m Freestyle B3","Silver","URS",NA,NA,"Swimming",1988,NA
"4136","Women","50 m Freestyle B3","Bronze","SWE",NA,NA,"Swimming",1988,NA
"4137","Women","50 m Freestyle L1","Gold","FRA",NA,NA,"Swimming",1988,NA
"4138","Women","50 m Freestyle L1","Silver","FRA",NA,NA,"Swimming",1988,NA
"4139","Women","50 m Freestyle L1","Bronze","SWE",NA,NA,"Swimming",1988,NA
"4140","Women","50 m Freestyle L2","Gold","SWE",NA,NA,"Swimming",1988,NA
"4141","Women","50 m Freestyle L2","Silver","USA",NA,NA,"Swimming",1988,NA
"4142","Women","50 m Freestyle L2","Bronze","FIN",NA,NA,"Swimming",1988,NA
"4143","Women","50 m Freestyle 2","Gold","USA",NA,NA,"Swimming",1988,NA
"4144","Women","50 m Freestyle 2","Silver","USA",NA,NA,"Swimming",1988,NA
"4145","Women","50 m Freestyle 2","Bronze","AUS",NA,NA,"Swimming",1988,NA
"4146","Women","100 m Freestyle A2","Gold","SWE",NA,NA,"Swimming",1988,NA
"4147","Women","100 m Freestyle A2","Silver","USA",NA,NA,"Swimming",1988,NA
"4148","Women","100 m Freestyle A2","Bronze","ISL",NA,NA,"Swimming",1988,NA
"4149","Women","100 m Freestyle A4","Gold","DEN",NA,NA,"Swimming",1988,NA
"4150","Women","100 m Freestyle A4","Silver","CAN",NA,NA,"Swimming",1988,NA
"4151","Women","100 m Freestyle A4","Bronze","GBR",NA,NA,"Swimming",1988,NA
"4152","Women","100 m Freestyle A8","Gold","SWE",NA,NA,"Swimming",1988,NA
"4153","Women","100 m Freestyle A8","Silver","DEN",NA,NA,"Swimming",1988,NA
"4154","Women","100 m Freestyle A8","Bronze","USA",NA,NA,"Swimming",1988,NA
"4155","Women","100 m Freestyle B1","Gold","SWE",NA,NA,"Swimming",1988,NA
"4156","Women","100 m Freestyle B1","Silver","CAN",NA,NA,"Swimming",1988,NA
"4157","Women","100 m Freestyle B1","Bronze","GBR",NA,NA,"Swimming",1988,NA
"4158","Women","100 m Freestyle B2","Gold","USA",NA,NA,"Swimming",1988,NA
"4159","Women","100 m Freestyle B2","Silver","GBR",NA,NA,"Swimming",1988,NA
"4160","Women","100 m Freestyle B2","Bronze","URS",NA,NA,"Swimming",1988,NA
"4161","Women","100 m Freestyle B3","Gold","USA",NA,NA,"Swimming",1988,NA
"4162","Women","100 m Freestyle B3","Silver","SWE",NA,NA,"Swimming",1988,NA
"4163","Women","100 m Freestyle B3","Bronze","URS",NA,NA,"Swimming",1988,NA
"4164","Women","100 m Freestyle C4","Gold","CAN",NA,NA,"Swimming",1988,NA
"4165","Women","100 m Freestyle C4","Silver","GBR",NA,NA,"Swimming",1988,NA
"4166","Women","100 m Freestyle C4","Bronze","ISR",NA,NA,"Swimming",1988,NA
"4167","Women","100 m Freestyle C6","Gold","AUS",NA,NA,"Swimming",1988,NA
"4168","Women","100 m Freestyle C6","Silver","FRA",NA,NA,"Swimming",1988,NA
"4169","Women","100 m Freestyle C6","Bronze","CAN",NA,NA,"Swimming",1988,NA
"4170","Women","100 m Freestyle C8","Gold","NED",NA,NA,"Swimming",1988,NA
"4171","Women","100 m Freestyle C8","Silver","FRO",NA,NA,"Swimming",1988,NA
"4172","Women","100 m Freestyle C8","Bronze","CAN",NA,NA,"Swimming",1988,NA
"4173","Women","100 m Freestyle L2","Gold","SWE",NA,NA,"Swimming",1988,NA
"4174","Women","100 m Freestyle L2","Silver","FIN",NA,NA,"Swimming",1988,NA
"4175","Women","100 m Freestyle L2","Bronze","DEN",NA,NA,"Swimming",1988,NA
"4176","Women","100 m Freestyle L4","Gold","POL",NA,NA,"Swimming",1988,NA
"4177","Women","100 m Freestyle L4","Silver","FRG",NA,NA,"Swimming",1988,NA
"4178","Women","100 m Freestyle L4","Bronze","NOR",NA,NA,"Swimming",1988,NA
"4179","Women","100 m Freestyle L5","Gold","FRA",NA,NA,"Swimming",1988,NA
"4180","Women","100 m Freestyle L5","Silver","FRA",NA,NA,"Swimming",1988,NA
"4181","Women","100 m Freestyle L5","Bronze","FIN",NA,NA,"Swimming",1988,NA
"4182","Women","100 m Freestyle L5","Bronze","GBR",NA,NA,"Swimming",1988,NA
"4183","Women","100 m Freestyle L6","Gold","FRG",NA,NA,"Swimming",1988,NA
"4184","Women","100 m Freestyle L6","Silver","FRO",NA,NA,"Swimming",1988,NA
"4185","Women","100 m Freestyle L6","Bronze","NED",NA,NA,"Swimming",1988,NA
"4186","Women","100 m Freestyle 4","Gold","GBR",NA,NA,"Swimming",1988,NA
"4187","Women","100 m Freestyle 4","Silver","USA",NA,NA,"Swimming",1988,NA
"4188","Women","100 m Freestyle 4","Bronze","ISL",NA,NA,"Swimming",1988,NA
"4189","Women","100 m Freestyle 5","Gold","ESP",NA,NA,"Swimming",1988,NA
"4190","Women","100 m Freestyle 5","Silver","ESP",NA,NA,"Swimming",1988,NA
"4191","Women","100 m Freestyle 5","Bronze","POL",NA,NA,"Swimming",1988,NA
"4192","Women","100 m Freestyle 6","Gold","BRA",NA,NA,"Swimming",1988,NA
"4193","Women","100 m Freestyle 6","Silver","USA",NA,NA,"Swimming",1988,NA
"4194","Women","100 m Freestyle 6","Bronze","BRA",NA,NA,"Swimming",1988,NA
"4195","Women","200 m Freestyle C4","Gold","CAN",NA,NA,"Swimming",1988,NA
"4196","Women","200 m Freestyle C4","Silver","GBR",NA,NA,"Swimming",1988,NA
"4197","Women","200 m Freestyle C4","Bronze","USA",NA,NA,"Swimming",1988,NA
"4198","Women","400 m Freestyle A2","Gold","SWE",NA,NA,"Swimming",1988,NA
"4199","Women","400 m Freestyle A2","Silver","GBR",NA,NA,"Swimming",1988,NA
"4200","Women","400 m Freestyle A2","Bronze","AUS",NA,NA,"Swimming",1988,NA
"4201","Women","400 m Freestyle A4","Gold","CAN",NA,NA,"Swimming",1988,NA
"4202","Women","400 m Freestyle A4","Silver","DEN",NA,NA,"Swimming",1988,NA
"4203","Women","400 m Freestyle A4","Bronze","GBR",NA,NA,"Swimming",1988,NA
"4204","Women","400 m Freestyle A8","Gold","AUS",NA,NA,"Swimming",1988,NA
"4205","Women","400 m Freestyle A8","Silver","DEN",NA,NA,"Swimming",1988,NA
"4206","Women","400 m Freestyle A8","Bronze","FRA",NA,NA,"Swimming",1988,NA
"4207","Women","400 m Freestyle B1","Gold","SWE",NA,NA,"Swimming",1988,NA
"4208","Women","400 m Freestyle B1","Silver","GBR",NA,NA,"Swimming",1988,NA
"4209","Women","400 m Freestyle B1","Bronze","FIN",NA,NA,"Swimming",1988,NA
"4210","Women","400 m Freestyle B2","Gold","USA",NA,NA,"Swimming",1988,NA
"4211","Women","400 m Freestyle B2","Silver","SWE",NA,NA,"Swimming",1988,NA
"4212","Women","400 m Freestyle B2","Bronze","GBR",NA,NA,"Swimming",1988,NA
"4213","Women","400 m Freestyle B3","Gold","USA",NA,NA,"Swimming",1988,NA
"4214","Women","400 m Freestyle B3","Silver","SWE",NA,NA,"Swimming",1988,NA
"4215","Women","400 m Freestyle B3","Bronze","CAN",NA,NA,"Swimming",1988,NA
"4216","Women","400 m Freestyle C3-4","Gold","GBR",NA,NA,"Swimming",1988,NA
"4217","Women","400 m Freestyle C3-4","Silver","FRO",NA,NA,"Swimming",1988,NA
"4218","Women","400 m Freestyle C3-4","Bronze","USA",NA,NA,"Swimming",1988,NA
"4219","Women","400 m Freestyle L6","Gold","FRG",NA,NA,"Swimming",1988,NA
"4220","Women","400 m Freestyle L6","Silver","NED",NA,NA,"Swimming",1988,NA
"4221","Women","400 m Freestyle L6","Bronze","FRO",NA,NA,"Swimming",1988,NA
"4222","Women","400 m Freestyle 4","Gold","GBR",NA,NA,"Swimming",1988,NA
"4223","Women","400 m Freestyle 4","Silver","USA",NA,NA,"Swimming",1988,NA
"4224","Women","400 m Freestyle 4","Bronze","JPN",NA,NA,"Swimming",1988,NA
"4225","Women","400 m Freestyle 5","Gold","ESP",NA,NA,"Swimming",1988,NA
"4226","Women","400 m Freestyle 5","Silver","ESP",NA,NA,"Swimming",1988,NA
"4227","Women","400 m Freestyle 5","Bronze","POL",NA,NA,"Swimming",1988,NA
"4228","Women","400 m Freestyle 6","Gold","FRG",NA,NA,"Swimming",1988,NA
"4229","Women","400 m Freestyle 6","Silver","USA",NA,NA,"Swimming",1988,NA
"4230","Women","400 m Freestyle 6","Bronze","ESP",NA,NA,"Swimming",1988,NA
"4231","Women","25 m Backstroke L1","Gold","FRA",NA,NA,"Swimming",1988,NA
"4232","Women","25 m Backstroke L1","Silver","SWE",NA,NA,"Swimming",1988,NA
"4233","Women","25 m Backstroke L1","Bronze","FRA",NA,NA,"Swimming",1988,NA
"4234","Women","50 m Backstroke C6","Gold","FRA",NA,NA,"Swimming",1988,NA
"4235","Women","50 m Backstroke C6","Silver","AUS",NA,NA,"Swimming",1988,NA
"4236","Women","50 m Backstroke C6","Bronze","USA",NA,NA,"Swimming",1988,NA
"4237","Women","50 m Backstroke L2","Gold","FIN",NA,NA,"Swimming",1988,NA
"4238","Women","50 m Backstroke L2","Silver","SWE",NA,NA,"Swimming",1988,NA
"4239","Women","50 m Backstroke L2","Bronze","USA",NA,NA,"Swimming",1988,NA
"4240","Women","50 m Backstroke 2","Gold","USA",NA,NA,"Swimming",1988,NA
"4241","Women","50 m Backstroke 2","Silver","USA",NA,NA,"Swimming",1988,NA
"4242","Women","50 m Backstroke 2","Bronze","AUS",NA,NA,"Swimming",1988,NA
"4243","Women","100 m Backstroke A2","Gold","NED",NA,NA,"Swimming",1988,NA
"4244","Women","100 m Backstroke A2","Silver","SWE",NA,NA,"Swimming",1988,NA
"4245","Women","100 m Backstroke A2","Bronze","ISL",NA,NA,"Swimming",1988,NA
"4246","Women","100 m Backstroke A4","Gold","GBR",NA,NA,"Swimming",1988,NA
"4247","Women","100 m Backstroke A4","Silver","CAN",NA,NA,"Swimming",1988,NA
"4248","Women","100 m Backstroke A4","Bronze","AUS",NA,NA,"Swimming",1988,NA
"4249","Women","100 m Backstroke A8","Gold","AUS",NA,NA,"Swimming",1988,NA
"4250","Women","100 m Backstroke A8","Silver","GBR",NA,NA,"Swimming",1988,NA
"4251","Women","100 m Backstroke A8","Bronze","DEN",NA,NA,"Swimming",1988,NA
"4252","Women","100 m Backstroke B1","Gold","CAN",NA,NA,"Swimming",1988,NA
"4253","Women","100 m Backstroke B1","Silver","GBR",NA,NA,"Swimming",1988,NA
"4254","Women","100 m Backstroke B1","Bronze","FIN",NA,NA,"Swimming",1988,NA
"4255","Women","100 m Backstroke B2","Gold","USA",NA,NA,"Swimming",1988,NA
"4256","Women","100 m Backstroke B2","Silver","FIN",NA,NA,"Swimming",1988,NA
"4257","Women","100 m Backstroke B2","Bronze","GBR",NA,NA,"Swimming",1988,NA
"4258","Women","100 m Backstroke B3","Gold","USA",NA,NA,"Swimming",1988,NA
"4259","Women","100 m Backstroke B3","Silver","SWE",NA,NA,"Swimming",1988,NA
"4260","Women","100 m Backstroke B3","Bronze","CAN",NA,NA,"Swimming",1988,NA
"4261","Women","100 m Backstroke C3","Gold","FRO",NA,NA,"Swimming",1988,NA
"4262","Women","100 m Backstroke C3","Silver","AUS",NA,NA,"Swimming",1988,NA
"4263","Women","100 m Backstroke C3","Bronze","GBR",NA,NA,"Swimming",1988,NA
"4264","Women","100 m Backstroke C4","Gold","GBR",NA,NA,"Swimming",1988,NA
"4265","Women","100 m Backstroke C4","Silver","CAN",NA,NA,"Swimming",1988,NA
"4266","Women","100 m Backstroke C4","Bronze","FRA",NA,NA,"Swimming",1988,NA
"4267","Women","100 m Backstroke C8","Gold","NED",NA,NA,"Swimming",1988,NA
"4268","Women","100 m Backstroke C8","Silver","CAN",NA,NA,"Swimming",1988,NA
"4269","Women","100 m Backstroke C8","Bronze","FRO",NA,NA,"Swimming",1988,NA
"4270","Women","100 m Backstroke L4","Gold","FRG",NA,NA,"Swimming",1988,NA
"4271","Women","100 m Backstroke L4","Silver","GBR",NA,NA,"Swimming",1988,NA
"4272","Women","100 m Backstroke L4","Bronze","NOR",NA,NA,"Swimming",1988,NA
"4273","Women","100 m Backstroke L6","Gold","FRG",NA,NA,"Swimming",1988,NA
"4274","Women","100 m Backstroke L6","Silver","NED",NA,NA,"Swimming",1988,NA
"4275","Women","100 m Backstroke L6","Bronze","GBR",NA,NA,"Swimming",1988,NA
"4276","Women","100 m Backstroke 4","Gold","GBR",NA,NA,"Swimming",1988,NA
"4277","Women","100 m Backstroke 4","Silver","USA",NA,NA,"Swimming",1988,NA
"4278","Women","100 m Backstroke 4","Bronze","USA",NA,NA,"Swimming",1988,NA
"4279","Women","100 m Backstroke 5","Gold","ESP",NA,NA,"Swimming",1988,NA
"4280","Women","100 m Backstroke 5","Silver","ESP",NA,NA,"Swimming",1988,NA
"4281","Women","100 m Backstroke 5","Bronze","POL",NA,NA,"Swimming",1988,NA
"4282","Women","100 m Backstroke 6","Gold","ESP",NA,NA,"Swimming",1988,NA
"4283","Women","100 m Backstroke 6","Silver","USA",NA,NA,"Swimming",1988,NA
"4284","Women","100 m Backstroke 6","Bronze","FRG",NA,NA,"Swimming",1988,NA
"4285","Women","25 m Breaststroke L1","Gold","FRA",NA,NA,"Swimming",1988,NA
"4286","Women","25 m Breaststroke L1","Silver","DEN",NA,NA,"Swimming",1988,NA
"4287","Women","25 m Breaststroke L1","Bronze","GBR",NA,NA,"Swimming",1988,NA
"4288","Women","50 m Breaststroke B1","Gold","SWE",NA,NA,"Swimming",1988,NA
"4289","Women","50 m Breaststroke B1","Silver","GBR",NA,NA,"Swimming",1988,NA
"4290","Women","50 m Breaststroke B1","Bronze","CAN",NA,NA,"Swimming",1988,NA
"4291","Women","50 m Breaststroke B2","Gold","USA",NA,NA,"Swimming",1988,NA
"4292","Women","50 m Breaststroke B2","Silver","URS",NA,NA,"Swimming",1988,NA
"4293","Women","50 m Breaststroke B2","Bronze","BEL",NA,NA,"Swimming",1988,NA
"4294","Women","50 m Breaststroke B3","Gold","SWE",NA,NA,"Swimming",1988,NA
"4295","Women","50 m Breaststroke B3","Silver","AUS",NA,NA,"Swimming",1988,NA
"4296","Women","50 m Breaststroke B3","Bronze","USA",NA,NA,"Swimming",1988,NA
"4297","Women","50 m Breaststroke L2","Gold","SWE",NA,NA,"Swimming",1988,NA
"4298","Women","50 m Breaststroke L2","Silver","USA",NA,NA,"Swimming",1988,NA
"4299","Women","50 m Breaststroke L2","Bronze","DEN",NA,NA,"Swimming",1988,NA
"4300","Women","50 m Breaststroke 2","Gold","USA",NA,NA,"Swimming",1988,NA
"4301","Women","50 m Breaststroke 2","Silver","AUS",NA,NA,"Swimming",1988,NA
"4302","Women","50 m Breaststroke 2","Bronze","USA",NA,NA,"Swimming",1988,NA
"4303","Women","100 m Breaststroke A2","Gold","SWE",NA,NA,"Swimming",1988,NA
"4304","Women","100 m Breaststroke A2","Silver","USA",NA,NA,"Swimming",1988,NA
"4305","Women","100 m Breaststroke A2","Bronze","ISR",NA,NA,"Swimming",1988,NA
"4306","Women","100 m Breaststroke A8","Gold","SWE",NA,NA,"Swimming",1988,NA
"4307","Women","100 m Breaststroke A8","Silver","AUS",NA,NA,"Swimming",1988,NA
"4308","Women","100 m Breaststroke A8","Bronze","FRA",NA,NA,"Swimming",1988,NA
"4309","Women","100 m Breaststroke B1","Gold","SWE",NA,NA,"Swimming",1988,NA
"4310","Women","100 m Breaststroke B1","Silver","GBR",NA,NA,"Swimming",1988,NA
"4311","Women","100 m Breaststroke B1","Bronze","CAN",NA,NA,"Swimming",1988,NA
"4312","Women","100 m Breaststroke B2","Gold","USA",NA,NA,"Swimming",1988,NA
"4313","Women","100 m Breaststroke B2","Silver","BEL",NA,NA,"Swimming",1988,NA
"4314","Women","100 m Breaststroke B2","Bronze","URS",NA,NA,"Swimming",1988,NA
"4315","Women","100 m Breaststroke B3","Gold","SWE",NA,NA,"Swimming",1988,NA
"4316","Women","100 m Breaststroke B3","Silver","USA",NA,NA,"Swimming",1988,NA
"4317","Women","100 m Breaststroke B3","Bronze","AUS",NA,NA,"Swimming",1988,NA
"4318","Women","100 m Breaststroke C4","Gold","ISR",NA,NA,"Swimming",1988,NA
"4319","Women","100 m Breaststroke C4","Silver","GBR",NA,NA,"Swimming",1988,NA
"4320","Women","100 m Breaststroke C4","Bronze","NZL",NA,NA,"Swimming",1988,NA
"4321","Women","100 m Breaststroke L5","Gold","ESP",NA,NA,"Swimming",1988,NA
"4322","Women","100 m Breaststroke L5","Silver","FIN",NA,NA,"Swimming",1988,NA
"4323","Women","100 m Breaststroke L5","Bronze","SUI",NA,NA,"Swimming",1988,NA
"4324","Women","100 m Breaststroke L6","Gold","FRG",NA,NA,"Swimming",1988,NA
"4325","Women","100 m Breaststroke L6","Silver","NED",NA,NA,"Swimming",1988,NA
"4326","Women","100 m Breaststroke L6","Bronze","GBR",NA,NA,"Swimming",1988,NA
"4327","Women","100 m Breaststroke 5","Gold","POL",NA,NA,"Swimming",1988,NA
"4328","Women","100 m Breaststroke 5","Silver","ESP",NA,NA,"Swimming",1988,NA
"4329","Women","100 m Breaststroke 5","Bronze","SWE",NA,NA,"Swimming",1988,NA
"4330","Women","100 m Breaststroke 6","Gold","FRG",NA,NA,"Swimming",1988,NA
"4331","Women","100 m Breaststroke 6","Silver","ARG",NA,NA,"Swimming",1988,NA
"4332","Women","100 m Breaststroke 6","Bronze","BRA",NA,NA,"Swimming",1988,NA
"4333","Women","200 m Breaststroke B1","Gold","SWE",NA,NA,"Swimming",1988,NA
"4334","Women","200 m Breaststroke B1","Silver","GBR",NA,NA,"Swimming",1988,NA
"4335","Women","200 m Breaststroke B1","Bronze","CAN",NA,NA,"Swimming",1988,NA
"4336","Women","200 m Breaststroke B2","Gold","USA",NA,NA,"Swimming",1988,NA
"4337","Women","200 m Breaststroke B2","Silver","BEL",NA,NA,"Swimming",1988,NA
"4338","Women","200 m Breaststroke B2","Bronze","URS",NA,NA,"Swimming",1988,NA
"4339","Women","200 m Breaststroke B3","Gold","SWE",NA,NA,"Swimming",1988,NA
"4340","Women","200 m Breaststroke B3","Silver","USA",NA,NA,"Swimming",1988,NA
"4341","Women","200 m Breaststroke B3","Bronze","AUS",NA,NA,"Swimming",1988,NA
"4342","Women","25 m Butterfly 2","Gold","USA",NA,NA,"Swimming",1988,NA
"4343","Women","25 m Butterfly 2","Silver","USA",NA,NA,"Swimming",1988,NA
"4344","Women","25 m Butterfly 2","Bronze","AUS",NA,NA,"Swimming",1988,NA
"4345","Women","100 m Butterfly A2","Gold","ISR",NA,NA,"Swimming",1988,NA
"4346","Women","100 m Butterfly A2","Silver","USA",NA,NA,"Swimming",1988,NA
"4347","Women","100 m Butterfly A2","Bronze","NED",NA,NA,"Swimming",1988,NA
"4348","Women","100 m Butterfly A8","Gold","DEN",NA,NA,"Swimming",1988,NA
"4349","Women","100 m Butterfly A8","Silver","GBR",NA,NA,"Swimming",1988,NA
"4350","Women","100 m Butterfly A8","Bronze","FRA",NA,NA,"Swimming",1988,NA
"4351","Women","100 m Butterfly B1","Gold","FIN",NA,NA,"Swimming",1988,NA
"4352","Women","100 m Butterfly B1","Silver","SWE",NA,NA,"Swimming",1988,NA
"4353","Women","100 m Butterfly B1","Bronze","GBR",NA,NA,"Swimming",1988,NA
"4354","Women","100 m Butterfly B2","Gold","USA",NA,NA,"Swimming",1988,NA
"4355","Women","100 m Butterfly B2","Silver","GBR",NA,NA,"Swimming",1988,NA
"4356","Women","100 m Butterfly B2","Bronze","SWE",NA,NA,"Swimming",1988,NA
"4357","Women","100 m Butterfly L6","Gold","FRG",NA,NA,"Swimming",1988,NA
"4358","Women","100 m Butterfly L6","Silver","AUS",NA,NA,"Swimming",1988,NA
"4359","Women","100 m Butterfly L6","Bronze","FRO",NA,NA,"Swimming",1988,NA
"4360","Women","100 m Butterfly 6","Gold","ESP",NA,NA,"Swimming",1988,NA
"4361","Women","100 m Butterfly 6","Silver","BRA",NA,NA,"Swimming",1988,NA
"4362","Women","100 m Butterfly 6","Bronze","BRA",NA,NA,"Swimming",1988,NA
"4363","Women","200 m Individual Medley A2","Gold","ISL",NA,NA,"Swimming",1988,NA
"4364","Women","200 m Individual Medley A2","Silver","NED",NA,NA,"Swimming",1988,NA
"4365","Women","200 m Individual Medley A2","Bronze","USA",NA,NA,"Swimming",1988,NA
"4366","Women","200 m Individual Medley A8","Gold","DEN",NA,NA,"Swimming",1988,NA
"4367","Women","200 m Individual Medley A8","Silver","GBR",NA,NA,"Swimming",1988,NA
"4368","Women","200 m Individual Medley A8","Bronze","FRA",NA,NA,"Swimming",1988,NA
"4369","Women","200 m Individual Medley B1","Gold","SWE",NA,NA,"Swimming",1988,NA
"4370","Women","200 m Individual Medley B1","Silver","GBR",NA,NA,"Swimming",1988,NA
"4371","Women","200 m Individual Medley B1","Bronze","CAN",NA,NA,"Swimming",1988,NA
"4372","Women","200 m Individual Medley B2","Gold","USA",NA,NA,"Swimming",1988,NA
"4373","Women","200 m Individual Medley B2","Silver","FIN",NA,NA,"Swimming",1988,NA
"4374","Women","200 m Individual Medley B2","Bronze","GBR",NA,NA,"Swimming",1988,NA
"4375","Women","200 m Individual Medley B3","Gold","USA",NA,NA,"Swimming",1988,NA
"4376","Women","200 m Individual Medley B3","Silver","SWE",NA,NA,"Swimming",1988,NA
"4377","Women","200 m Individual Medley B3","Bronze","CAN",NA,NA,"Swimming",1988,NA
"4378","Women","200 m Individual Medley L6","Gold","FRG",NA,NA,"Swimming",1988,NA
"4379","Women","200 m Individual Medley L6","Silver","AUS",NA,NA,"Swimming",1988,NA
"4380","Women","200 m Individual Medley L6","Bronze","NED",NA,NA,"Swimming",1988,NA
"4381","Women","200 m Individual Medley 6","Gold","FRG",NA,NA,"Swimming",1988,NA
"4382","Women","200 m Individual Medley 6","Silver","USA",NA,NA,"Swimming",1988,NA
"4383","Women","200 m Individual Medley 6","Bronze","ARG",NA,NA,"Swimming",1988,NA
"4384","Women","400 m Individual Medley B2","Gold","USA",NA,NA,"Swimming",1988,NA
"4385","Women","400 m Individual Medley B2","Silver","GBR",NA,NA,"Swimming",1988,NA
"4386","Women","400 m Individual Medley B2","Bronze","URS",NA,NA,"Swimming",1988,NA
"4387","Women","400 m Individual Medley B3","Gold","USA",NA,NA,"Swimming",1988,NA
"4388","Women","400 m Individual Medley B3","Silver","SWE",NA,NA,"Swimming",1988,NA
"4389","Women","400 m Individual Medley B3","Bronze","CAN",NA,NA,"Swimming",1988,NA
"4390","Women","4x100 m Freestyle Relay A-L","Gold","GBR","Great Britain",5,"Swimming",1988,NA
"4391","Women","4x100 m Freestyle Relay A-L","Gold","GBR","Great Britain",6,"Swimming",1988,NA
"4392","Women","4x100 m Freestyle Relay A-L","Gold","GBR","Great Britain",7,"Swimming",1988,NA
"4393","Women","4x100 m Freestyle Relay A-L","Gold","GBR","Great Britain",8,"Swimming",1988,NA
"4394","Women","4x100 m Freestyle Relay A-L","Bronze","DEN","Denmark",2,"Swimming",1988,NA
"4395","Women","4x100 m Freestyle Relay A-L","Bronze","DEN","Denmark",3,"Swimming",1988,NA
"4396","Women","4x100 m Freestyle Relay A-L","Bronze","DEN","Denmark",4,"Swimming",1988,NA
"4397","Women","4x100 m Medley Relay A-L","Gold","GBR","Great Britain",5,"Swimming",1988,NA
"4398","Women","4x100 m Medley Relay A-L","Gold","GBR","Great Britain",6,"Swimming",1988,NA
"4399","Women","4x100 m Medley Relay A-L","Gold","GBR","Great Britain",7,"Swimming",1988,NA
"4400","Women","4x100 m Medley Relay A-L","Gold","GBR","Great Britain",8,"Swimming",1988,NA
"4401","Women","4x100 m Medley Relay A-L","Silver","DEN","Denmark",2,"Swimming",1988,NA
"4402","Women","4x100 m Medley Relay A-L","Silver","DEN","Denmark",3,"Swimming",1988,NA
"4403","Women","4x100 m Medley Relay A-L","Silver","DEN","Denmark",4,"Swimming",1988,NA
"4404","Women","50 m Freestyle S2","Gold","NOR",NA,NA,"Swimming",1992,NA
"4405","Women","50 m Freestyle S2","Silver","FRA",NA,NA,"Swimming",1992,NA
"4406","Women","50 m Freestyle S2","Bronze","ESP",NA,NA,"Swimming",1992,NA
"4407","Women","50 m Freestyle S3-4","Gold","ESP",NA,NA,"Swimming",1992,NA
"4408","Women","50 m Freestyle S3-4","Silver","ESP",NA,NA,"Swimming",1992,NA
"4409","Women","50 m Freestyle S3-4","Bronze","GBR",NA,NA,"Swimming",1992,NA
"4410","Women","50 m Freestyle S5","Gold","NZL",NA,NA,"Swimming",1992,NA
"4411","Women","50 m Freestyle S5","Silver","FRA",NA,NA,"Swimming",1992,NA
"4412","Women","50 m Freestyle S5","Bronze","FIN",NA,NA,"Swimming",1992,NA
"4413","Women","50 m Freestyle S6","Gold","SWE",NA,NA,"Swimming",1992,NA
"4414","Women","50 m Freestyle S6","Silver","USA",NA,NA,"Swimming",1992,NA
"4415","Women","50 m Freestyle S6","Bronze","AUS",NA,NA,"Swimming",1992,NA
"4416","Women","50 m Freestyle S7","Gold","GER",NA,NA,"Swimming",1992,NA
"4417","Women","50 m Freestyle S7","Silver","GBR",NA,NA,"Swimming",1992,NA
"4418","Women","50 m Freestyle S7","Bronze","AUS",NA,NA,"Swimming",1992,NA
"4419","Women","50 m Freestyle S8","Gold","AUS",NA,NA,"Swimming",1992,NA
"4420","Women","50 m Freestyle S8","Silver","GER",NA,NA,"Swimming",1992,NA
"4421","Women","50 m Freestyle S8","Bronze","USA",NA,NA,"Swimming",1992,NA
"4422","Women","50 m Freestyle S9","Gold","GBR",NA,NA,"Swimming",1992,NA
"4423","Women","50 m Freestyle S9","Silver","GER",NA,NA,"Swimming",1992,NA
"4424","Women","50 m Freestyle S9","Bronze","ISL",NA,NA,"Swimming",1992,NA
"4425","Women","50 m Freestyle S10","Gold","GER",NA,NA,"Swimming",1992,NA
"4426","Women","50 m Freestyle S10","Silver","AUS",NA,NA,"Swimming",1992,NA
"4427","Women","50 m Freestyle S10","Bronze","USA",NA,NA,"Swimming",1992,NA
"4428","Women","50 m Freestyle B1","Gold","GBR",NA,NA,"Swimming",1992,NA
"4429","Women","50 m Freestyle B1","Silver","CAN",NA,NA,"Swimming",1992,NA
"4430","Women","50 m Freestyle B1","Bronze","FIN",NA,NA,"Swimming",1992,NA
"4431","Women","50 m Freestyle B2","Gold","USA",NA,NA,"Swimming",1992,NA
"4432","Women","50 m Freestyle B2","Silver","EST",NA,NA,"Swimming",1992,NA
"4433","Women","50 m Freestyle B2","Bronze","AUS",NA,NA,"Swimming",1992,NA
"4434","Women","50 m Freestyle B3","Gold","USA",NA,NA,"Swimming",1992,NA
"4435","Women","50 m Freestyle B3","Silver","GER",NA,NA,"Swimming",1992,NA
"4436","Women","50 m Freestyle B3","Bronze","USA",NA,NA,"Swimming",1992,NA
"4437","Women","50 m Freestyle B3","Bronze","CAN",NA,NA,"Swimming",1992,NA
"4438","Women","100 m Freestyle S2","Gold","NOR",NA,NA,"Swimming",1992,NA
"4439","Women","100 m Freestyle S2","Silver","FRA",NA,NA,"Swimming",1992,NA
"4440","Women","100 m Freestyle S2","Bronze","ESP",NA,NA,"Swimming",1992,NA
"4441","Women","100 m Freestyle S3-4","Gold","ESP",NA,NA,"Swimming",1992,NA
"4442","Women","100 m Freestyle S3-4","Silver","GBR",NA,NA,"Swimming",1992,NA
"4443","Women","100 m Freestyle S3-4","Bronze","ESP",NA,NA,"Swimming",1992,NA
"4444","Women","100 m Freestyle S5","Gold","NZL",NA,NA,"Swimming",1992,NA
"4445","Women","100 m Freestyle S5","Silver","DEN",NA,NA,"Swimming",1992,NA
"4446","Women","100 m Freestyle S5","Bronze","FRA",NA,NA,"Swimming",1992,NA
"4447","Women","100 m Freestyle S6","Gold","AUS",NA,NA,"Swimming",1992,NA
"4448","Women","100 m Freestyle S6","Silver","SWE",NA,NA,"Swimming",1992,NA
"4449","Women","100 m Freestyle S6","Bronze","AUS",NA,NA,"Swimming",1992,NA
"4450","Women","100 m Freestyle S7","Gold","GER",NA,NA,"Swimming",1992,NA
"4451","Women","100 m Freestyle S7","Silver","NOR",NA,NA,"Swimming",1992,NA
"4452","Women","100 m Freestyle S7","Bronze","GBR",NA,NA,"Swimming",1992,NA
"4453","Women","100 m Freestyle S8","Gold","AUS",NA,NA,"Swimming",1992,NA
"4454","Women","100 m Freestyle S8","Silver","GER",NA,NA,"Swimming",1992,NA
"4455","Women","100 m Freestyle S8","Bronze","CAN",NA,NA,"Swimming",1992,NA
"4456","Women","100 m Freestyle S9","Gold","CAN",NA,NA,"Swimming",1992,NA
"4457","Women","100 m Freestyle S9","Silver","GBR",NA,NA,"Swimming",1992,NA
"4458","Women","100 m Freestyle S9","Bronze","ISL",NA,NA,"Swimming",1992,NA
"4459","Women","100 m Freestyle S10","Gold","GER",NA,NA,"Swimming",1992,NA
"4460","Women","100 m Freestyle S10","Silver","FRO",NA,NA,"Swimming",1992,NA
"4461","Women","100 m Freestyle S10","Bronze","GBR",NA,NA,"Swimming",1992,NA
"4462","Women","100 m Freestyle B1","Gold","AUS",NA,NA,"Swimming",1992,NA
"4463","Women","100 m Freestyle B1","Silver","GBR",NA,NA,"Swimming",1992,NA
"4464","Women","100 m Freestyle B1","Bronze","FIN",NA,NA,"Swimming",1992,NA
"4465","Women","100 m Freestyle B2","Gold","USA",NA,NA,"Swimming",1992,NA
"4466","Women","100 m Freestyle B2","Silver","AUS",NA,NA,"Swimming",1992,NA
"4467","Women","100 m Freestyle B2","Bronze","EST",NA,NA,"Swimming",1992,NA
"4468","Women","100 m Freestyle B3","Gold","USA",NA,NA,"Swimming",1992,NA
"4469","Women","100 m Freestyle B3","Silver","USA",NA,NA,"Swimming",1992,NA
"4470","Women","100 m Freestyle B3","Bronze","GER",NA,NA,"Swimming",1992,NA
"4471","Women","200 m Freestyle S6","Gold","AUS",NA,NA,"Swimming",1992,NA
"4472","Women","200 m Freestyle S6","Silver","SWE",NA,NA,"Swimming",1992,NA
"4473","Women","200 m Freestyle S6","Bronze","CHN",NA,NA,"Swimming",1992,NA
"4474","Women","400 m Freestyle S7","Gold","NOR",NA,NA,"Swimming",1992,NA
"4475","Women","400 m Freestyle S7","Silver","GBR",NA,NA,"Swimming",1992,NA
"4476","Women","400 m Freestyle S7","Bronze","FRA",NA,NA,"Swimming",1992,NA
"4477","Women","400 m Freestyle S8","Gold","GER",NA,NA,"Swimming",1992,NA
"4478","Women","400 m Freestyle S8","Silver","AUS",NA,NA,"Swimming",1992,NA
"4479","Women","400 m Freestyle S8","Bronze","CAN",NA,NA,"Swimming",1992,NA
"4480","Women","400 m Freestyle S9","Gold","CAN",NA,NA,"Swimming",1992,NA
"4481","Women","400 m Freestyle S9","Silver","ISL",NA,NA,"Swimming",1992,NA
"4482","Women","400 m Freestyle S9","Bronze","USA",NA,NA,"Swimming",1992,NA
"4483","Women","400 m Freestyle S10","Gold","GER",NA,NA,"Swimming",1992,NA
"4484","Women","400 m Freestyle S10","Silver","GBR",NA,NA,"Swimming",1992,NA
"4485","Women","400 m Freestyle S10","Bronze","ESP",NA,NA,"Swimming",1992,NA
"4486","Women","400 m Freestyle B1","Gold","AUS",NA,NA,"Swimming",1992,NA
"4487","Women","400 m Freestyle B1","Silver","GBR",NA,NA,"Swimming",1992,NA
"4488","Women","400 m Freestyle B1","Bronze","GBR",NA,NA,"Swimming",1992,NA
"4489","Women","400 m Freestyle B2-3","Gold","USA",NA,NA,"Swimming",1992,NA
"4490","Women","400 m Freestyle B2-3","Silver","USA",NA,NA,"Swimming",1992,NA
"4491","Women","400 m Freestyle B2-3","Bronze","USA",NA,NA,"Swimming",1992,NA
"4492","Women","50 m Backstroke S2","Gold","ESP",NA,NA,"Swimming",1992,NA
"4493","Women","50 m Backstroke S2","Silver","IRL",NA,NA,"Swimming",1992,NA
"4494","Women","50 m Backstroke S2","Bronze","FRA",NA,NA,"Swimming",1992,NA
"4495","Women","50 m Backstroke S3-4","Gold","ESP",NA,NA,"Swimming",1992,NA
"4496","Women","50 m Backstroke S3-4","Silver","ESP",NA,NA,"Swimming",1992,NA
"4497","Women","50 m Backstroke S3-4","Bronze","POR",NA,NA,"Swimming",1992,NA
"4498","Women","50 m Backstroke S5","Gold","NZL",NA,NA,"Swimming",1992,NA
"4499","Women","50 m Backstroke S5","Silver","FIN",NA,NA,"Swimming",1992,NA
"4500","Women","50 m Backstroke S5","Bronze","FRA",NA,NA,"Swimming",1992,NA
"4501","Women","100 m Backstroke S6","Gold","CHN",NA,NA,"Swimming",1992,NA
"4502","Women","100 m Backstroke S6","Silver","SWE",NA,NA,"Swimming",1992,NA
"4503","Women","100 m Backstroke S6","Bronze","FRA",NA,NA,"Swimming",1992,NA
"4504","Women","100 m Backstroke S7","Gold","GER",NA,NA,"Swimming",1992,NA
"4505","Women","100 m Backstroke S7","Silver","POL",NA,NA,"Swimming",1992,NA
"4506","Women","100 m Backstroke S7","Bronze","FRA",NA,NA,"Swimming",1992,NA
"4507","Women","100 m Backstroke S8","Gold","GER",NA,NA,"Swimming",1992,NA
"4508","Women","100 m Backstroke S8","Silver","AUS",NA,NA,"Swimming",1992,NA
"4509","Women","100 m Backstroke S8","Bronze","ISL",NA,NA,"Swimming",1992,NA
"4510","Women","100 m Backstroke S9","Gold","NED",NA,NA,"Swimming",1992,NA
"4511","Women","100 m Backstroke S9","Silver","GBR",NA,NA,"Swimming",1992,NA
"4512","Women","100 m Backstroke S9","Bronze","ISL",NA,NA,"Swimming",1992,NA
"4513","Women","100 m Backstroke S10","Gold","GBR",NA,NA,"Swimming",1992,NA
"4514","Women","100 m Backstroke S10","Silver","GER",NA,NA,"Swimming",1992,NA
"4515","Women","100 m Backstroke S10","Bronze","GBR",NA,NA,"Swimming",1992,NA
"4516","Women","100 m Backstroke B1","Gold","GBR",NA,NA,"Swimming",1992,NA
"4517","Women","100 m Backstroke B1","Silver","AUS",NA,NA,"Swimming",1992,NA
"4518","Women","100 m Backstroke B1","Bronze","FIN",NA,NA,"Swimming",1992,NA
"4519","Women","100 m Backstroke B2","Gold","USA",NA,NA,"Swimming",1992,NA
"4520","Women","100 m Backstroke B2","Silver","SWE",NA,NA,"Swimming",1992,NA
"4521","Women","100 m Backstroke B2","Bronze","AUS",NA,NA,"Swimming",1992,NA
"4522","Women","100 m Backstroke B3","Gold","USA",NA,NA,"Swimming",1992,NA
"4523","Women","100 m Backstroke B3","Silver","GER",NA,NA,"Swimming",1992,NA
"4524","Women","100 m Backstroke B3","Bronze","ISL",NA,NA,"Swimming",1992,NA
"4525","Women","200 m Backstroke B1-2","Gold","USA",NA,NA,"Swimming",1992,NA
"4526","Women","200 m Backstroke B1-2","Silver","SWE",NA,NA,"Swimming",1992,NA
"4527","Women","200 m Backstroke B1-2","Bronze","GBR",NA,NA,"Swimming",1992,NA
"4528","Women","50 m Breaststroke SB2","Gold","GBR",NA,NA,"Swimming",1992,NA
"4529","Women","50 m Breaststroke SB2","Silver","ESP",NA,NA,"Swimming",1992,NA
"4530","Women","50 m Breaststroke SB2","Bronze","NED",NA,NA,"Swimming",1992,NA
"4531","Women","100 m Breaststroke SB3","Gold","FRA",NA,NA,"Swimming",1992,NA
"4532","Women","100 m Breaststroke SB3","Silver","GBR",NA,NA,"Swimming",1992,NA
"4533","Women","100 m Breaststroke SB3","Bronze","JPN",NA,NA,"Swimming",1992,NA
"4534","Women","100 m Breaststroke SB4","Gold","SWE",NA,NA,"Swimming",1992,NA
"4535","Women","100 m Breaststroke SB4","Silver","NZL",NA,NA,"Swimming",1992,NA
"4536","Women","100 m Breaststroke SB4","Bronze","ESP",NA,NA,"Swimming",1992,NA
"4537","Women","100 m Breaststroke SB5","Gold","USA",NA,NA,"Swimming",1992,NA
"4538","Women","100 m Breaststroke SB5","Silver","NED",NA,NA,"Swimming",1992,NA
"4539","Women","100 m Breaststroke SB5","Bronze","USA",NA,NA,"Swimming",1992,NA
"4540","Women","100 m Breaststroke SB6-7","Gold","GER",NA,NA,"Swimming",1992,NA
"4541","Women","100 m Breaststroke SB6-7","Silver","GER",NA,NA,"Swimming",1992,NA
"4542","Women","100 m Breaststroke SB6-7","Bronze","GER",NA,NA,"Swimming",1992,NA
"4543","Women","100 m Breaststroke SB8","Gold","CAN",NA,NA,"Swimming",1992,NA
"4544","Women","100 m Breaststroke SB8","Silver","HUN",NA,NA,"Swimming",1992,NA
"4545","Women","100 m Breaststroke SB8","Bronze","CHN",NA,NA,"Swimming",1992,NA
"4546","Women","100 m Breaststroke SB9","Gold","ESP",NA,NA,"Swimming",1992,NA
"4547","Women","100 m Breaststroke SB9","Silver","SWE",NA,NA,"Swimming",1992,NA
"4548","Women","100 m Breaststroke SB9","Bronze","GER",NA,NA,"Swimming",1992,NA
"4549","Women","100 m Breaststroke B1-2","Gold","USA",NA,NA,"Swimming",1992,NA
"4550","Women","100 m Breaststroke B1-2","Silver","SWE",NA,NA,"Swimming",1992,NA
"4551","Women","100 m Breaststroke B1-2","Bronze","BEL",NA,NA,"Swimming",1992,NA
"4552","Women","100 m Breaststroke B3","Gold","AUS",NA,NA,"Swimming",1992,NA
"4553","Women","100 m Breaststroke B3","Silver","CAN",NA,NA,"Swimming",1992,NA
"4554","Women","100 m Breaststroke B3","Bronze","EUN",NA,NA,"Swimming",1992,NA
"4555","Women","200 m Breaststroke B1-3","Gold","USA",NA,NA,"Swimming",1992,NA
"4556","Women","200 m Breaststroke B1-3","Silver","EUN",NA,NA,"Swimming",1992,NA
"4557","Women","200 m Breaststroke B1-3","Bronze","AUS",NA,NA,"Swimming",1992,NA
"4558","Women","50 m Butterfly S3-4","Gold","AUS",NA,NA,"Swimming",1992,NA
"4559","Women","50 m Butterfly S3-4","Silver","ESP",NA,NA,"Swimming",1992,NA
"4560","Women","50 m Butterfly S3-4","Bronze","NED",NA,NA,"Swimming",1992,NA
"4561","Women","50 m Butterfly S5","Gold","FIN",NA,NA,"Swimming",1992,NA
"4562","Women","50 m Butterfly S5","Silver","FRA",NA,NA,"Swimming",1992,NA
"4563","Women","50 m Butterfly S5","Bronze","DEN",NA,NA,"Swimming",1992,NA
"4564","Women","50 m Butterfly S6","Gold","GER",NA,NA,"Swimming",1992,NA
"4565","Women","50 m Butterfly S6","Silver","HUN",NA,NA,"Swimming",1992,NA
"4566","Women","50 m Butterfly S6","Bronze","HUN",NA,NA,"Swimming",1992,NA
"4567","Women","50 m Butterfly S7","Gold","NOR",NA,NA,"Swimming",1992,NA
"4568","Women","50 m Butterfly S7","Silver","NED",NA,NA,"Swimming",1992,NA
"4569","Women","50 m Butterfly S7","Bronze","CAN",NA,NA,"Swimming",1992,NA
"4570","Women","100 m Butterfly S8","Gold","ESP",NA,NA,"Swimming",1992,NA
"4571","Women","100 m Butterfly S8","Silver","ESP",NA,NA,"Swimming",1992,NA
"4572","Women","100 m Butterfly S8","Bronze","SWE",NA,NA,"Swimming",1992,NA
"4573","Women","100 m Butterfly S9","Gold","CAN",NA,NA,"Swimming",1992,NA
"4574","Women","100 m Butterfly S9","Silver","AUS",NA,NA,"Swimming",1992,NA
"4575","Women","100 m Butterfly S9","Bronze","ISL",NA,NA,"Swimming",1992,NA
"4576","Women","100 m Butterfly S10","Gold","GER",NA,NA,"Swimming",1992,NA
"4577","Women","100 m Butterfly S10","Silver","ESP",NA,NA,"Swimming",1992,NA
"4578","Women","100 m Butterfly S10","Bronze","AUS",NA,NA,"Swimming",1992,NA
"4579","Women","100 m Butterfly B1","Gold","FIN",NA,NA,"Swimming",1992,NA
"4580","Women","100 m Butterfly B1","Silver","GBR",NA,NA,"Swimming",1992,NA
"4581","Women","100 m Butterfly B1","Bronze","CHN",NA,NA,"Swimming",1992,NA
"4582","Women","100 m Butterfly B2-3","Gold","USA",NA,NA,"Swimming",1992,NA
"4583","Women","100 m Butterfly B2-3","Silver","USA",NA,NA,"Swimming",1992,NA
"4584","Women","100 m Butterfly B2-3","Bronze","GER",NA,NA,"Swimming",1992,NA
"4585","Women","200 m Medley SM5","Gold","NZL",NA,NA,"Swimming",1992,NA
"4586","Women","200 m Medley SM5","Silver","SWE",NA,NA,"Swimming",1992,NA
"4587","Women","200 m Medley SM5","Bronze","DEN",NA,NA,"Swimming",1992,NA
"4588","Women","200 m Medley SM6-7","Gold","AUS",NA,NA,"Swimming",1992,NA
"4589","Women","200 m Medley SM6-7","Silver","FRA",NA,NA,"Swimming",1992,NA
"4590","Women","200 m Medley SM6-7","Bronze","SWE",NA,NA,"Swimming",1992,NA
"4591","Women","200 m Medley SM8","Gold","GER",NA,NA,"Swimming",1992,NA
"4592","Women","200 m Medley SM8","Silver","ISL",NA,NA,"Swimming",1992,NA
"4593","Women","200 m Medley SM8","Bronze","GER",NA,NA,"Swimming",1992,NA
"4594","Women","200 m Medley SM9","Gold","CAN",NA,NA,"Swimming",1992,NA
"4595","Women","200 m Medley SM9","Silver","AUS",NA,NA,"Swimming",1992,NA
"4596","Women","200 m Medley SM9","Bronze","GER",NA,NA,"Swimming",1992,NA
"4597","Women","200 m Medley SM10","Gold","GBR",NA,NA,"Swimming",1992,NA
"4598","Women","200 m Medley SM10","Silver","GER",NA,NA,"Swimming",1992,NA
"4599","Women","200 m Medley SM10","Bronze","AUS",NA,NA,"Swimming",1992,NA
"4600","Women","200 m Medley B1","Gold","GBR",NA,NA,"Swimming",1992,NA
"4601","Women","200 m Medley B1","Silver","AUS",NA,NA,"Swimming",1992,NA
"4602","Women","200 m Medley B1","Bronze","GBR",NA,NA,"Swimming",1992,NA
"4603","Women","200 m Medley B2","Gold","USA",NA,NA,"Swimming",1992,NA
"4604","Women","200 m Medley B2","Silver","SWE",NA,NA,"Swimming",1992,NA
"4605","Women","200 m Medley B2","Bronze","EUN",NA,NA,"Swimming",1992,NA
"4606","Women","200 m Medley B3","Gold","GER",NA,NA,"Swimming",1992,NA
"4607","Women","200 m Medley B3","Silver","USA",NA,NA,"Swimming",1992,NA
"4608","Women","200 m Medley B3","Bronze","ISL",NA,NA,"Swimming",1992,NA
"4609","Women","400 m Medley B1-3","Gold","USA",NA,NA,"Swimming",1992,NA
"4610","Women","400 m Medley B1-3","Silver","USA",NA,NA,"Swimming",1992,NA
"4611","Women","400 m Medley B1-3","Bronze","GBR",NA,NA,"Swimming",1992,NA
"4612","Women","4x50 m Freestyle S1-6","Gold","AUS","Australia",2,"Swimming",1992,NA
"4613","Women","4x50 m Freestyle S1-6","Gold","AUS","Australia",3,"Swimming",1992,NA
"4614","Women","4x50 m Freestyle S1-6","Gold","AUS","Australia",4,"Swimming",1992,NA
"4615","Women","4x50 m Freestyle S1-6","Silver","SWE","Sweden",2,"Swimming",1992,NA
"4616","Women","4x50 m Freestyle S1-6","Silver","SWE","Sweden",3,"Swimming",1992,NA
"4617","Women","4x50 m Freestyle S1-6","Silver","SWE","Sweden",4,"Swimming",1992,NA
"4618","Women","4x50 m Freestyle S1-6","Bronze","FRA","France",2,"Swimming",1992,NA
"4619","Women","4x50 m Freestyle S1-6","Bronze","FRA","France",3,"Swimming",1992,NA
"4620","Women","4x50 m Freestyle S1-6","Bronze","FRA","France",4,"Swimming",1992,NA
"4621","Women","4x100 m Freestyle S7-10","Gold","USA","United States of America",5,"Swimming",1992,NA
"4622","Women","4x100 m Freestyle S7-10","Gold","USA","United States of America",6,"Swimming",1992,NA
"4623","Women","4x100 m Freestyle S7-10","Gold","USA","United States of America",7,"Swimming",1992,NA
"4624","Women","4x100 m Freestyle S7-10","Gold","USA","United States of America",8,"Swimming",1992,NA
"4625","Women","4x100 m Freestyle S7-10","Silver","GBR","Great Britain",2,"Swimming",1992,NA
"4626","Women","4x100 m Freestyle S7-10","Silver","GBR","Great Britain",3,"Swimming",1992,NA
"4627","Women","4x100 m Freestyle S7-10","Silver","GBR","Great Britain",4,"Swimming",1992,NA
"4628","Women","4x100 m Freestyle S7-10","Bronze","GER","Germany",2,"Swimming",1992,NA
"4629","Women","4x100 m Freestyle S7-10","Bronze","GER","Germany",3,"Swimming",1992,NA
"4630","Women","4x100 m Freestyle S7-10","Bronze","GER","Germany",4,"Swimming",1992,NA
"4631","Women","4x100 m Freestyle B1-3","Gold","USA","United States of America",2,"Swimming",1992,NA
"4632","Women","4x100 m Freestyle B1-3","Gold","USA","United States of America",3,"Swimming",1992,NA
"4633","Women","4x100 m Freestyle B1-3","Gold","USA","United States of America",4,"Swimming",1992,NA
"4634","Women","4x100 m Freestyle B1-3","Silver","GBR","Great Britain",2,"Swimming",1992,NA
"4635","Women","4x100 m Freestyle B1-3","Silver","GBR","Great Britain",3,"Swimming",1992,NA
"4636","Women","4x100 m Freestyle B1-3","Silver","GBR","Great Britain",4,"Swimming",1992,NA
"4637","Women","4x100 m Freestyle B1-3","Bronze","CAN","Canada",2,"Swimming",1992,NA
"4638","Women","4x100 m Freestyle B1-3","Bronze","CAN","Canada",3,"Swimming",1992,NA
"4639","Women","4x100 m Freestyle B1-3","Bronze","CAN","Canada",4,"Swimming",1992,NA
"4640","Women","4x50 m Medley S1-6","Gold","SWE","Sweden",2,"Swimming",1992,NA
"4641","Women","4x50 m Medley S1-6","Gold","SWE","Sweden",3,"Swimming",1992,NA
"4642","Women","4x50 m Medley S1-6","Gold","SWE","Sweden",4,"Swimming",1992,NA
"4643","Women","4x50 m Medley S1-6","Silver","FRA","France",2,"Swimming",1992,NA
"4644","Women","4x50 m Medley S1-6","Silver","FRA","France",3,"Swimming",1992,NA
"4645","Women","4x50 m Medley S1-6","Silver","FRA","France",4,"Swimming",1992,NA
"4646","Women","4x50 m Medley S1-6","Bronze","GBR","Great Britain",2,"Swimming",1992,NA
"4647","Women","4x50 m Medley S1-6","Bronze","GBR","Great Britain",3,"Swimming",1992,NA
"4648","Women","4x50 m Medley S1-6","Bronze","GBR","Great Britain",4,"Swimming",1992,NA
"4649","Women","4x100 m Medley S7-10","Gold","GER","Germany",5,"Swimming",1992,NA
"4650","Women","4x100 m Medley S7-10","Gold","GER","Germany",6,"Swimming",1992,NA
"4651","Women","4x100 m Medley S7-10","Gold","GER","Germany",7,"Swimming",1992,NA
"4652","Women","4x100 m Medley S7-10","Gold","GER","Germany",8,"Swimming",1992,NA
"4653","Women","4x100 m Medley S7-10","Silver","GBR","Great Britain",2,"Swimming",1992,NA
"4654","Women","4x100 m Medley S7-10","Silver","GBR","Great Britain",3,"Swimming",1992,NA
"4655","Women","4x100 m Medley S7-10","Silver","GBR","Great Britain",4,"Swimming",1992,NA
"4656","Women","4x100 m Medley S7-10","Bronze","ESP","Spain",2,"Swimming",1992,NA
"4657","Women","4x100 m Medley S7-10","Bronze","ESP","Spain",3,"Swimming",1992,NA
"4658","Women","4x100 m Medley S7-10","Bronze","ESP","Spain",4,"Swimming",1992,NA
"4659","Women","4x100 m Medley B1-3","Gold","USA","United States of America",2,"Swimming",1992,NA
"4660","Women","4x100 m Medley B1-3","Gold","USA","United States of America",3,"Swimming",1992,NA
"4661","Women","4x100 m Medley B1-3","Gold","USA","United States of America",4,"Swimming",1992,NA
"4662","Women","4x100 m Medley B1-3","Silver","GBR","Great Britain",2,"Swimming",1992,NA
"4663","Women","4x100 m Medley B1-3","Silver","GBR","Great Britain",3,"Swimming",1992,NA
"4664","Women","4x100 m Medley B1-3","Silver","GBR","Great Britain",4,"Swimming",1992,NA
"4665","Women","4x100 m Medley B1-3","Bronze","CAN","Canada",2,"Swimming",1992,NA
"4666","Women","4x100 m Medley B1-3","Bronze","CAN","Canada",3,"Swimming",1992,NA
"4667","Women","4x100 m Medley B1-3","Bronze","CAN","Canada",4,"Swimming",1992,NA
"4668","Women","50 m Freestyle S2","Gold","ESP",NA,NA,"Swimming",1996,NA
"4669","Women","50 m Freestyle S2","Silver","ARG",NA,NA,"Swimming",1996,NA
"4670","Women","50 m Freestyle S2","Bronze","GBR",NA,NA,"Swimming",1996,NA
"4671","Women","50 m Freestyle S3","Gold","ESP",NA,NA,"Swimming",1996,NA
"4672","Women","50 m Freestyle S3","Silver","POR",NA,NA,"Swimming",1996,NA
"4673","Women","50 m Freestyle S3","Bronze","GER",NA,NA,"Swimming",1996,NA
"4674","Women","50 m Freestyle S4","Gold","JPN",NA,NA,"Swimming",1996,NA
"4675","Women","50 m Freestyle S4","Silver","GER",NA,NA,"Swimming",1996,NA
"4676","Women","50 m Freestyle S4","Bronze","DEN",NA,NA,"Swimming",1996,NA
"4677","Women","50 m Freestyle S5","Gold","FRA",NA,NA,"Swimming",1996,NA
"4678","Women","50 m Freestyle S5","Silver","UKR",NA,NA,"Swimming",1996,NA
"4679","Women","50 m Freestyle S5","Bronze","GBR",NA,NA,"Swimming",1996,NA
"4680","Women","50 m Freestyle S6","Gold","FRA",NA,NA,"Swimming",1996,NA
"4681","Women","50 m Freestyle S6","Silver","GBR",NA,NA,"Swimming",1996,NA
"4682","Women","50 m Freestyle S6","Bronze","AUS",NA,NA,"Swimming",1996,NA
"4683","Women","50 m Freestyle S7","Gold","GER",NA,NA,"Swimming",1996,NA
"4684","Women","50 m Freestyle S7","Silver","AUS",NA,NA,"Swimming",1996,NA
"4685","Women","50 m Freestyle S7","Bronze","SVK",NA,NA,"Swimming",1996,NA
"4686","Women","50 m Freestyle S8","Gold","DEN",NA,NA,"Swimming",1996,NA
"4687","Women","50 m Freestyle S8","Silver","AUS",NA,NA,"Swimming",1996,NA
"4688","Women","50 m Freestyle S8","Bronze","USA",NA,NA,"Swimming",1996,NA
"4689","Women","50 m Freestyle S9","Gold","USA",NA,NA,"Swimming",1996,NA
"4690","Women","50 m Freestyle S9","Silver","BEL",NA,NA,"Swimming",1996,NA
"4691","Women","50 m Freestyle S9","Bronze","DEN",NA,NA,"Swimming",1996,NA
"4692","Women","50 m Freestyle S10","Gold","GER",NA,NA,"Swimming",1996,NA
"4693","Women","50 m Freestyle S10","Silver","AUS",NA,NA,"Swimming",1996,NA
"4694","Women","50 m Freestyle S10","Bronze","RSA",NA,NA,"Swimming",1996,NA
"4695","Women","50 m Freestyle B1","Gold","SWE",NA,NA,"Swimming",1996,NA
"4696","Women","50 m Freestyle B1","Silver","AUS",NA,NA,"Swimming",1996,NA
"4697","Women","50 m Freestyle B1","Bronze","GBR",NA,NA,"Swimming",1996,NA
"4698","Women","50 m Freestyle B2","Gold","EST",NA,NA,"Swimming",1996,NA
"4699","Women","50 m Freestyle B2","Silver","USA",NA,NA,"Swimming",1996,NA
"4700","Women","50 m Freestyle B2","Bronze","ESP",NA,NA,"Swimming",1996,NA
"4701","Women","50 m Freestyle B3","Gold","GER",NA,NA,"Swimming",1996,NA
"4702","Women","50 m Freestyle B3","Silver","GER",NA,NA,"Swimming",1996,NA
"4703","Women","50 m Freestyle B3","Bronze","CAN",NA,NA,"Swimming",1996,NA
"4704","Women","50 m Freestyle MH","Gold","GBR",NA,NA,"Swimming",1996,NA
"4705","Women","50 m Freestyle MH","Silver","EST",NA,NA,"Swimming",1996,NA
"4706","Women","50 m Freestyle MH","Bronze","ISL",NA,NA,"Swimming",1996,NA
"4707","Women","100 m Freestyle S2","Gold","ARG",NA,NA,"Swimming",1996,NA
"4708","Women","100 m Freestyle S2","Silver","ARG",NA,NA,"Swimming",1996,NA
"4709","Women","100 m Freestyle S2","Bronze","ESP",NA,NA,"Swimming",1996,NA
"4710","Women","100 m Freestyle S3","Gold","ESP",NA,NA,"Swimming",1996,NA
"4711","Women","100 m Freestyle S3","Silver","GER",NA,NA,"Swimming",1996,NA
"4712","Women","100 m Freestyle S3","Bronze","POR",NA,NA,"Swimming",1996,NA
"4713","Women","100 m Freestyle S4","Gold","JPN",NA,NA,"Swimming",1996,NA
"4714","Women","100 m Freestyle S4","Silver","GER",NA,NA,"Swimming",1996,NA
"4715","Women","100 m Freestyle S4","Bronze","USA",NA,NA,"Swimming",1996,NA
"4716","Women","100 m Freestyle S5","Gold","FRA",NA,NA,"Swimming",1996,NA
"4717","Women","100 m Freestyle S5","Silver","UKR",NA,NA,"Swimming",1996,NA
"4718","Women","100 m Freestyle S5","Bronze","GBR",NA,NA,"Swimming",1996,NA
"4719","Women","100 m Freestyle S6","Gold","GBR",NA,NA,"Swimming",1996,NA
"4720","Women","100 m Freestyle S6","Silver","FRA",NA,NA,"Swimming",1996,NA
"4721","Women","100 m Freestyle S6","Bronze","NZL",NA,NA,"Swimming",1996,NA
"4722","Women","100 m Freestyle S7","Gold","GER",NA,NA,"Swimming",1996,NA
"4723","Women","100 m Freestyle S7","Silver","ESP",NA,NA,"Swimming",1996,NA
"4724","Women","100 m Freestyle S7","Bronze","ISL",NA,NA,"Swimming",1996,NA
"4725","Women","100 m Freestyle S8","Gold","AUS",NA,NA,"Swimming",1996,NA
"4726","Women","100 m Freestyle S8","Silver","DEN",NA,NA,"Swimming",1996,NA
"4727","Women","100 m Freestyle S8","Bronze","NED",NA,NA,"Swimming",1996,NA
"4728","Women","100 m Freestyle S9","Gold","USA",NA,NA,"Swimming",1996,NA
"4729","Women","100 m Freestyle S9","Silver","AUS",NA,NA,"Swimming",1996,NA
"4730","Women","100 m Freestyle S9","Bronze","BEL",NA,NA,"Swimming",1996,NA
"4731","Women","100 m Freestyle S10","Gold","GER",NA,NA,"Swimming",1996,NA
"4732","Women","100 m Freestyle S10","Silver","AUS",NA,NA,"Swimming",1996,NA
"4733","Women","100 m Freestyle S10","Bronze","GBR",NA,NA,"Swimming",1996,NA
"4734","Women","100 m Freestyle B1","Gold","SWE",NA,NA,"Swimming",1996,NA
"4735","Women","100 m Freestyle B1","Silver","GER",NA,NA,"Swimming",1996,NA
"4736","Women","100 m Freestyle B1","Bronze","FIN",NA,NA,"Swimming",1996,NA
"4737","Women","100 m Freestyle B2","Gold","EST",NA,NA,"Swimming",1996,NA
"4738","Women","100 m Freestyle B2","Silver","ESP",NA,NA,"Swimming",1996,NA
"4739","Women","100 m Freestyle B2","Bronze","USA",NA,NA,"Swimming",1996,NA
"4740","Women","100 m Freestyle B3","Gold","GER",NA,NA,"Swimming",1996,NA
"4741","Women","100 m Freestyle B3","Silver","GER",NA,NA,"Swimming",1996,NA
"4742","Women","100 m Freestyle B3","Bronze","CAN",NA,NA,"Swimming",1996,NA
"4743","Women","100 m Freestyle MH","Gold","GBR",NA,NA,"Swimming",1996,NA
"4744","Women","100 m Freestyle MH","Silver","AUS",NA,NA,"Swimming",1996,NA
"4745","Women","100 m Freestyle MH","Bronze","AUS",NA,NA,"Swimming",1996,NA
"4746","Women","200 m Freestyle S4","Gold","GER",NA,NA,"Swimming",1996,NA
"4747","Women","200 m Freestyle S4","Silver","JPN",NA,NA,"Swimming",1996,NA
"4748","Women","200 m Freestyle S4","Bronze","USA",NA,NA,"Swimming",1996,NA
"4749","Women","200 m Freestyle S5","Gold","FRA",NA,NA,"Swimming",1996,NA
"4750","Women","200 m Freestyle S5","Silver","UKR",NA,NA,"Swimming",1996,NA
"4751","Women","200 m Freestyle S5","Bronze","GBR",NA,NA,"Swimming",1996,NA
"4752","Women","200 m Freestyle S6","Gold","NZL",NA,NA,"Swimming",1996,NA
"4753","Women","200 m Freestyle S6","Silver","FRA",NA,NA,"Swimming",1996,NA
"4754","Women","200 m Freestyle S6","Bronze","GBR",NA,NA,"Swimming",1996,NA
"4755","Women","400 m Freestyle S7","Gold","CAN",NA,NA,"Swimming",1996,NA
"4756","Women","400 m Freestyle S7","Silver","USA",NA,NA,"Swimming",1996,NA
"4757","Women","400 m Freestyle S7","Bronze","ESP",NA,NA,"Swimming",1996,NA
"4758","Women","400 m Freestyle S8","Gold","AUS",NA,NA,"Swimming",1996,NA
"4759","Women","400 m Freestyle S8","Silver","NED",NA,NA,"Swimming",1996,NA
"4760","Women","400 m Freestyle S8","Bronze","AUS",NA,NA,"Swimming",1996,NA
"4761","Women","400 m Freestyle S9","Gold","AUS",NA,NA,"Swimming",1996,NA
"4762","Women","400 m Freestyle S9","Silver","ITA",NA,NA,"Swimming",1996,NA
"4763","Women","400 m Freestyle S9","Bronze","BEL",NA,NA,"Swimming",1996,NA
"4764","Women","400 m Freestyle S10","Gold","AUS",NA,NA,"Swimming",1996,NA
"4765","Women","400 m Freestyle S10","Silver","GBR",NA,NA,"Swimming",1996,NA
"4766","Women","400 m Freestyle S10","Bronze","GER",NA,NA,"Swimming",1996,NA
"4767","Women","400 m Freestyle B2","Gold","GBR",NA,NA,"Swimming",1996,NA
"4768","Women","400 m Freestyle B2","Silver","USA",NA,NA,"Swimming",1996,NA
"4769","Women","400 m Freestyle B2","Bronze","ESP",NA,NA,"Swimming",1996,NA
"4770","Women","50 m Backstroke S2","Gold","ESP",NA,NA,"Swimming",1996,NA
"4771","Women","50 m Backstroke S2","Silver","IRL",NA,NA,"Swimming",1996,NA
"4772","Women","50 m Backstroke S2","Bronze","ARG",NA,NA,"Swimming",1996,NA
"4773","Women","50 m Backstroke S3","Gold","ESP",NA,NA,"Swimming",1996,NA
"4774","Women","50 m Backstroke S3","Silver","POR",NA,NA,"Swimming",1996,NA
"4775","Women","50 m Backstroke S3","Bronze","GER",NA,NA,"Swimming",1996,NA
"4776","Women","50 m Backstroke S4","Gold","GER",NA,NA,"Swimming",1996,NA
"4777","Women","50 m Backstroke S4","Silver","JPN",NA,NA,"Swimming",1996,NA
"4778","Women","50 m Backstroke S4","Bronze","DEN",NA,NA,"Swimming",1996,NA
"4779","Women","50 m Backstroke S5","Gold","FRA",NA,NA,"Swimming",1996,NA
"4780","Women","50 m Backstroke S5","Silver","FRA",NA,NA,"Swimming",1996,NA
"4781","Women","50 m Backstroke S5","Bronze","GBR",NA,NA,"Swimming",1996,NA
"4782","Women","100 m Backstroke S6","Gold","NZL",NA,NA,"Swimming",1996,NA
"4783","Women","100 m Backstroke S6","Silver","BUL",NA,NA,"Swimming",1996,NA
"4784","Women","100 m Backstroke S6","Bronze","CHN",NA,NA,"Swimming",1996,NA
"4785","Women","100 m Backstroke S7","Gold","ISL",NA,NA,"Swimming",1996,NA
"4786","Women","100 m Backstroke S7","Silver","NOR",NA,NA,"Swimming",1996,NA
"4787","Women","100 m Backstroke S7","Bronze","CAN",NA,NA,"Swimming",1996,NA
"4788","Women","100 m Backstroke S8","Gold","AUS",NA,NA,"Swimming",1996,NA
"4789","Women","100 m Backstroke S8","Silver","ESP",NA,NA,"Swimming",1996,NA
"4790","Women","100 m Backstroke S8","Bronze","AUS",NA,NA,"Swimming",1996,NA
"4791","Women","100 m Backstroke S9","Gold","NED",NA,NA,"Swimming",1996,NA
"4792","Women","100 m Backstroke S9","Silver","POL",NA,NA,"Swimming",1996,NA
"4793","Women","100 m Backstroke S9","Bronze","AUS",NA,NA,"Swimming",1996,NA
"4794","Women","100 m Backstroke S10","Gold","GBR",NA,NA,"Swimming",1996,NA
"4795","Women","100 m Backstroke S10","Silver","USA",NA,NA,"Swimming",1996,NA
"4796","Women","100 m Backstroke S10","Bronze","AUS",NA,NA,"Swimming",1996,NA
"4797","Women","100 m Backstroke B1","Gold","ESP",NA,NA,"Swimming",1996,NA
"4798","Women","100 m Backstroke B1","Silver","FIN",NA,NA,"Swimming",1996,NA
"4799","Women","100 m Backstroke B1","Bronze","CHN",NA,NA,"Swimming",1996,NA
"4800","Women","100 m Backstroke B2","Gold","USA",NA,NA,"Swimming",1996,NA
"4801","Women","100 m Backstroke B2","Silver","EST",NA,NA,"Swimming",1996,NA
"4802","Women","100 m Backstroke B2","Bronze","ESP",NA,NA,"Swimming",1996,NA
"4803","Women","100 m Backstroke B3","Gold","GER",NA,NA,"Swimming",1996,NA
"4804","Women","100 m Backstroke B3","Silver","CAN",NA,NA,"Swimming",1996,NA
"4805","Women","100 m Backstroke B3","Bronze","USA",NA,NA,"Swimming",1996,NA
"4806","Women","50 m Breaststroke SB3","Gold","JPN",NA,NA,"Swimming",1996,NA
"4807","Women","50 m Breaststroke SB3","Silver","GBR",NA,NA,"Swimming",1996,NA
"4808","Women","50 m Breaststroke SB3","Bronze","GER",NA,NA,"Swimming",1996,NA
"4809","Women","100 m Breaststroke SB4","Gold","NZL",NA,NA,"Swimming",1996,NA
"4810","Women","100 m Breaststroke SB4","Silver","SWE",NA,NA,"Swimming",1996,NA
"4811","Women","100 m Breaststroke SB4","Bronze","SWE",NA,NA,"Swimming",1996,NA
"4812","Women","100 m Breaststroke SB5","Gold","USA",NA,NA,"Swimming",1996,NA
"4813","Women","100 m Breaststroke SB5","Silver","NOR",NA,NA,"Swimming",1996,NA
"4814","Women","100 m Breaststroke SB5","Bronze","HUN",NA,NA,"Swimming",1996,NA
"4815","Women","100 m Breaststroke SB6","Gold","POL",NA,NA,"Swimming",1996,NA
"4816","Women","100 m Breaststroke SB6","Silver","POL",NA,NA,"Swimming",1996,NA
"4817","Women","100 m Breaststroke SB6","Bronze","NED",NA,NA,"Swimming",1996,NA
"4818","Women","100 m Breaststroke SB7","Gold","ISL",NA,NA,"Swimming",1996,NA
"4819","Women","100 m Breaststroke SB7","Silver","GER",NA,NA,"Swimming",1996,NA
"4820","Women","100 m Breaststroke SB7","Bronze","NED",NA,NA,"Swimming",1996,NA
"4821","Women","100 m Breaststroke SB8","Gold","CHN",NA,NA,"Swimming",1996,NA
"4822","Women","100 m Breaststroke SB8","Silver","ESP",NA,NA,"Swimming",1996,NA
"4823","Women","100 m Breaststroke SB8","Bronze","NED",NA,NA,"Swimming",1996,NA
"4824","Women","100 m Breaststroke SB9","Gold","CZE",NA,NA,"Swimming",1996,NA
"4825","Women","100 m Breaststroke SB9","Silver","USA",NA,NA,"Swimming",1996,NA
"4826","Women","100 m Breaststroke SB9","Bronze","ESP",NA,NA,"Swimming",1996,NA
"4827","Women","100 m Breaststroke SB10","Gold","GBR",NA,NA,"Swimming",1996,NA
"4828","Women","100 m Breaststroke SB10","Silver","AUS",NA,NA,"Swimming",1996,NA
"4829","Women","100 m Breaststroke SB10","Bronze","DEN",NA,NA,"Swimming",1996,NA
"4830","Women","100 m Breaststroke B2","Gold","BEL",NA,NA,"Swimming",1996,NA
"4831","Women","100 m Breaststroke B2","Silver","GBR",NA,NA,"Swimming",1996,NA
"4832","Women","100 m Breaststroke B2","Bronze","USA",NA,NA,"Swimming",1996,NA
"4833","Women","100 m Breaststroke B3","Gold","CAN",NA,NA,"Swimming",1996,NA
"4834","Women","100 m Breaststroke B3","Silver","GER",NA,NA,"Swimming",1996,NA
"4835","Women","100 m Breaststroke B3","Bronze","USA",NA,NA,"Swimming",1996,NA
"4836","Women","200 m Breaststroke B2","Gold","BEL",NA,NA,"Swimming",1996,NA
"4837","Women","200 m Breaststroke B2","Silver","GBR",NA,NA,"Swimming",1996,NA
"4838","Women","200 m Breaststroke B2","Bronze","ESP",NA,NA,"Swimming",1996,NA
"4839","Women","50 m Butterfly S5","Gold","FRA",NA,NA,"Swimming",1996,NA
"4840","Women","50 m Butterfly S5","Silver","HUN",NA,NA,"Swimming",1996,NA
"4841","Women","50 m Butterfly S5","Bronze","HUN",NA,NA,"Swimming",1996,NA
"4842","Women","50 m Butterfly S6","Gold","GER",NA,NA,"Swimming",1996,NA
"4843","Women","50 m Butterfly S6","Silver","GER",NA,NA,"Swimming",1996,NA
"4844","Women","50 m Butterfly S6","Bronze","AUS",NA,NA,"Swimming",1996,NA
"4845","Women","50 m Butterfly S7","Gold","NOR",NA,NA,"Swimming",1996,NA
"4846","Women","50 m Butterfly S7","Silver","SVK",NA,NA,"Swimming",1996,NA
"4847","Women","50 m Butterfly S7","Bronze","POL",NA,NA,"Swimming",1996,NA
"4848","Women","100 m Butterfly S8","Gold","NED",NA,NA,"Swimming",1996,NA
"4849","Women","100 m Butterfly S8","Silver","ESP",NA,NA,"Swimming",1996,NA
"4850","Women","100 m Butterfly S8","Bronze","AUS",NA,NA,"Swimming",1996,NA
"4851","Women","100 m Butterfly S9","Gold","USA",NA,NA,"Swimming",1996,NA
"4852","Women","100 m Butterfly S9","Silver","AUS",NA,NA,"Swimming",1996,NA
"4853","Women","100 m Butterfly S9","Bronze","ITA",NA,NA,"Swimming",1996,NA
"4854","Women","100 m Butterfly S10","Gold","AUS",NA,NA,"Swimming",1996,NA
"4855","Women","100 m Butterfly S10","Silver","AUS",NA,NA,"Swimming",1996,NA
"4856","Women","100 m Butterfly S10","Bronze","ESP",NA,NA,"Swimming",1996,NA
"4857","Women","100 m Butterfly B1","Gold","AUS",NA,NA,"Swimming",1996,NA
"4858","Women","100 m Butterfly B1","Silver","FIN",NA,NA,"Swimming",1996,NA
"4859","Women","100 m Butterfly B1","Bronze","GBR",NA,NA,"Swimming",1996,NA
"4860","Women","100 m Butterfly B3","Gold","USA",NA,NA,"Swimming",1996,NA
"4861","Women","100 m Butterfly B3","Silver","GER",NA,NA,"Swimming",1996,NA
"4862","Women","100 m Butterfly B3","Bronze","CAN",NA,NA,"Swimming",1996,NA
"4863","Women","150 m Medley SM4","Gold","GER",NA,NA,"Swimming",1996,NA
"4864","Women","150 m Medley SM4","Silver","GBR",NA,NA,"Swimming",1996,NA
"4865","Women","150 m Medley SM4","Bronze","JPN",NA,NA,"Swimming",1996,NA
"4866","Women","200 m Medley SM5","Gold","FRA",NA,NA,"Swimming",1996,NA
"4867","Women","200 m Medley SM5","Silver","NZL",NA,NA,"Swimming",1996,NA
"4868","Women","200 m Medley SM5","Bronze","HUN",NA,NA,"Swimming",1996,NA
"4869","Women","200 m Medley SM6","Gold","NOR",NA,NA,"Swimming",1996,NA
"4870","Women","200 m Medley SM6","Silver","GER",NA,NA,"Swimming",1996,NA
"4871","Women","200 m Medley SM6","Bronze","FRA",NA,NA,"Swimming",1996,NA
"4872","Women","200 m Medley SM7","Gold","ISL",NA,NA,"Swimming",1996,NA
"4873","Women","200 m Medley SM7","Silver","POL",NA,NA,"Swimming",1996,NA
"4874","Women","200 m Medley SM7","Bronze","FRA",NA,NA,"Swimming",1996,NA
"4875","Women","200 m Medley SM8","Gold","AUS",NA,NA,"Swimming",1996,NA
"4876","Women","200 m Medley SM8","Silver","NED",NA,NA,"Swimming",1996,NA
"4877","Women","200 m Medley SM8","Bronze","ESP",NA,NA,"Swimming",1996,NA
"4878","Women","200 m Medley SM9","Gold","GBR",NA,NA,"Swimming",1996,NA
"4879","Women","200 m Medley SM9","Silver","USA",NA,NA,"Swimming",1996,NA
"4880","Women","200 m Medley SM9","Bronze","DEN",NA,NA,"Swimming",1996,NA
"4881","Women","200 m Medley SM10","Gold","GBR",NA,NA,"Swimming",1996,NA
"4882","Women","200 m Medley SM10","Silver","AUS",NA,NA,"Swimming",1996,NA
"4883","Women","200 m Medley SM10","Bronze","GER",NA,NA,"Swimming",1996,NA
"4884","Women","200 m Medley B1","Gold","AUS",NA,NA,"Swimming",1996,NA
"4885","Women","200 m Medley B1","Silver","GER",NA,NA,"Swimming",1996,NA
"4886","Women","200 m Medley B1","Bronze","FIN",NA,NA,"Swimming",1996,NA
"4887","Women","200 m Medley B2","Gold","USA",NA,NA,"Swimming",1996,NA
"4888","Women","200 m Medley B2","Silver","ESP",NA,NA,"Swimming",1996,NA
"4889","Women","200 m Medley B2","Bronze","GER",NA,NA,"Swimming",1996,NA
"4890","Women","200 m Medley B3","Gold","CAN",NA,NA,"Swimming",1996,NA
"4891","Women","200 m Medley B3","Silver","GER",NA,NA,"Swimming",1996,NA
"4892","Women","200 m Medley B3","Bronze","USA",NA,NA,"Swimming",1996,NA
"4893","Women","4x50 m Freestyle S1-6","Gold","GBR","Great Britain",2,"Swimming",1996,NA
"4894","Women","4x50 m Freestyle S1-6","Gold","GBR","Great Britain",3,"Swimming",1996,NA
"4895","Women","4x50 m Freestyle S1-6","Gold","GBR","Great Britain",4,"Swimming",1996,NA
"4896","Women","4x50 m Freestyle S1-6","Silver","FRA","France",2,"Swimming",1996,NA
"4897","Women","4x50 m Freestyle S1-6","Silver","FRA","France",3,"Swimming",1996,NA
"4898","Women","4x50 m Freestyle S1-6","Silver","FRA","France",4,"Swimming",1996,NA
"4899","Women","4x50 m Freestyle S1-6","Bronze","USA","United States of America",2,"Swimming",1996,NA
"4900","Women","4x50 m Freestyle S1-6","Bronze","USA","United States of America",3,"Swimming",1996,NA
"4901","Women","4x50 m Freestyle S1-6","Bronze","USA","United States of America",4,"Swimming",1996,NA
"4902","Women","4x100 m Freestyle S7-10","Gold","AUS","Australia",2,"Swimming",1996,NA
"4903","Women","4x100 m Freestyle S7-10","Gold","AUS","Australia",3,"Swimming",1996,NA
"4904","Women","4x100 m Freestyle S7-10","Gold","AUS","Australia",4,"Swimming",1996,NA
"4905","Women","4x100 m Freestyle S7-10","Silver","USA","United States of America",2,"Swimming",1996,NA
"4906","Women","4x100 m Freestyle S7-10","Silver","USA","United States of America",3,"Swimming",1996,NA
"4907","Women","4x100 m Freestyle S7-10","Silver","USA","United States of America",4,"Swimming",1996,NA
"4908","Women","4x100 m Freestyle S7-10","Bronze","GER","Germany",2,"Swimming",1996,NA
"4909","Women","4x100 m Freestyle S7-10","Bronze","GER","Germany",3,"Swimming",1996,NA
"4910","Women","4x100 m Freestyle S7-10","Bronze","GER","Germany",4,"Swimming",1996,NA
"4911","Women","4x100 m Freestyle B1-3","Gold","GER","Germany",2,"Swimming",1996,NA
"4912","Women","4x100 m Freestyle B1-3","Gold","GER","Germany",3,"Swimming",1996,NA
"4913","Women","4x100 m Freestyle B1-3","Gold","GER","Germany",4,"Swimming",1996,NA
"4914","Women","4x100 m Freestyle B1-3","Silver","GBR","Great Britain",2,"Swimming",1996,NA
"4915","Women","4x100 m Freestyle B1-3","Silver","GBR","Great Britain",3,"Swimming",1996,NA
"4916","Women","4x100 m Freestyle B1-3","Silver","GBR","Great Britain",4,"Swimming",1996,NA
"4917","Women","4x100 m Freestyle B1-3","Bronze","USA","United States of America",2,"Swimming",1996,NA
"4918","Women","4x100 m Freestyle B1-3","Bronze","USA","United States of America",3,"Swimming",1996,NA
"4919","Women","4x100 m Freestyle B1-3","Bronze","USA","United States of America",4,"Swimming",1996,NA
"4920","Women","4x50 m Medley S1-6","Gold","HUN","Hungary",2,"Swimming",1996,NA
"4921","Women","4x50 m Medley S1-6","Gold","HUN","Hungary",3,"Swimming",1996,NA
"4922","Women","4x50 m Medley S1-6","Gold","HUN","Hungary",4,"Swimming",1996,NA
"4923","Women","4x50 m Medley S1-6","Silver","USA","United States of America",2,"Swimming",1996,NA
"4924","Women","4x50 m Medley S1-6","Silver","USA","United States of America",3,"Swimming",1996,NA
"4925","Women","4x50 m Medley S1-6","Silver","USA","United States of America",4,"Swimming",1996,NA
"4926","Women","4x50 m Medley S1-6","Bronze","GBR","Great Britain",2,"Swimming",1996,NA
"4927","Women","4x50 m Medley S1-6","Bronze","GBR","Great Britain",3,"Swimming",1996,NA
"4928","Women","4x50 m Medley S1-6","Bronze","GBR","Great Britain",4,"Swimming",1996,NA
"4929","Women","4x100 m Medley S7-10","Gold","USA","United States of America",2,"Swimming",1996,NA
"4930","Women","4x100 m Medley S7-10","Gold","USA","United States of America",3,"Swimming",1996,NA
"4931","Women","4x100 m Medley S7-10","Gold","USA","United States of America",4,"Swimming",1996,NA
"4932","Women","4x100 m Medley S7-10","Silver","GER","Germany",2,"Swimming",1996,NA
"4933","Women","4x100 m Medley S7-10","Silver","GER","Germany",3,"Swimming",1996,NA
"4934","Women","4x100 m Medley S7-10","Silver","GER","Germany",4,"Swimming",1996,NA
"4935","Women","4x100 m Medley S7-10","Bronze","ESP","Spain",2,"Swimming",1996,NA
"4936","Women","4x100 m Medley S7-10","Bronze","ESP","Spain",3,"Swimming",1996,NA
"4937","Women","4x100 m Medley S7-10","Bronze","ESP","Spain",4,"Swimming",1996,NA
"4938","Women","4x100 m Medley B1-3","Gold","GER","Germany",2,"Swimming",1996,NA
"4939","Women","4x100 m Medley B1-3","Gold","GER","Germany",3,"Swimming",1996,NA
"4940","Women","4x100 m Medley B1-3","Gold","GER","Germany",4,"Swimming",1996,NA
"4941","Women","4x100 m Medley B1-3","Silver","USA","United States of America",2,"Swimming",1996,NA
"4942","Women","4x100 m Medley B1-3","Silver","USA","United States of America",3,"Swimming",1996,NA
"4943","Women","4x100 m Medley B1-3","Silver","USA","United States of America",4,"Swimming",1996,NA
"4944","Women","4x100 m Medley B1-3","Bronze","ESP","Spain",2,"Swimming",1996,NA
"4945","Women","4x100 m Medley B1-3","Bronze","ESP","Spain",3,"Swimming",1996,NA
"4946","Women","4x100 m Medley B1-3","Bronze","ESP","Spain",4,"Swimming",1996,NA
"4947","Women","50 m Freestyle S2","Gold","GBR",NA,NA,"Swimming",2000,NA
"4948","Women","50 m Freestyle S2","Silver","IRL",NA,NA,"Swimming",2000,NA
"4949","Women","50 m Freestyle S2","Bronze","ESP",NA,NA,"Swimming",2000,NA
"4950","Women","50 m Freestyle S3","Gold","CZE",NA,NA,"Swimming",2000,NA
"4951","Women","50 m Freestyle S3","Silver","GER",NA,NA,"Swimming",2000,NA
"4952","Women","50 m Freestyle S3","Bronze","MEX",NA,NA,"Swimming",2000,NA
"4953","Women","50 m Freestyle S4","Gold","JPN",NA,NA,"Swimming",2000,NA
"4954","Women","50 m Freestyle S4","Silver","GER",NA,NA,"Swimming",2000,NA
"4955","Women","50 m Freestyle S4","Bronze","DEN",NA,NA,"Swimming",2000,NA
"4956","Women","50 m Freestyle S5","Gold","FRA",NA,NA,"Swimming",2000,NA
"4957","Women","50 m Freestyle S5","Silver","UKR",NA,NA,"Swimming",2000,NA
"4958","Women","50 m Freestyle S5","Bronze","ESP",NA,NA,"Swimming",2000,NA
"4959","Women","50 m Freestyle S6","Gold","MEX",NA,NA,"Swimming",2000,NA
"4960","Women","50 m Freestyle S6","Silver","USA",NA,NA,"Swimming",2000,NA
"4961","Women","50 m Freestyle S6","Bronze","GBR",NA,NA,"Swimming",2000,NA
"4962","Women","50 m Freestyle S7","Gold","CAN",NA,NA,"Swimming",2000,NA
"4963","Women","50 m Freestyle S7","Silver","USA",NA,NA,"Swimming",2000,NA
"4964","Women","50 m Freestyle S7","Bronze","AUS",NA,NA,"Swimming",2000,NA
"4965","Women","50 m Freestyle S8","Gold","ISR",NA,NA,"Swimming",2000,NA
"4966","Women","50 m Freestyle S8","Silver","FRO",NA,NA,"Swimming",2000,NA
"4967","Women","50 m Freestyle S8","Bronze","DEN",NA,NA,"Swimming",2000,NA
"4968","Women","50 m Freestyle S9","Gold","DEN",NA,NA,"Swimming",2000,NA
"4969","Women","50 m Freestyle S9","Silver","CAN",NA,NA,"Swimming",2000,NA
"4970","Women","50 m Freestyle S9","Bronze","BEL",NA,NA,"Swimming",2000,NA
"4971","Women","50 m Freestyle S10","Gold","CAN",NA,NA,"Swimming",2000,NA
"4972","Women","50 m Freestyle S10","Silver","USA",NA,NA,"Swimming",2000,NA
"4973","Women","50 m Freestyle S10","Bronze","CAN",NA,NA,"Swimming",2000,NA
"4974","Women","50 m Freestyle S11","Gold","BRA",NA,NA,"Swimming",2000,NA
"4975","Women","50 m Freestyle S11","Silver","CAN",NA,NA,"Swimming",2000,NA
"4976","Women","50 m Freestyle S11","Bronze","AUS",NA,NA,"Swimming",2000,NA
"4977","Women","50 m Freestyle S12","Gold","CHN",NA,NA,"Swimming",2000,NA
"4978","Women","50 m Freestyle S12","Silver","EST",NA,NA,"Swimming",2000,NA
"4979","Women","50 m Freestyle S12","Bronze","USA",NA,NA,"Swimming",2000,NA
"4980","Women","50 m Freestyle S13","Gold","USA",NA,NA,"Swimming",2000,NA
"4981","Women","50 m Freestyle S13","Silver","CAN",NA,NA,"Swimming",2000,NA
"4982","Women","50 m Freestyle S13","Bronze","CAN",NA,NA,"Swimming",2000,NA
"4983","Women","50 m Freestyle S14","Gold","AUS",NA,NA,"Swimming",2000,NA
"4984","Women","50 m Freestyle S14","Silver","GBR",NA,NA,"Swimming",2000,NA
"4985","Women","50 m Freestyle S14","Bronze","GBR",NA,NA,"Swimming",2000,NA
"4986","Women","100 m Freestyle S2","Gold","IRL",NA,NA,"Swimming",2000,NA
"4987","Women","100 m Freestyle S2","Silver","ESP",NA,NA,"Swimming",2000,NA
"4988","Women","100 m Freestyle S2","Bronze","MEX",NA,NA,"Swimming",2000,NA
"4989","Women","100 m Freestyle S3","Gold","MEX",NA,NA,"Swimming",2000,NA
"4990","Women","100 m Freestyle S3","Silver","GER",NA,NA,"Swimming",2000,NA
"4991","Women","100 m Freestyle S3","Bronze","CZE",NA,NA,"Swimming",2000,NA
"4992","Women","100 m Freestyle S4","Gold","JPN",NA,NA,"Swimming",2000,NA
"4993","Women","100 m Freestyle S4","Silver","GER",NA,NA,"Swimming",2000,NA
"4994","Women","100 m Freestyle S4","Bronze","DEN",NA,NA,"Swimming",2000,NA
"4995","Women","100 m Freestyle S5","Gold","FRA",NA,NA,"Swimming",2000,NA
"4996","Women","100 m Freestyle S5","Silver","UKR",NA,NA,"Swimming",2000,NA
"4997","Women","100 m Freestyle S5","Bronze","ESP",NA,NA,"Swimming",2000,NA
"4998","Women","100 m Freestyle S6","Gold","USA",NA,NA,"Swimming",2000,NA
"4999","Women","100 m Freestyle S6","Silver","MEX",NA,NA,"Swimming",2000,NA
"5000","Women","100 m Freestyle S6","Bronze","GBR",NA,NA,"Swimming",2000,NA
"5001","Women","100 m Freestyle S7","Gold","CAN",NA,NA,"Swimming",2000,NA
"5002","Women","100 m Freestyle S7","Silver","USA",NA,NA,"Swimming",2000,NA
"5003","Women","100 m Freestyle S7","Bronze","ISL",NA,NA,"Swimming",2000,NA
"5004","Women","100 m Freestyle S8","Gold","ISR",NA,NA,"Swimming",2000,NA
"5005","Women","100 m Freestyle S8","Silver","FRO",NA,NA,"Swimming",2000,NA
"5006","Women","100 m Freestyle S8","Bronze","AUS",NA,NA,"Swimming",2000,NA
"5007","Women","100 m Freestyle S9","Gold","CAN",NA,NA,"Swimming",2000,NA
"5008","Women","100 m Freestyle S9","Silver","AUS",NA,NA,"Swimming",2000,NA
"5009","Women","100 m Freestyle S9","Bronze","NED",NA,NA,"Swimming",2000,NA
"5010","Women","100 m Freestyle S10","Gold","CAN",NA,NA,"Swimming",2000,NA
"5011","Women","100 m Freestyle S10","Silver","USA",NA,NA,"Swimming",2000,NA
"5012","Women","100 m Freestyle S10","Bronze","CAN",NA,NA,"Swimming",2000,NA
"5013","Women","100 m Freestyle S11","Gold","ESP",NA,NA,"Swimming",2000,NA
"5014","Women","100 m Freestyle S11","Silver","AUS",NA,NA,"Swimming",2000,NA
"5015","Women","100 m Freestyle S11","Bronze","FIN",NA,NA,"Swimming",2000,NA
"5016","Women","100 m Freestyle S12","Gold","CHN",NA,NA,"Swimming",2000,NA
"5017","Women","100 m Freestyle S12","Silver","GBR",NA,NA,"Swimming",2000,NA
"5018","Women","100 m Freestyle S12","Bronze","GBR",NA,NA,"Swimming",2000,NA
"5019","Women","100 m Freestyle S13","Gold","USA",NA,NA,"Swimming",2000,NA
"5020","Women","100 m Freestyle S13","Silver","CAN",NA,NA,"Swimming",2000,NA
"5021","Women","100 m Freestyle S13","Bronze","USA",NA,NA,"Swimming",2000,NA
"5022","Women","100 m Freestyle S14","Gold","AUS",NA,NA,"Swimming",2000,NA
"5023","Women","100 m Freestyle S14","Silver","AUS",NA,NA,"Swimming",2000,NA
"5024","Women","100 m Freestyle S14","Bronze","GBR",NA,NA,"Swimming",2000,NA
"5025","Women","200 m Freestyle S4","Gold","JPN",NA,NA,"Swimming",2000,NA
"5026","Women","200 m Freestyle S4","Silver","GER",NA,NA,"Swimming",2000,NA
"5027","Women","200 m Freestyle S4","Bronze","DEN",NA,NA,"Swimming",2000,NA
"5028","Women","200 m Freestyle S5","Gold","FRA",NA,NA,"Swimming",2000,NA
"5029","Women","200 m Freestyle S5","Silver","UKR",NA,NA,"Swimming",2000,NA
"5030","Women","200 m Freestyle S5","Bronze","ESP",NA,NA,"Swimming",2000,NA
"5031","Women","200 m Freestyle S14","Gold","AUS",NA,NA,"Swimming",2000,NA
"5032","Women","200 m Freestyle S14","Silver","GBR",NA,NA,"Swimming",2000,NA
"5033","Women","200 m Freestyle S14","Bronze","AUS",NA,NA,"Swimming",2000,NA
"5034","Women","400 m Freestyle S6","Gold","USA",NA,NA,"Swimming",2000,NA
"5035","Women","400 m Freestyle S6","Silver","AUS",NA,NA,"Swimming",2000,NA
"5036","Women","400 m Freestyle S6","Bronze","GER",NA,NA,"Swimming",2000,NA
"5037","Women","400 m Freestyle S7","Gold","USA",NA,NA,"Swimming",2000,NA
"5038","Women","400 m Freestyle S7","Silver","CAN",NA,NA,"Swimming",2000,NA
"5039","Women","400 m Freestyle S7","Bronze","CAN",NA,NA,"Swimming",2000,NA
"5040","Women","400 m Freestyle S8","Gold","AUS",NA,NA,"Swimming",2000,NA
"5041","Women","400 m Freestyle S8","Silver","FRO",NA,NA,"Swimming",2000,NA
"5042","Women","400 m Freestyle S8","Bronze","POL",NA,NA,"Swimming",2000,NA
"5043","Women","400 m Freestyle S9","Gold","CAN",NA,NA,"Swimming",2000,NA
"5044","Women","400 m Freestyle S9","Silver","AUS",NA,NA,"Swimming",2000,NA
"5045","Women","400 m Freestyle S9","Bronze","AUS",NA,NA,"Swimming",2000,NA
"5046","Women","400 m Freestyle S10","Gold","AUS",NA,NA,"Swimming",2000,NA
"5047","Women","400 m Freestyle S10","Silver","USA",NA,NA,"Swimming",2000,NA
"5048","Women","400 m Freestyle S10","Bronze","GER",NA,NA,"Swimming",2000,NA
"5049","Women","400 m Freestyle S11","Gold","ESP",NA,NA,"Swimming",2000,NA
"5050","Women","400 m Freestyle S11","Silver","AUS",NA,NA,"Swimming",2000,NA
"5051","Women","400 m Freestyle S11","Bronze","NED",NA,NA,"Swimming",2000,NA
"5052","Women","400 m Freestyle S12","Gold","GBR",NA,NA,"Swimming",2000,NA
"5053","Women","400 m Freestyle S12","Silver","ESP",NA,NA,"Swimming",2000,NA
"5054","Women","400 m Freestyle S12","Bronze","ESP",NA,NA,"Swimming",2000,NA
"5055","Women","50 m Backstroke S2","Gold","ESP",NA,NA,"Swimming",2000,NA
"5056","Women","50 m Backstroke S2","Silver","IRL",NA,NA,"Swimming",2000,NA
"5057","Women","50 m Backstroke S2","Bronze","GRE",NA,NA,"Swimming",2000,NA
"5058","Women","50 m Backstroke S3","Gold","GER",NA,NA,"Swimming",2000,NA
"5059","Women","50 m Backstroke S3","Silver","POR",NA,NA,"Swimming",2000,NA
"5060","Women","50 m Backstroke S3","Bronze","CZE",NA,NA,"Swimming",2000,NA
"5061","Women","50 m Backstroke S4","Gold","JPN",NA,NA,"Swimming",2000,NA
"5062","Women","50 m Backstroke S4","Silver","FRA",NA,NA,"Swimming",2000,NA
"5063","Women","50 m Backstroke S4","Bronze","RUS",NA,NA,"Swimming",2000,NA
"5064","Women","50 m Backstroke S5","Gold","FRA",NA,NA,"Swimming",2000,NA
"5065","Women","50 m Backstroke S5","Silver","CZE",NA,NA,"Swimming",2000,NA
"5066","Women","50 m Backstroke S5","Bronze","ESP",NA,NA,"Swimming",2000,NA
"5067","Women","50 m Backstroke S14","Gold","AUS",NA,NA,"Swimming",2000,NA
"5068","Women","50 m Backstroke S14","Silver","CZE",NA,NA,"Swimming",2000,NA
"5069","Women","50 m Backstroke S14","Bronze","EST",NA,NA,"Swimming",2000,NA
"5070","Women","100 m Backstroke S6","Gold","MEX",NA,NA,"Swimming",2000,NA
"5071","Women","100 m Backstroke S6","Silver","GBR",NA,NA,"Swimming",2000,NA
"5072","Women","100 m Backstroke S6","Bronze","FRA",NA,NA,"Swimming",2000,NA
"5073","Women","100 m Backstroke S7","Gold","ISL",NA,NA,"Swimming",2000,NA
"5074","Women","100 m Backstroke S7","Silver","NOR",NA,NA,"Swimming",2000,NA
"5075","Women","100 m Backstroke S7","Bronze","USA",NA,NA,"Swimming",2000,NA
"5076","Women","100 m Backstroke S8","Gold","ISR",NA,NA,"Swimming",2000,NA
"5077","Women","100 m Backstroke S8","Silver","GBR",NA,NA,"Swimming",2000,NA
"5078","Women","100 m Backstroke S8","Bronze","FRO",NA,NA,"Swimming",2000,NA
"5079","Women","100 m Backstroke S9","Gold","CAN",NA,NA,"Swimming",2000,NA
"5080","Women","100 m Backstroke S9","Silver","POL",NA,NA,"Swimming",2000,NA
"5081","Women","100 m Backstroke S9","Bronze","AUS",NA,NA,"Swimming",2000,NA
"5082","Women","100 m Backstroke S10","Gold","USA",NA,NA,"Swimming",2000,NA
"5083","Women","100 m Backstroke S10","Silver","GBR",NA,NA,"Swimming",2000,NA
"5084","Women","100 m Backstroke S10","Bronze","CAN",NA,NA,"Swimming",2000,NA
"5085","Women","100 m Backstroke S11","Gold","CHN",NA,NA,"Swimming",2000,NA
"5086","Women","100 m Backstroke S11","Silver","GER",NA,NA,"Swimming",2000,NA
"5087","Women","100 m Backstroke S11","Bronze","ESP",NA,NA,"Swimming",2000,NA
"5088","Women","100 m Backstroke S12","Gold","CHN",NA,NA,"Swimming",2000,NA
"5089","Women","100 m Backstroke S12","Silver","USA",NA,NA,"Swimming",2000,NA
"5090","Women","100 m Backstroke S12","Bronze","POL",NA,NA,"Swimming",2000,NA
"5091","Women","50 m Breaststroke SB3","Gold","GBR",NA,NA,"Swimming",2000,NA
"5092","Women","50 m Breaststroke SB3","Silver","JPN",NA,NA,"Swimming",2000,NA
"5093","Women","50 m Breaststroke SB3","Bronze","MEX",NA,NA,"Swimming",2000,NA
"5094","Women","50 m Breaststroke SB14","Gold","CZE",NA,NA,"Swimming",2000,NA
"5095","Women","50 m Breaststroke SB14","Silver","ESP",NA,NA,"Swimming",2000,NA
"5096","Women","50 m Breaststroke SB14","Bronze","AUS",NA,NA,"Swimming",2000,NA
"5097","Women","100 m Breaststroke SB5","Gold","USA",NA,NA,"Swimming",2000,NA
"5098","Women","100 m Breaststroke SB5","Silver","SWE",NA,NA,"Swimming",2000,NA
"5099","Women","100 m Breaststroke SB5","Bronze","GBR",NA,NA,"Swimming",2000,NA
"5100","Women","100 m Breaststroke SB6","Gold","AUS",NA,NA,"Swimming",2000,NA
"5101","Women","100 m Breaststroke SB6","Silver","USA",NA,NA,"Swimming",2000,NA
"5102","Women","100 m Breaststroke SB6","Bronze","AUS",NA,NA,"Swimming",2000,NA
"5103","Women","100 m Breaststroke SB7","Gold","ISL",NA,NA,"Swimming",2000,NA
"5104","Women","100 m Breaststroke SB7","Silver","AUS",NA,NA,"Swimming",2000,NA
"5105","Women","100 m Breaststroke SB7","Bronze","AUS",NA,NA,"Swimming",2000,NA
"5106","Women","100 m Breaststroke SB8","Gold","DEN",NA,NA,"Swimming",2000,NA
"5107","Women","100 m Breaststroke SB8","Silver","BEL",NA,NA,"Swimming",2000,NA
"5108","Women","100 m Breaststroke SB8","Bronze","AUS",NA,NA,"Swimming",2000,NA
"5109","Women","100 m Breaststroke SB9","Gold","CAN",NA,NA,"Swimming",2000,NA
"5110","Women","100 m Breaststroke SB9","Silver","RUS",NA,NA,"Swimming",2000,NA
"5111","Women","100 m Breaststroke SB9","Bronze","GBR",NA,NA,"Swimming",2000,NA
"5112","Women","100 m Breaststroke SB12","Gold","ESP",NA,NA,"Swimming",2000,NA
"5113","Women","100 m Breaststroke SB12","Silver","USA",NA,NA,"Swimming",2000,NA
"5114","Women","100 m Breaststroke SB12","Bronze","GBR",NA,NA,"Swimming",2000,NA
"5115","Women","100 m Breaststroke SB13","Gold","CAN",NA,NA,"Swimming",2000,NA
"5116","Women","100 m Breaststroke SB13","Silver","CAN",NA,NA,"Swimming",2000,NA
"5117","Women","100 m Breaststroke SB13","Bronze","USA",NA,NA,"Swimming",2000,NA
"5118","Women","50 m Butterfly S5","Gold","FRA",NA,NA,"Swimming",2000,NA
"5119","Women","50 m Butterfly S5","Silver","ESP",NA,NA,"Swimming",2000,NA
"5120","Women","50 m Butterfly S5","Bronze","HUN",NA,NA,"Swimming",2000,NA
"5121","Women","50 m Butterfly S6","Gold","USA",NA,NA,"Swimming",2000,NA
"5122","Women","50 m Butterfly S6","Silver","FRA",NA,NA,"Swimming",2000,NA
"5123","Women","50 m Butterfly S6","Bronze","MEX",NA,NA,"Swimming",2000,NA
"5124","Women","50 m Butterfly S7","Gold","CAN",NA,NA,"Swimming",2000,NA
"5125","Women","50 m Butterfly S7","Silver","SVK",NA,NA,"Swimming",2000,NA
"5126","Women","50 m Butterfly S7","Bronze","USA",NA,NA,"Swimming",2000,NA
"5127","Women","50 m Butterfly S14","Gold","AUS",NA,NA,"Swimming",2000,NA
"5128","Women","50 m Butterfly S14","Silver","GBR",NA,NA,"Swimming",2000,NA
"5129","Women","50 m Butterfly S14","Bronze","CZE",NA,NA,"Swimming",2000,NA
"5130","Women","100 m Butterfly S8","Gold","NED",NA,NA,"Swimming",2000,NA
"5131","Women","100 m Butterfly S8","Silver","CAN",NA,NA,"Swimming",2000,NA
"5132","Women","100 m Butterfly S8","Bronze","HUN",NA,NA,"Swimming",2000,NA
"5133","Women","100 m Butterfly S9","Gold","GBR",NA,NA,"Swimming",2000,NA
"5134","Women","100 m Butterfly S9","Silver","DEN",NA,NA,"Swimming",2000,NA
"5135","Women","100 m Butterfly S9","Bronze","AUS",NA,NA,"Swimming",2000,NA
"5136","Women","100 m Butterfly S12","Gold","CHN",NA,NA,"Swimming",2000,NA
"5137","Women","100 m Butterfly S12","Silver","USA",NA,NA,"Swimming",2000,NA
"5138","Women","100 m Butterfly S12","Bronze","ESP",NA,NA,"Swimming",2000,NA
"5139","Women","150 m Medley SM4","Gold","JPN",NA,NA,"Swimming",2000,NA
"5140","Women","150 m Medley SM4","Silver","GER",NA,NA,"Swimming",2000,NA
"5141","Women","150 m Medley SM4","Bronze","GBR",NA,NA,"Swimming",2000,NA
"5142","Women","200 m Medley SM6","Gold","FRA",NA,NA,"Swimming",2000,NA
"5143","Women","200 m Medley SM6","Silver","USA",NA,NA,"Swimming",2000,NA
"5144","Women","200 m Medley SM6","Bronze","GER",NA,NA,"Swimming",2000,NA
"5145","Women","200 m Medley SM7","Gold","CAN",NA,NA,"Swimming",2000,NA
"5146","Women","200 m Medley SM7","Silver","SVK",NA,NA,"Swimming",2000,NA
"5147","Women","200 m Medley SM7","Bronze","ISL",NA,NA,"Swimming",2000,NA
"5148","Women","200 m Medley SM8","Gold","HUN",NA,NA,"Swimming",2000,NA
"5149","Women","200 m Medley SM8","Silver","NZL",NA,NA,"Swimming",2000,NA
"5150","Women","200 m Medley SM8","Bronze","AUS",NA,NA,"Swimming",2000,NA
"5151","Women","200 m Medley SM9","Gold","DEN",NA,NA,"Swimming",2000,NA
"5152","Women","200 m Medley SM9","Silver","CAN",NA,NA,"Swimming",2000,NA
"5153","Women","200 m Medley SM9","Bronze","CZE",NA,NA,"Swimming",2000,NA
"5154","Women","200 m Medley SM10","Gold","CAN",NA,NA,"Swimming",2000,NA
"5155","Women","200 m Medley SM10","Silver","AUS",NA,NA,"Swimming",2000,NA
"5156","Women","200 m Medley SM10","Bronze","GER",NA,NA,"Swimming",2000,NA
"5157","Women","200 m Medley SM11","Gold","CHN",NA,NA,"Swimming",2000,NA
"5158","Women","200 m Medley SM11","Silver","GBR",NA,NA,"Swimming",2000,NA
"5159","Women","200 m Medley SM11","Bronze","RUS",NA,NA,"Swimming",2000,NA
"5160","Women","200 m Medley SM12","Gold","CHN",NA,NA,"Swimming",2000,NA
"5161","Women","200 m Medley SM12","Silver","USA",NA,NA,"Swimming",2000,NA
"5162","Women","200 m Medley SM12","Bronze","GBR",NA,NA,"Swimming",2000,NA
"5163","Women","200 m Medley SM13","Gold","CAN",NA,NA,"Swimming",2000,NA
"5164","Women","200 m Medley SM13","Silver","USA",NA,NA,"Swimming",2000,NA
"5165","Women","200 m Medley SM13","Bronze","CAN",NA,NA,"Swimming",2000,NA
"5166","Women","200 m Medley SM14","Gold","AUS",NA,NA,"Swimming",2000,NA
"5167","Women","200 m Medley SM14","Silver","AUS",NA,NA,"Swimming",2000,NA
"5168","Women","200 m Medley SM14","Bronze","GBR",NA,NA,"Swimming",2000,NA
"5169","Women","4x50 m Freestyle 20 pts","Gold","JPN","Japan",2,"Swimming",2000,NA
"5170","Women","4x50 m Freestyle 20 pts","Gold","JPN","Japan",3,"Swimming",2000,NA
"5171","Women","4x50 m Freestyle 20 pts","Gold","JPN","Japan",4,"Swimming",2000,NA
"5172","Women","4x50 m Freestyle 20 pts","Silver","USA","United States of America",2,"Swimming",2000,NA
"5173","Women","4x50 m Freestyle 20 pts","Silver","USA","United States of America",3,"Swimming",2000,NA
"5174","Women","4x50 m Freestyle 20 pts","Silver","USA","United States of America",4,"Swimming",2000,NA
"5175","Women","4x50 m Freestyle 20 pts","Bronze","AUS","Australia",2,"Swimming",2000,NA
"5176","Women","4x50 m Freestyle 20 pts","Bronze","AUS","Australia",3,"Swimming",2000,NA
"5177","Women","4x50 m Freestyle 20 pts","Bronze","AUS","Australia",4,"Swimming",2000,NA
"5178","Women","4x100 m Freestyle 34 pts","Gold","CAN","Canada",2,"Swimming",2000,NA
"5179","Women","4x100 m Freestyle 34 pts","Gold","CAN","Canada",3,"Swimming",2000,NA
"5180","Women","4x100 m Freestyle 34 pts","Gold","CAN","Canada",4,"Swimming",2000,NA
"5181","Women","4x100 m Freestyle 34 pts","Silver","USA","United States of America",2,"Swimming",2000,NA
"5182","Women","4x100 m Freestyle 34 pts","Silver","USA","United States of America",3,"Swimming",2000,NA
"5183","Women","4x100 m Freestyle 34 pts","Silver","USA","United States of America",4,"Swimming",2000,NA
"5184","Women","4x100 m Freestyle 34 pts","Bronze","AUS","Australia",2,"Swimming",2000,NA
"5185","Women","4x100 m Freestyle 34 pts","Bronze","AUS","Australia",3,"Swimming",2000,NA
"5186","Women","4x100 m Freestyle 34 pts","Bronze","AUS","Australia",4,"Swimming",2000,NA
"5187","Women","4x50 m Medley 20 pts","Gold","FRA","France",2,"Swimming",2000,NA
"5188","Women","4x50 m Medley 20 pts","Gold","FRA","France",3,"Swimming",2000,NA
"5189","Women","4x50 m Medley 20 pts","Gold","FRA","France",4,"Swimming",2000,NA
"5190","Women","4x50 m Medley 20 pts","Silver","GER","Germany",2,"Swimming",2000,NA
"5191","Women","4x50 m Medley 20 pts","Silver","GER","Germany",3,"Swimming",2000,NA
"5192","Women","4x50 m Medley 20 pts","Silver","GER","Germany",4,"Swimming",2000,NA
"5193","Women","4x50 m Medley 20 pts","Bronze","GBR","Great Britain",2,"Swimming",2000,NA
"5194","Women","4x50 m Medley 20 pts","Bronze","GBR","Great Britain",3,"Swimming",2000,NA
"5195","Women","4x50 m Medley 20 pts","Bronze","GBR","Great Britain",4,"Swimming",2000,NA
"5196","Women","4x100 m Medley 34 pts","Gold","CAN","Canada",7,"Swimming",2000,NA
"5197","Women","4x100 m Medley 34 pts","Gold","CAN","Canada",8,"Swimming",2000,NA
"5198","Women","4x100 m Medley 34 pts","Gold","CAN","Canada",9,"Swimming",2000,NA
"5199","Women","4x100 m Medley 34 pts","Gold","CAN","Canada",10,"Swimming",2000,NA
"5200","Women","4x100 m Medley 34 pts","Silver","GBR","Great Britain",7,"Swimming",2000,NA
"5201","Women","4x100 m Medley 34 pts","Silver","GBR","Great Britain",8,"Swimming",2000,NA
"5202","Women","4x100 m Medley 34 pts","Silver","GBR","Great Britain",9,"Swimming",2000,NA
"5203","Women","4x100 m Medley 34 pts","Silver","GBR","Great Britain",10,"Swimming",2000,NA
"5204","Women","4x100 m Medley 34 pts","Bronze","AUS","Australia",8,"Swimming",2000,NA
"5205","Women","4x100 m Medley 34 pts","Bronze","AUS","Australia",9,"Swimming",2000,NA
"5206","Women","4x100 m Medley 34 pts","Bronze","AUS","Australia",10,"Swimming",2000,NA
"5207","Women","4x100 m Medley 34 pts","Bronze","AUS","Australia",11,"Swimming",2000,NA
"5208","Women","50 m Freestyle S2","Gold","ESP",NA,NA,"Swimming",2004,NA
"5209","Women","50 m Freestyle S2","Silver","GRE",NA,NA,"Swimming",2004,NA
"5210","Women","50 m Freestyle S2","Bronze","GBR",NA,NA,"Swimming",2004,NA
"5211","Women","50 m Freestyle S3","Gold","MEX",NA,NA,"Swimming",2004,NA
"5212","Women","50 m Freestyle S3","Silver","GBR",NA,NA,"Swimming",2004,NA
"5213","Women","50 m Freestyle S3","Bronze","GER",NA,NA,"Swimming",2004,NA
"5214","Women","50 m Freestyle S4","Gold","JPN",NA,NA,"Swimming",2004,NA
"5215","Women","50 m Freestyle S4","Silver","USA",NA,NA,"Swimming",2004,NA
"5216","Women","50 m Freestyle S4","Bronze","DEN",NA,NA,"Swimming",2004,NA
"5217","Women","50 m Freestyle S5","Gold","UKR",NA,NA,"Swimming",2004,NA
"5218","Women","50 m Freestyle S5","Silver","FRA",NA,NA,"Swimming",2004,NA
"5219","Women","50 m Freestyle S5","Bronze","ESP",NA,NA,"Swimming",2004,NA
"5220","Women","50 m Freestyle S6","Gold","MEX",NA,NA,"Swimming",2004,NA
"5221","Women","50 m Freestyle S6","Silver","FRA",NA,NA,"Swimming",2004,NA
"5222","Women","50 m Freestyle S6","Bronze","JPN",NA,NA,"Swimming",2004,NA
"5223","Women","50 m Freestyle S7","Gold","USA",NA,NA,"Swimming",2004,NA
"5224","Women","50 m Freestyle S7","Silver","GER",NA,NA,"Swimming",2004,NA
"5225","Women","50 m Freestyle S7","Bronze","CAN",NA,NA,"Swimming",2004,NA
"5226","Women","50 m Freestyle S8","Gold","NOR",NA,NA,"Swimming",2004,NA
"5227","Women","50 m Freestyle S8","Silver","ISR",NA,NA,"Swimming",2004,NA
"5228","Women","50 m Freestyle S8","Bronze","NED",NA,NA,"Swimming",2004,NA
"5229","Women","50 m Freestyle S9","Gold","RSA",NA,NA,"Swimming",2004,NA
"5230","Women","50 m Freestyle S9","Silver","RUS",NA,NA,"Swimming",2004,NA
"5231","Women","50 m Freestyle S9","Bronze","CAN",NA,NA,"Swimming",2004,NA
"5232","Women","50 m Freestyle S10","Gold","CAN",NA,NA,"Swimming",2004,NA
"5233","Women","50 m Freestyle S10","Silver","SVK",NA,NA,"Swimming",2004,NA
"5234","Women","50 m Freestyle S10","Bronze","ESP",NA,NA,"Swimming",2004,NA
"5235","Women","50 m Freestyle S11","Gold","BRA",NA,NA,"Swimming",2004,NA
"5236","Women","50 m Freestyle S11","Silver","GER",NA,NA,"Swimming",2004,NA
"5237","Women","50 m Freestyle S11","Bronze","NED",NA,NA,"Swimming",2004,NA
"5238","Women","50 m Freestyle S12","Gold","CHN",NA,NA,"Swimming",2004,NA
"5239","Women","50 m Freestyle S12","Silver","EST",NA,NA,"Swimming",2004,NA
"5240","Women","50 m Freestyle S12","Bronze","UKR",NA,NA,"Swimming",2004,NA
"5241","Women","50 m Freestyle S13","Gold","CAN",NA,NA,"Swimming",2004,NA
"5242","Women","50 m Freestyle S13","Silver","AUS",NA,NA,"Swimming",2004,NA
"5243","Women","50 m Freestyle S13","Bronze","CAN",NA,NA,"Swimming",2004,NA
"5244","Women","100 m Freestyle S2","Gold","ESP",NA,NA,"Swimming",2004,NA
"5245","Women","100 m Freestyle S2","Silver","GBR",NA,NA,"Swimming",2004,NA
"5246","Women","100 m Freestyle S2","Bronze","ARG",NA,NA,"Swimming",2004,NA
"5247","Women","100 m Freestyle S3","Gold","MEX",NA,NA,"Swimming",2004,NA
"5248","Women","100 m Freestyle S3","Silver","GER",NA,NA,"Swimming",2004,NA
"5249","Women","100 m Freestyle S3","Bronze","GBR",NA,NA,"Swimming",2004,NA
"5250","Women","100 m Freestyle S4","Gold","JPN",NA,NA,"Swimming",2004,NA
"5251","Women","100 m Freestyle S4","Silver","DEN",NA,NA,"Swimming",2004,NA
"5252","Women","100 m Freestyle S4","Bronze","USA",NA,NA,"Swimming",2004,NA
"5253","Women","100 m Freestyle S5","Gold","ESP",NA,NA,"Swimming",2004,NA
"5254","Women","100 m Freestyle S5","Silver","FRA",NA,NA,"Swimming",2004,NA
"5255","Women","100 m Freestyle S5","Bronze","UKR",NA,NA,"Swimming",2004,NA
"5256","Women","100 m Freestyle S6","Gold","MEX",NA,NA,"Swimming",2004,NA
"5257","Women","100 m Freestyle S6","Silver","FRA",NA,NA,"Swimming",2004,NA
"5258","Women","100 m Freestyle S6","Bronze","JPN",NA,NA,"Swimming",2004,NA
"5259","Women","100 m Freestyle S7","Gold","USA",NA,NA,"Swimming",2004,NA
"5260","Women","100 m Freestyle S7","Silver","AUS",NA,NA,"Swimming",2004,NA
"5261","Women","100 m Freestyle S7","Bronze","GER",NA,NA,"Swimming",2004,NA
"5262","Women","100 m Freestyle S8","Gold","USA",NA,NA,"Swimming",2004,NA
"5263","Women","100 m Freestyle S8","Silver","ISR",NA,NA,"Swimming",2004,NA
"5264","Women","100 m Freestyle S8","Bronze","NOR",NA,NA,"Swimming",2004,NA
"5265","Women","100 m Freestyle S9","Gold","RSA",NA,NA,"Swimming",2004,NA
"5266","Women","100 m Freestyle S9","Silver","CAN",NA,NA,"Swimming",2004,NA
"5267","Women","100 m Freestyle S9","Bronze","GER",NA,NA,"Swimming",2004,NA
"5268","Women","100 m Freestyle S10","Gold","CAN",NA,NA,"Swimming",2004,NA
"5269","Women","100 m Freestyle S10","Silver","POL",NA,NA,"Swimming",2004,NA
"5270","Women","100 m Freestyle S10","Bronze","GBR",NA,NA,"Swimming",2004,NA
"5271","Women","100 m Freestyle S11","Gold","ESP",NA,NA,"Swimming",2004,NA
"5272","Women","100 m Freestyle S11","Silver","GER",NA,NA,"Swimming",2004,NA
"5273","Women","100 m Freestyle S11","Bronze","NED",NA,NA,"Swimming",2004,NA
"5274","Women","100 m Freestyle S12","Gold","CHN",NA,NA,"Swimming",2004,NA
"5275","Women","100 m Freestyle S12","Silver","POL",NA,NA,"Swimming",2004,NA
"5276","Women","100 m Freestyle S12","Bronze","POL",NA,NA,"Swimming",2004,NA
"5277","Women","100 m Freestyle S13","Gold","CAN",NA,NA,"Swimming",2004,NA
"5278","Women","100 m Freestyle S13","Silver","AUS",NA,NA,"Swimming",2004,NA
"5279","Women","100 m Freestyle S13","Bronze","CAN",NA,NA,"Swimming",2004,NA
"5280","Women","200 m Freestyle S4","Gold","JPN",NA,NA,"Swimming",2004,NA
"5281","Women","200 m Freestyle S4","Silver","DEN",NA,NA,"Swimming",2004,NA
"5282","Women","200 m Freestyle S4","Bronze","USA",NA,NA,"Swimming",2004,NA
"5283","Women","200 m Freestyle S5","Gold","FRA",NA,NA,"Swimming",2004,NA
"5284","Women","200 m Freestyle S5","Silver","UKR",NA,NA,"Swimming",2004,NA
"5285","Women","200 m Freestyle S5","Bronze","ISR",NA,NA,"Swimming",2004,NA
"5286","Women","400 m Freestyle S6","Gold","MEX",NA,NA,"Swimming",2004,NA
"5287","Women","400 m Freestyle S6","Silver","GBR",NA,NA,"Swimming",2004,NA
"5288","Women","400 m Freestyle S6","Bronze","GBR",NA,NA,"Swimming",2004,NA
"5289","Women","400 m Freestyle S7","Gold","AUS",NA,NA,"Swimming",2004,NA
"5290","Women","400 m Freestyle S7","Silver","RUS",NA,NA,"Swimming",2004,NA
"5291","Women","400 m Freestyle S7","Bronze","CAN",NA,NA,"Swimming",2004,NA
"5292","Women","400 m Freestyle S8","Gold","USA",NA,NA,"Swimming",2004,NA
"5293","Women","400 m Freestyle S8","Silver","AUS",NA,NA,"Swimming",2004,NA
"5294","Women","400 m Freestyle S8","Bronze","FRO",NA,NA,"Swimming",2004,NA
"5295","Women","400 m Freestyle S9","Gold","RSA",NA,NA,"Swimming",2004,NA
"5296","Women","400 m Freestyle S9","Silver","CAN",NA,NA,"Swimming",2004,NA
"5297","Women","400 m Freestyle S9","Bronze","GER",NA,NA,"Swimming",2004,NA
"5298","Women","400 m Freestyle S10","Gold","POL",NA,NA,"Swimming",2004,NA
"5299","Women","400 m Freestyle S10","Silver","GER",NA,NA,"Swimming",2004,NA
"5300","Women","400 m Freestyle S10","Bronze","USA",NA,NA,"Swimming",2004,NA
"5301","Women","400 m Freestyle S12","Gold","ESP",NA,NA,"Swimming",2004,NA
"5302","Women","400 m Freestyle S12","Silver","ESP",NA,NA,"Swimming",2004,NA
"5303","Women","400 m Freestyle S12","Bronze","UKR",NA,NA,"Swimming",2004,NA
"5304","Women","400 m Freestyle S13","Gold","CAN",NA,NA,"Swimming",2004,NA
"5305","Women","400 m Freestyle S13","Silver","AUS",NA,NA,"Swimming",2004,NA
"5306","Women","400 m Freestyle S13","Bronze","GBR",NA,NA,"Swimming",2004,NA
"5307","Women","50 m Backstroke S2","Gold","ESP",NA,NA,"Swimming",2004,NA
"5308","Women","50 m Backstroke S2","Silver","GRE",NA,NA,"Swimming",2004,NA
"5309","Women","50 m Backstroke S2","Bronze","GBR",NA,NA,"Swimming",2004,NA
"5310","Women","50 m Backstroke S3","Gold","GER",NA,NA,"Swimming",2004,NA
"5311","Women","50 m Backstroke S3","Silver","GBR",NA,NA,"Swimming",2004,NA
"5312","Women","50 m Backstroke S3","Bronze","POR",NA,NA,"Swimming",2004,NA
"5313","Women","50 m Backstroke S4","Gold","JPN",NA,NA,"Swimming",2004,NA
"5314","Women","50 m Backstroke S4","Silver","BRA",NA,NA,"Swimming",2004,NA
"5315","Women","50 m Backstroke S4","Bronze","FRA",NA,NA,"Swimming",2004,NA
"5316","Women","50 m Backstroke S5","Gold","CZE",NA,NA,"Swimming",2004,NA
"5317","Women","50 m Backstroke S5","Silver","FRA",NA,NA,"Swimming",2004,NA
"5318","Women","50 m Backstroke S5","Bronze","ESP",NA,NA,"Swimming",2004,NA
"5319","Women","100 m Backstroke S6","Gold","GBR",NA,NA,"Swimming",2004,NA
"5320","Women","100 m Backstroke S6","Silver","FRA",NA,NA,"Swimming",2004,NA
"5321","Women","100 m Backstroke S6","Bronze","MEX",NA,NA,"Swimming",2004,NA
"5322","Women","100 m Backstroke S7","Gold","ISL",NA,NA,"Swimming",2004,NA
"5323","Women","100 m Backstroke S7","Silver","GER",NA,NA,"Swimming",2004,NA
"5324","Women","100 m Backstroke S7","Bronze","AUS",NA,NA,"Swimming",2004,NA
"5325","Women","100 m Backstroke S8","Gold","ISR",NA,NA,"Swimming",2004,NA
"5326","Women","100 m Backstroke S8","Silver","HUN",NA,NA,"Swimming",2004,NA
"5327","Women","100 m Backstroke S8","Bronze","NED",NA,NA,"Swimming",2004,NA
"5328","Women","100 m Backstroke S9","Gold","CAN",NA,NA,"Swimming",2004,NA
"5329","Women","100 m Backstroke S9","Silver","RSA",NA,NA,"Swimming",2004,NA
"5330","Women","100 m Backstroke S9","Bronze","GBR",NA,NA,"Swimming",2004,NA
"5331","Women","100 m Backstroke S10","Gold","USA",NA,NA,"Swimming",2004,NA
"5332","Women","100 m Backstroke S10","Silver","CAN",NA,NA,"Swimming",2004,NA
"5333","Women","100 m Backstroke S10","Bronze","ESP",NA,NA,"Swimming",2004,NA
"5334","Women","100 m Backstroke S11","Gold","CHN",NA,NA,"Swimming",2004,NA
"5335","Women","100 m Backstroke S11","Silver","JPN",NA,NA,"Swimming",2004,NA
"5336","Women","100 m Backstroke S11","Bronze","RUS",NA,NA,"Swimming",2004,NA
"5337","Women","100 m Backstroke S12","Gold","CHN",NA,NA,"Swimming",2004,NA
"5338","Women","100 m Backstroke S12","Silver","POL",NA,NA,"Swimming",2004,NA
"5339","Women","100 m Backstroke S12","Bronze","USA",NA,NA,"Swimming",2004,NA
"5340","Women","100 m Backstroke S13","Gold","CAN",NA,NA,"Swimming",2004,NA
"5341","Women","100 m Backstroke S13","Silver","CAN",NA,NA,"Swimming",2004,NA
"5342","Women","100 m Backstroke S13","Bronze","USA",NA,NA,"Swimming",2004,NA
"5343","Women","50 m Breaststroke SB3","Gold","JPN",NA,NA,"Swimming",2004,NA
"5344","Women","50 m Breaststroke SB3","Silver","GBR",NA,NA,"Swimming",2004,NA
"5345","Women","50 m Breaststroke SB3","Bronze","AUS",NA,NA,"Swimming",2004,NA
"5346","Women","100 m Breaststroke SB4","Gold","FRA",NA,NA,"Swimming",2004,NA
"5347","Women","100 m Breaststroke SB4","Silver","ISR",NA,NA,"Swimming",2004,NA
"5348","Women","100 m Breaststroke SB4","Bronze","ESP",NA,NA,"Swimming",2004,NA
"5349","Women","100 m Breaststroke SB5","Gold","GER",NA,NA,"Swimming",2004,NA
"5350","Women","100 m Breaststroke SB5","Silver","GBR",NA,NA,"Swimming",2004,NA
"5351","Women","100 m Breaststroke SB5","Bronze","HUN",NA,NA,"Swimming",2004,NA
"5352","Women","100 m Breaststroke SB6","Gold","AUS",NA,NA,"Swimming",2004,NA
"5353","Women","100 m Breaststroke SB6","Silver","GBR",NA,NA,"Swimming",2004,NA
"5354","Women","100 m Breaststroke SB6","Bronze","USA",NA,NA,"Swimming",2004,NA
"5355","Women","100 m Breaststroke SB7","Gold","USA",NA,NA,"Swimming",2004,NA
"5356","Women","100 m Breaststroke SB7","Silver","ISL",NA,NA,"Swimming",2004,NA
"5357","Women","100 m Breaststroke SB7","Bronze","CHN",NA,NA,"Swimming",2004,NA
"5358","Women","100 m Breaststroke SB8","Gold","DEN",NA,NA,"Swimming",2004,NA
"5359","Women","100 m Breaststroke SB8","Silver","USA",NA,NA,"Swimming",2004,NA
"5360","Women","100 m Breaststroke SB8","Bronze","USA",NA,NA,"Swimming",2004,NA
"5361","Women","100 m Breaststroke SB9","Gold","CZE",NA,NA,"Swimming",2004,NA
"5362","Women","100 m Breaststroke SB9","Silver","GBR",NA,NA,"Swimming",2004,NA
"5363","Women","100 m Breaststroke SB9","Bronze","USA",NA,NA,"Swimming",2004,NA
"5364","Women","100 m Breaststroke SB11","Gold","GBR",NA,NA,"Swimming",2004,NA
"5365","Women","100 m Breaststroke SB11","Silver","GER",NA,NA,"Swimming",2004,NA
"5366","Women","100 m Breaststroke SB11","Bronze","RUS",NA,NA,"Swimming",2004,NA
"5367","Women","100 m Breaststroke SB12","Gold","ESP",NA,NA,"Swimming",2004,NA
"5368","Women","100 m Breaststroke SB12","Silver","ESP",NA,NA,"Swimming",2004,NA
"5369","Women","100 m Breaststroke SB12","Bronze","UKR",NA,NA,"Swimming",2004,NA
"5370","Women","100 m Breaststroke SB13","Gold","CYP",NA,NA,"Swimming",2004,NA
"5371","Women","100 m Breaststroke SB13","Silver","CAN",NA,NA,"Swimming",2004,NA
"5372","Women","100 m Breaststroke SB13","Bronze","AUS",NA,NA,"Swimming",2004,NA
"5373","Women","50 m Butterfly S4","Gold","SWE",NA,NA,"Swimming",2004,NA
"5374","Women","50 m Butterfly S4","Silver","MEX",NA,NA,"Swimming",2004,NA
"5375","Women","50 m Butterfly S4","Bronze","FRA",NA,NA,"Swimming",2004,NA
"5376","Women","50 m Butterfly S5","Gold","ESP",NA,NA,"Swimming",2004,NA
"5377","Women","50 m Butterfly S5","Silver","UKR",NA,NA,"Swimming",2004,NA
"5378","Women","50 m Butterfly S5","Bronze","HUN",NA,NA,"Swimming",2004,NA
"5379","Women","50 m Butterfly S6","Gold","FRA",NA,NA,"Swimming",2004,NA
"5380","Women","50 m Butterfly S6","Silver","MEX",NA,NA,"Swimming",2004,NA
"5381","Women","50 m Butterfly S6","Bronze","AUS",NA,NA,"Swimming",2004,NA
"5382","Women","50 m Butterfly S7","Gold","USA",NA,NA,"Swimming",2004,NA
"5383","Women","50 m Butterfly S7","Silver","CHN",NA,NA,"Swimming",2004,NA
"5384","Women","50 m Butterfly S7","Bronze","CAN",NA,NA,"Swimming",2004,NA
"5385","Women","100 m Butterfly S8","Gold","ITA",NA,NA,"Swimming",2004,NA
"5386","Women","100 m Butterfly S8","Silver","HUN",NA,NA,"Swimming",2004,NA
"5387","Women","100 m Butterfly S8","Bronze","CAN",NA,NA,"Swimming",2004,NA
"5388","Women","100 m Butterfly S9","Gold","RSA",NA,NA,"Swimming",2004,NA
"5389","Women","100 m Butterfly S9","Silver","CAN",NA,NA,"Swimming",2004,NA
"5390","Women","100 m Butterfly S9","Bronze","AUS",NA,NA,"Swimming",2004,NA
"5391","Women","100 m Butterfly S10","Gold","POL",NA,NA,"Swimming",2004,NA
"5392","Women","100 m Butterfly S10","Silver","POL",NA,NA,"Swimming",2004,NA
"5393","Women","100 m Butterfly S10","Bronze","GER",NA,NA,"Swimming",2004,NA
"5394","Women","100 m Butterfly S12","Gold","POL",NA,NA,"Swimming",2004,NA
"5395","Women","100 m Butterfly S12","Silver","CHN",NA,NA,"Swimming",2004,NA
"5396","Women","100 m Butterfly S12","Bronze","ESP",NA,NA,"Swimming",2004,NA
"5397","Women","100 m Butterfly S13","Gold","CAN",NA,NA,"Swimming",2004,NA
"5398","Women","100 m Butterfly S13","Silver","AUS",NA,NA,"Swimming",2004,NA
"5399","Women","100 m Butterfly S13","Bronze","GBR",NA,NA,"Swimming",2004,NA
"5400","Women","150 m Individual Medley SM4","Gold","JPN",NA,NA,"Swimming",2004,NA
"5401","Women","150 m Individual Medley SM4","Silver","GBR",NA,NA,"Swimming",2004,NA
"5402","Women","150 m Individual Medley SM4","Bronze","AUS",NA,NA,"Swimming",2004,NA
"5403","Women","200 m Individual Medley SM6","Gold","GBR",NA,NA,"Swimming",2004,NA
"5404","Women","200 m Individual Medley SM6","Silver","GBR",NA,NA,"Swimming",2004,NA
"5405","Women","200 m Individual Medley SM6","Bronze","GER",NA,NA,"Swimming",2004,NA
"5406","Women","200 m Individual Medley SM7","Gold","USA",NA,NA,"Swimming",2004,NA
"5407","Women","200 m Individual Medley SM7","Silver","CHN",NA,NA,"Swimming",2004,NA
"5408","Women","200 m Individual Medley SM7","Bronze","AUS",NA,NA,"Swimming",2004,NA
"5409","Women","200 m Individual Medley SM8","Gold","HUN",NA,NA,"Swimming",2004,NA
"5410","Women","200 m Individual Medley SM8","Silver","ITA",NA,NA,"Swimming",2004,NA
"5411","Women","200 m Individual Medley SM8","Bronze","ISR",NA,NA,"Swimming",2004,NA
"5412","Women","200 m Individual Medley SM9","Gold","RSA",NA,NA,"Swimming",2004,NA
"5413","Women","200 m Individual Medley SM9","Silver","CAN",NA,NA,"Swimming",2004,NA
"5414","Women","200 m Individual Medley SM9","Bronze","GBR",NA,NA,"Swimming",2004,NA
"5415","Women","200 m Individual Medley SM10","Gold","USA",NA,NA,"Swimming",2004,NA
"5416","Women","200 m Individual Medley SM10","Silver","GBR",NA,NA,"Swimming",2004,NA
"5417","Women","200 m Individual Medley SM10","Bronze","GER",NA,NA,"Swimming",2004,NA
"5418","Women","200 m Individual Medley SM11","Gold","RUS",NA,NA,"Swimming",2004,NA
"5419","Women","200 m Individual Medley SM11","Silver","NED",NA,NA,"Swimming",2004,NA
"5420","Women","200 m Individual Medley SM11","Bronze","GER",NA,NA,"Swimming",2004,NA
"5421","Women","200 m Individual Medley SM12","Gold","CHN",NA,NA,"Swimming",2004,NA
"5422","Women","200 m Individual Medley SM12","Silver","POL",NA,NA,"Swimming",2004,NA
"5423","Women","200 m Individual Medley SM12","Bronze","ESP",NA,NA,"Swimming",2004,NA
"5424","Women","200 m Individual Medley SM13","Gold","CAN",NA,NA,"Swimming",2004,NA
"5425","Women","200 m Individual Medley SM13","Silver","AUS",NA,NA,"Swimming",2004,NA
"5426","Women","200 m Individual Medley SM13","Bronze","CAN",NA,NA,"Swimming",2004,NA
"5427","Women","4x50 m Freestyle 20 pts","Gold","JPN","Japan",2,"Swimming",2004,NA
"5428","Women","4x50 m Freestyle 20 pts","Gold","JPN","Japan",3,"Swimming",2004,NA
"5429","Women","4x50 m Freestyle 20 pts","Gold","JPN","Japan",4,"Swimming",2004,NA
"5430","Women","4x50 m Freestyle 20 pts","Silver","GBR","Great Britain",2,"Swimming",2004,NA
"5431","Women","4x50 m Freestyle 20 pts","Silver","GBR","Great Britain",3,"Swimming",2004,NA
"5432","Women","4x50 m Freestyle 20 pts","Silver","GBR","Great Britain",4,"Swimming",2004,NA
"5433","Women","4x50 m Freestyle 20 pts","Bronze","USA","United States of America",2,"Swimming",2004,NA
"5434","Women","4x50 m Freestyle 20 pts","Bronze","USA","United States of America",3,"Swimming",2004,NA
"5435","Women","4x50 m Freestyle 20 pts","Bronze","USA","United States of America",4,"Swimming",2004,NA
"5436","Women","4x100 m Freestyle 34 pts","Gold","USA","United States of America",2,"Swimming",2004,NA
"5437","Women","4x100 m Freestyle 34 pts","Gold","USA","United States of America",3,"Swimming",2004,NA
"5438","Women","4x100 m Freestyle 34 pts","Gold","USA","United States of America",4,"Swimming",2004,NA
"5439","Women","4x100 m Freestyle 34 pts","Silver","CAN","Canada",2,"Swimming",2004,NA
"5440","Women","4x100 m Freestyle 34 pts","Silver","CAN","Canada",3,"Swimming",2004,NA
"5441","Women","4x100 m Freestyle 34 pts","Silver","CAN","Canada",4,"Swimming",2004,NA
"5442","Women","4x100 m Freestyle 34 pts","Bronze","AUS","Australia",2,"Swimming",2004,NA
"5443","Women","4x100 m Freestyle 34 pts","Bronze","AUS","Australia",3,"Swimming",2004,NA
"5444","Women","4x100 m Freestyle 34 pts","Bronze","AUS","Australia",4,"Swimming",2004,NA
"5445","Women","4x50 m Medley 20 pts","Gold","GBR","Great Britain",2,"Swimming",2004,NA
"5446","Women","4x50 m Medley 20 pts","Gold","GBR","Great Britain",3,"Swimming",2004,NA
"5447","Women","4x50 m Medley 20 pts","Gold","GBR","Great Britain",4,"Swimming",2004,NA
"5448","Women","4x50 m Medley 20 pts","Silver","ESP","Spain",2,"Swimming",2004,NA
"5449","Women","4x50 m Medley 20 pts","Silver","ESP","Spain",3,"Swimming",2004,NA
"5450","Women","4x50 m Medley 20 pts","Silver","ESP","Spain",4,"Swimming",2004,NA
"5451","Women","4x50 m Medley 20 pts","Bronze","JPN","Japan",2,"Swimming",2004,NA
"5452","Women","4x50 m Medley 20 pts","Bronze","JPN","Japan",3,"Swimming",2004,NA
"5453","Women","4x50 m Medley 20 pts","Bronze","JPN","Japan",4,"Swimming",2004,NA
"5454","Women","4x100 m Medley 34 pts","Gold","USA","United States of America",2,"Swimming",2004,NA
"5455","Women","4x100 m Medley 34 pts","Gold","USA","United States of America",3,"Swimming",2004,NA
"5456","Women","4x100 m Medley 34 pts","Gold","USA","United States of America",4,"Swimming",2004,NA
"5457","Women","4x100 m Medley 34 pts","Silver","CAN","Canada",2,"Swimming",2004,NA
"5458","Women","4x100 m Medley 34 pts","Silver","CAN","Canada",3,"Swimming",2004,NA
"5459","Women","4x100 m Medley 34 pts","Silver","CAN","Canada",4,"Swimming",2004,NA
"5460","Women","4x100 m Medley 34 pts","Bronze","AUS","Australia",2,"Swimming",2004,NA
"5461","Women","4x100 m Medley 34 pts","Bronze","AUS","Australia",3,"Swimming",2004,NA
"5462","Women","4x100 m Medley 34 pts","Bronze","AUS","Australia",4,"Swimming",2004,NA
"5463","Women","50 m Freestyle S3","Gold","MEX",NA,NA,"Swimming",2008,NA
"5464","Women","50 m Freestyle S3","Silver","SGP",NA,NA,"Swimming",2008,NA
"5465","Women","50 m Freestyle S3","Bronze","GBR",NA,NA,"Swimming",2008,NA
"5466","Women","50 m Freestyle S4","Gold","MEX",NA,NA,"Swimming",2008,NA
"5467","Women","50 m Freestyle S4","Silver","USA",NA,NA,"Swimming",2008,NA
"5468","Women","50 m Freestyle S4","Bronze","BRA",NA,NA,"Swimming",2008,NA
"5469","Women","50 m Freestyle S5","Gold","ESP",NA,NA,"Swimming",2008,NA
"5470","Women","50 m Freestyle S5","Silver","CZE",NA,NA,"Swimming",2008,NA
"5471","Women","50 m Freestyle S5","Bronze","UKR",NA,NA,"Swimming",2008,NA
"5472","Women","50 m Freestyle S6","Gold","NED",NA,NA,"Swimming",2008,NA
"5473","Women","50 m Freestyle S6","Silver","MEX",NA,NA,"Swimming",2008,NA
"5474","Women","50 m Freestyle S6","Bronze","GBR",NA,NA,"Swimming",2008,NA
"5475","Women","50 m Freestyle S7","Gold","USA",NA,NA,"Swimming",2008,NA
"5476","Women","50 m Freestyle S7","Silver","USA",NA,NA,"Swimming",2008,NA
"5477","Women","50 m Freestyle S7","Bronze","GER",NA,NA,"Swimming",2008,NA
"5478","Women","50 m Freestyle S8","Gold","NOR",NA,NA,"Swimming",2008,NA
"5479","Women","50 m Freestyle S8","Silver","USA",NA,NA,"Swimming",2008,NA
"5480","Women","50 m Freestyle S8","Bronze","AUS",NA,NA,"Swimming",2008,NA
"5481","Women","50 m Freestyle S9","Gold","RSA",NA,NA,"Swimming",2008,NA
"5482","Women","50 m Freestyle S9","Silver","RUS",NA,NA,"Swimming",2008,NA
"5483","Women","50 m Freestyle S9","Bronze","GBR",NA,NA,"Swimming",2008,NA
"5484","Women","50 m Freestyle S10","Gold","CAN",NA,NA,"Swimming",2008,NA
"5485","Women","50 m Freestyle S10","Silver","POL",NA,NA,"Swimming",2008,NA
"5486","Women","50 m Freestyle S10","Bronze","AUS",NA,NA,"Swimming",2008,NA
"5487","Women","50 m Freestyle S11","Gold","ITA",NA,NA,"Swimming",2008,NA
"5488","Women","50 m Freestyle S11","Silver","ITA",NA,NA,"Swimming",2008,NA
"5489","Women","50 m Freestyle S11","Bronze","BRA",NA,NA,"Swimming",2008,NA
"5490","Women","50 m Freestyle S12","Gold","RUS",NA,NA,"Swimming",2008,NA
"5491","Women","50 m Freestyle S12","Silver","RUS",NA,NA,"Swimming",2008,NA
"5492","Women","50 m Freestyle S12","Bronze","ESP",NA,NA,"Swimming",2008,NA
"5493","Women","50 m Freestyle S13","Gold","USA",NA,NA,"Swimming",2008,NA
"5494","Women","50 m Freestyle S13","Silver","CAN",NA,NA,"Swimming",2008,NA
"5495","Women","50 m Freestyle S13","Bronze","UKR",NA,NA,"Swimming",2008,NA
"5496","Women","100 m Freestyle S4","Gold","MEX",NA,NA,"Swimming",2008,NA
"5497","Women","100 m Freestyle S4","Silver","USA",NA,NA,"Swimming",2008,NA
"5498","Women","100 m Freestyle S4","Bronze","USA",NA,NA,"Swimming",2008,NA
"5499","Women","100 m Freestyle S5","Gold","ESP",NA,NA,"Swimming",2008,NA
"5500","Women","100 m Freestyle S5","Silver","ISR",NA,NA,"Swimming",2008,NA
"5501","Women","100 m Freestyle S5","Bronze","CZE",NA,NA,"Swimming",2008,NA
"5502","Women","100 m Freestyle S6","Gold","GBR",NA,NA,"Swimming",2008,NA
"5503","Women","100 m Freestyle S6","Silver","NED",NA,NA,"Swimming",2008,NA
"5504","Women","100 m Freestyle S6","Bronze","MEX",NA,NA,"Swimming",2008,NA
"5505","Women","100 m Freestyle S7","Gold","USA",NA,NA,"Swimming",2008,NA
"5506","Women","100 m Freestyle S7","Silver","USA",NA,NA,"Swimming",2008,NA
"5507","Women","100 m Freestyle S7","Bronze","GER",NA,NA,"Swimming",2008,NA
"5508","Women","100 m Freestyle S8","Gold","USA",NA,NA,"Swimming",2008,NA
"5509","Women","100 m Freestyle S8","Silver","GBR",NA,NA,"Swimming",2008,NA
"5510","Women","100 m Freestyle S8","Bronze","AUS",NA,NA,"Swimming",2008,NA
"5511","Women","100 m Freestyle S9","Gold","RSA",NA,NA,"Swimming",2008,NA
"5512","Women","100 m Freestyle S9","Silver","GBR",NA,NA,"Swimming",2008,NA
"5513","Women","100 m Freestyle S9","Bronze","CAN",NA,NA,"Swimming",2008,NA
"5514","Women","100 m Freestyle S10","Gold","USA",NA,NA,"Swimming",2008,NA
"5515","Women","100 m Freestyle S10","Silver","POL",NA,NA,"Swimming",2008,NA
"5516","Women","100 m Freestyle S10","Bronze","USA",NA,NA,"Swimming",2008,NA
"5517","Women","100 m Freestyle S11","Gold","CHN",NA,NA,"Swimming",2008,NA
"5518","Women","100 m Freestyle S11","Silver","ITA",NA,NA,"Swimming",2008,NA
"5519","Women","100 m Freestyle S11","Bronze","GER",NA,NA,"Swimming",2008,NA
"5520","Women","100 m Freestyle S12","Gold","RUS",NA,NA,"Swimming",2008,NA
"5521","Women","100 m Freestyle S12","Silver","RUS",NA,NA,"Swimming",2008,NA
"5522","Women","100 m Freestyle S12","Bronze","POL",NA,NA,"Swimming",2008,NA
"5523","Women","100 m Freestyle S13","Gold","CAN",NA,NA,"Swimming",2008,NA
"5524","Women","100 m Freestyle S13","Silver","CAN",NA,NA,"Swimming",2008,NA
"5525","Women","100 m Freestyle S13","Bronze","USA",NA,NA,"Swimming",2008,NA
"5526","Women","200 m Freestyle S5","Gold","ESP",NA,NA,"Swimming",2008,NA
"5527","Women","200 m Freestyle S5","Silver","ISR",NA,NA,"Swimming",2008,NA
"5528","Women","200 m Freestyle S5","Bronze","UKR",NA,NA,"Swimming",2008,NA
"5529","Women","400 m Freestyle S6","Gold","GBR",NA,NA,"Swimming",2008,NA
"5530","Women","400 m Freestyle S6","Silver","NED",NA,NA,"Swimming",2008,NA
"5531","Women","400 m Freestyle S6","Bronze","GER",NA,NA,"Swimming",2008,NA
"5532","Women","400 m Freestyle S7","Gold","USA",NA,NA,"Swimming",2008,NA
"5533","Women","400 m Freestyle S7","Silver","USA",NA,NA,"Swimming",2008,NA
"5534","Women","400 m Freestyle S7","Bronze","GER",NA,NA,"Swimming",2008,NA
"5535","Women","400 m Freestyle S8","Gold","USA",NA,NA,"Swimming",2008,NA
"5536","Women","400 m Freestyle S8","Silver","GBR",NA,NA,"Swimming",2008,NA
"5537","Women","400 m Freestyle S8","Bronze","AUS",NA,NA,"Swimming",2008,NA
"5538","Women","400 m Freestyle S9","Gold","RSA",NA,NA,"Swimming",2008,NA
"5539","Women","400 m Freestyle S9","Silver","CAN",NA,NA,"Swimming",2008,NA
"5540","Women","400 m Freestyle S9","Bronze","AUS",NA,NA,"Swimming",2008,NA
"5541","Women","400 m Freestyle S10","Gold","POL",NA,NA,"Swimming",2008,NA
"5542","Women","400 m Freestyle S10","Silver","USA",NA,NA,"Swimming",2008,NA
"5543","Women","400 m Freestyle S10","Bronze","USA",NA,NA,"Swimming",2008,NA
"5544","Women","400 m Freestyle S13","Gold","CAN",NA,NA,"Swimming",2008,NA
"5545","Women","400 m Freestyle S13","Silver","RUS",NA,NA,"Swimming",2008,NA
"5546","Women","400 m Freestyle S13","Bronze","CAN",NA,NA,"Swimming",2008,NA
"5547","Women","400 m Freestyle S13","Bronze","USA",NA,NA,"Swimming",2008,NA
"5548","Women","50 m Backstroke S2","Gold","UKR",NA,NA,"Swimming",2008,NA
"5549","Women","50 m Backstroke S2","Silver","UKR",NA,NA,"Swimming",2008,NA
"5550","Women","50 m Backstroke S2","Bronze","ESP",NA,NA,"Swimming",2008,NA
"5551","Women","50 m Backstroke S3","Gold","SGP",NA,NA,"Swimming",2008,NA
"5552","Women","50 m Backstroke S3","Silver","GBR",NA,NA,"Swimming",2008,NA
"5553","Women","50 m Backstroke S3","Bronze","CHN",NA,NA,"Swimming",2008,NA
"5554","Women","50 m Backstroke S5","Gold","CZE",NA,NA,"Swimming",2008,NA
"5555","Women","50 m Backstroke S5","Silver","ESP",NA,NA,"Swimming",2008,NA
"5556","Women","50 m Backstroke S5","Bronze","DEN",NA,NA,"Swimming",2008,NA
"5557","Women","100 m Backstroke S6","Gold","NED",NA,NA,"Swimming",2008,NA
"5558","Women","100 m Backstroke S6","Silver","GBR",NA,NA,"Swimming",2008,NA
"5559","Women","100 m Backstroke S6","Bronze","CHN",NA,NA,"Swimming",2008,NA
"5560","Women","100 m Backstroke S7","Gold","AUS",NA,NA,"Swimming",2008,NA
"5561","Women","100 m Backstroke S7","Silver","GER",NA,NA,"Swimming",2008,NA
"5562","Women","100 m Backstroke S7","Bronze","NED",NA,NA,"Swimming",2008,NA
"5563","Women","100 m Backstroke S8","Gold","GBR",NA,NA,"Swimming",2008,NA
"5564","Women","100 m Backstroke S8","Silver","USA",NA,NA,"Swimming",2008,NA
"5565","Women","100 m Backstroke S8","Bronze","NOR",NA,NA,"Swimming",2008,NA
"5566","Women","100 m Backstroke S9","Gold","CAN",NA,NA,"Swimming",2008,NA
"5567","Women","100 m Backstroke S9","Silver","USA",NA,NA,"Swimming",2008,NA
"5568","Women","100 m Backstroke S9","Bronze","AUS",NA,NA,"Swimming",2008,NA
"5569","Women","100 m Backstroke S10","Gold","RSA",NA,NA,"Swimming",2008,NA
"5570","Women","100 m Backstroke S10","Gold","NZL",NA,NA,"Swimming",2008,NA
"5571","Women","100 m Backstroke S10","Bronze","ESP",NA,NA,"Swimming",2008,NA
"5572","Women","100 m Backstroke S13","Gold","CAN",NA,NA,"Swimming",2008,NA
"5573","Women","100 m Backstroke S13","Silver","CAN",NA,NA,"Swimming",2008,NA
"5574","Women","100 m Backstroke S13","Bronze","RUS",NA,NA,"Swimming",2008,NA
"5575","Women","100 m Breaststroke SB4","Gold","CZE",NA,NA,"Swimming",2008,NA
"5576","Women","100 m Breaststroke SB4","Silver","ISR",NA,NA,"Swimming",2008,NA
"5577","Women","100 m Breaststroke SB4","Bronze","ESP",NA,NA,"Swimming",2008,NA
"5578","Women","100 m Breaststroke SB5","Gold","GER",NA,NA,"Swimming",2008,NA
"5579","Women","100 m Breaststroke SB5","Silver","FRA",NA,NA,"Swimming",2008,NA
"5580","Women","100 m Breaststroke SB5","Bronze","HUN",NA,NA,"Swimming",2008,NA
"5581","Women","100 m Breaststroke SB6","Gold","GBR",NA,NA,"Swimming",2008,NA
"5582","Women","100 m Breaststroke SB6","Silver","AUS",NA,NA,"Swimming",2008,NA
"5583","Women","100 m Breaststroke SB6","Bronze","USA",NA,NA,"Swimming",2008,NA
"5584","Women","100 m Breaststroke SB7","Gold","USA",NA,NA,"Swimming",2008,NA
"5585","Women","100 m Breaststroke SB7","Silver","CHN",NA,NA,"Swimming",2008,NA
"5586","Women","100 m Breaststroke SB7","Bronze","USA",NA,NA,"Swimming",2008,NA
"5587","Women","100 m Breaststroke SB8","Gold","RUS",NA,NA,"Swimming",2008,NA
"5588","Women","100 m Breaststroke SB8","Silver","POL",NA,NA,"Swimming",2008,NA
"5589","Women","100 m Breaststroke SB8","Bronze","GBR",NA,NA,"Swimming",2008,NA
"5590","Women","100 m Breaststroke SB9","Gold","NZL",NA,NA,"Swimming",2008,NA
"5591","Women","100 m Breaststroke SB9","Silver","ESP",NA,NA,"Swimming",2008,NA
"5592","Women","100 m Breaststroke SB9","Bronze","GBR",NA,NA,"Swimming",2008,NA
"5593","Women","100 m Breaststroke SB12","Gold","CYP",NA,NA,"Swimming",2008,NA
"5594","Women","100 m Breaststroke SB12","Silver","ESP",NA,NA,"Swimming",2008,NA
"5595","Women","100 m Breaststroke SB12","Bronze","UKR",NA,NA,"Swimming",2008,NA
"5596","Women","50 m Butterfly S6","Gold","CHN",NA,NA,"Swimming",2008,NA
"5597","Women","50 m Butterfly S6","Silver","RUS",NA,NA,"Swimming",2008,NA
"5598","Women","50 m Butterfly S6","Bronze","UKR",NA,NA,"Swimming",2008,NA
"5599","Women","50 m Butterfly S7","Gold","CHN",NA,NA,"Swimming",2008,NA
"5600","Women","50 m Butterfly S7","Silver","USA",NA,NA,"Swimming",2008,NA
"5601","Women","50 m Butterfly S7","Bronze","BRA",NA,NA,"Swimming",2008,NA
"5602","Women","100 m Butterfly S8","Gold","USA",NA,NA,"Swimming",2008,NA
"5603","Women","100 m Butterfly S8","Silver","USA",NA,NA,"Swimming",2008,NA
"5604","Women","100 m Butterfly S8","Bronze","CHN",NA,NA,"Swimming",2008,NA
"5605","Women","100 m Butterfly S9","Gold","RSA",NA,NA,"Swimming",2008,NA
"5606","Women","100 m Butterfly S9","Silver","AUS",NA,NA,"Swimming",2008,NA
"5607","Women","100 m Butterfly S9","Bronze","AUS",NA,NA,"Swimming",2008,NA
"5608","Women","100 m Butterfly S10","Gold","USA",NA,NA,"Swimming",2008,NA
"5609","Women","100 m Butterfly S10","Silver","NZL",NA,NA,"Swimming",2008,NA
"5610","Women","100 m Butterfly S10","Bronze","CHN",NA,NA,"Swimming",2008,NA
"5611","Women","100 m Butterfly S12","Gold","POL",NA,NA,"Swimming",2008,NA
"5612","Women","100 m Butterfly S12","Silver","ESP",NA,NA,"Swimming",2008,NA
"5613","Women","100 m Butterfly S12","Bronze","UKR",NA,NA,"Swimming",2008,NA
"5614","Women","100 m Butterfly S13","Gold","CAN",NA,NA,"Swimming",2008,NA
"5615","Women","100 m Butterfly S13","Silver","CAN",NA,NA,"Swimming",2008,NA
"5616","Women","100 m Butterfly S13","Bronze","CAN",NA,NA,"Swimming",2008,NA
"5617","Women","150 m Individual Medley SM4","Gold","DEN",NA,NA,"Swimming",2008,NA
"5618","Women","150 m Individual Medley SM4","Silver","AUS",NA,NA,"Swimming",2008,NA
"5619","Women","150 m Individual Medley SM4","Bronze","MEX",NA,NA,"Swimming",2008,NA
"5620","Women","200 m Individual Medley SM6","Gold","USA",NA,NA,"Swimming",2008,NA
"5621","Women","200 m Individual Medley SM6","Silver","GER",NA,NA,"Swimming",2008,NA
"5622","Women","200 m Individual Medley SM6","Bronze","GBR",NA,NA,"Swimming",2008,NA
"5623","Women","200 m Individual Medley SM7","Gold","USA",NA,NA,"Swimming",2008,NA
"5624","Women","200 m Individual Medley SM7","Silver","CHN",NA,NA,"Swimming",2008,NA
"5625","Women","200 m Individual Medley SM7","Bronze","USA",NA,NA,"Swimming",2008,NA
"5626","Women","200 m Individual Medley SM8","Gold","USA",NA,NA,"Swimming",2008,NA
"5627","Women","200 m Individual Medley SM8","Silver","USA",NA,NA,"Swimming",2008,NA
"5628","Women","200 m Individual Medley SM8","Bronze","GBR",NA,NA,"Swimming",2008,NA
"5629","Women","200 m Individual Medley SM9","Gold","RSA",NA,NA,"Swimming",2008,NA
"5630","Women","200 m Individual Medley SM9","Silver","CAN",NA,NA,"Swimming",2008,NA
"5631","Women","200 m Individual Medley SM9","Bronze","GBR",NA,NA,"Swimming",2008,NA
"5632","Women","200 m Individual Medley SM10","Gold","NZL",NA,NA,"Swimming",2008,NA
"5633","Women","200 m Individual Medley SM10","Silver","FRA",NA,NA,"Swimming",2008,NA
"5634","Women","200 m Individual Medley SM10","Bronze","POL",NA,NA,"Swimming",2008,NA
"5635","Women","200 m Individual Medley SM12","Gold","RUS",NA,NA,"Swimming",2008,NA
"5636","Women","200 m Individual Medley SM12","Silver","POL",NA,NA,"Swimming",2008,NA
"5637","Women","200 m Individual Medley SM12","Bronze","CYP",NA,NA,"Swimming",2008,NA
"5638","Women","200 m Individual Medley SM13","Gold","CAN",NA,NA,"Swimming",2008,NA
"5639","Women","200 m Individual Medley SM13","Silver","CAN",NA,NA,"Swimming",2008,NA
"5640","Women","200 m Individual Medley SM13","Bronze","CAN",NA,NA,"Swimming",2008,NA
"5641","Women","50 m Freestyle S3","Gold","CHN",NA,NA,"Swimming",2012,NA
"5642","Women","50 m Freestyle S3","Silver","UKR",NA,NA,"Swimming",2012,NA
"5643","Women","50 m Freestyle S3","Bronze","MEX",NA,NA,"Swimming",2012,NA
"5644","Women","50 m Freestyle S5","Gold","UKR",NA,NA,"Swimming",2012,NA
"5645","Women","50 m Freestyle S5","Silver","ESP",NA,NA,"Swimming",2012,NA
"5646","Women","50 m Freestyle S5","Bronze","ISR",NA,NA,"Swimming",2012,NA
"5647","Women","50 m Freestyle S6","Gold","NED",NA,NA,"Swimming",2012,NA
"5648","Women","50 m Freestyle S6","Silver","USA",NA,NA,"Swimming",2012,NA
"5649","Women","50 m Freestyle S6","Bronze","GBR",NA,NA,"Swimming",2012,NA
"5650","Women","50 m Freestyle S7","Gold","AUS",NA,NA,"Swimming",2012,NA
"5651","Women","50 m Freestyle S7","Silver","USA",NA,NA,"Swimming",2012,NA
"5652","Women","50 m Freestyle S7","Bronze","UKR",NA,NA,"Swimming",2012,NA
"5653","Women","50 m Freestyle S8","Gold","USA",NA,NA,"Swimming",2012,NA
"5654","Women","50 m Freestyle S8","Silver","AUS",NA,NA,"Swimming",2012,NA
"5655","Women","50 m Freestyle S8","Bronze","CHN",NA,NA,"Swimming",2012,NA
"5656","Women","50 m Freestyle S9","Gold","CHN",NA,NA,"Swimming",2012,NA
"5657","Women","50 m Freestyle S9","Silver","GBR",NA,NA,"Swimming",2012,NA
"5658","Women","50 m Freestyle S9","Bronze","AUS",NA,NA,"Swimming",2012,NA
"5659","Women","50 m Freestyle S10","Gold","CAN",NA,NA,"Swimming",2012,NA
"5660","Women","50 m Freestyle S10","Silver","NZL",NA,NA,"Swimming",2012,NA
"5661","Women","50 m Freestyle S10","Bronze","FRA",NA,NA,"Swimming",2012,NA
"5662","Women","50 m Freestyle S11","Gold","ITA",NA,NA,"Swimming",2012,NA
"5663","Women","50 m Freestyle S11","Silver","CHN",NA,NA,"Swimming",2012,NA
"5664","Women","50 m Freestyle S11","Bronze","NZL",NA,NA,"Swimming",2012,NA
"5665","Women","50 m Freestyle S12","Gold","RUS",NA,NA,"Swimming",2012,NA
"5666","Women","50 m Freestyle S12","Silver","AZE",NA,NA,"Swimming",2012,NA
"5667","Women","50 m Freestyle S12","Bronze","RUS",NA,NA,"Swimming",2012,NA
"5668","Women","50 m Freestyle S13","Gold","USA",NA,NA,"Swimming",2012,NA
"5669","Women","50 m Freestyle S13","Silver","CAN",NA,NA,"Swimming",2012,NA
"5670","Women","50 m Freestyle S13","Bronze","AUS",NA,NA,"Swimming",2012,NA
"5671","Women","100 m Freestyle S3","Gold","CHN",NA,NA,"Swimming",2012,NA
"5672","Women","100 m Freestyle S3","Silver","UKR",NA,NA,"Swimming",2012,NA
"5673","Women","100 m Freestyle S3","Bronze","MEX",NA,NA,"Swimming",2012,NA
"5674","Women","100 m Freestyle S5","Gold","ESP",NA,NA,"Swimming",2012,NA
"5675","Women","100 m Freestyle S5","Silver","UKR",NA,NA,"Swimming",2012,NA
"5676","Women","100 m Freestyle S5","Bronze","ISR",NA,NA,"Swimming",2012,NA
"5677","Women","100 m Freestyle S6","Gold","USA",NA,NA,"Swimming",2012,NA
"5678","Women","100 m Freestyle S6","Silver","GBR",NA,NA,"Swimming",2012,NA
"5679","Women","100 m Freestyle S6","Bronze","GER",NA,NA,"Swimming",2012,NA
"5680","Women","100 m Freestyle S7","Gold","AUS",NA,NA,"Swimming",2012,NA
"5681","Women","100 m Freestyle S7","Silver","USA",NA,NA,"Swimming",2012,NA
"5682","Women","100 m Freestyle S7","Bronze","GBR",NA,NA,"Swimming",2012,NA
"5683","Women","100 m Freestyle S8","Gold","USA",NA,NA,"Swimming",2012,NA
"5684","Women","100 m Freestyle S8","Silver","GBR",NA,NA,"Swimming",2012,NA
"5685","Women","100 m Freestyle S8","Bronze","AUS",NA,NA,"Swimming",2012,NA
"5686","Women","100 m Freestyle S9","Gold","AUS",NA,NA,"Swimming",2012,NA
"5687","Women","100 m Freestyle S9","Silver","RSA",NA,NA,"Swimming",2012,NA
"5688","Women","100 m Freestyle S9","Bronze","ESP",NA,NA,"Swimming",2012,NA
"5689","Women","100 m Freestyle S10","Gold","NZL",NA,NA,"Swimming",2012,NA
"5690","Women","100 m Freestyle S10","Silver","FRA",NA,NA,"Swimming",2012,NA
"5691","Women","100 m Freestyle S10","Bronze","CAN",NA,NA,"Swimming",2012,NA
"5692","Women","100 m Freestyle S11","Gold","ITA",NA,NA,"Swimming",2012,NA
"5693","Women","100 m Freestyle S11","Silver","NZL",NA,NA,"Swimming",2012,NA
"5694","Women","100 m Freestyle S11","Bronze","CHN",NA,NA,"Swimming",2012,NA
"5695","Women","100 m Freestyle S12","Gold","RUS",NA,NA,"Swimming",2012,NA
"5696","Women","100 m Freestyle S12","Silver","AZE",NA,NA,"Swimming",2012,NA
"5697","Women","100 m Freestyle S12","Bronze","RUS",NA,NA,"Swimming",2012,NA
"5698","Women","100 m Freestyle S13","Gold","USA",NA,NA,"Swimming",2012,NA
"5699","Women","100 m Freestyle S13","Silver","CAN",NA,NA,"Swimming",2012,NA
"5700","Women","100 m Freestyle S13","Bronze","USA",NA,NA,"Swimming",2012,NA
"5701","Women","200 m Freestyle S5","Gold","NOR",NA,NA,"Swimming",2012,NA
"5702","Women","200 m Freestyle S5","Silver","ESP",NA,NA,"Swimming",2012,NA
"5703","Women","200 m Freestyle S5","Bronze","ISR",NA,NA,"Swimming",2012,NA
"5704","Women","200 m Freestyle S14","Gold","GBR",NA,NA,"Swimming",2012,NA
"5705","Women","200 m Freestyle S14","Silver","AUS",NA,NA,"Swimming",2012,NA
"5706","Women","200 m Freestyle S14","Bronze","NED",NA,NA,"Swimming",2012,NA
"5707","Women","400 m Freestyle S6","Gold","GBR",NA,NA,"Swimming",2012,NA
"5708","Women","400 m Freestyle S6","Silver","USA",NA,NA,"Swimming",2012,NA
"5709","Women","400 m Freestyle S6","Bronze","CHN",NA,NA,"Swimming",2012,NA
"5710","Women","400 m Freestyle S7","Gold","AUS",NA,NA,"Swimming",2012,NA
"5711","Women","400 m Freestyle S7","Silver","USA",NA,NA,"Swimming",2012,NA
"5712","Women","400 m Freestyle S7","Bronze","GBR",NA,NA,"Swimming",2012,NA
"5713","Women","400 m Freestyle S8","Gold","USA",NA,NA,"Swimming",2012,NA
"5714","Women","400 m Freestyle S8","Silver","GBR",NA,NA,"Swimming",2012,NA
"5715","Women","400 m Freestyle S8","Bronze","AUS",NA,NA,"Swimming",2012,NA
"5716","Women","400 m Freestyle S9","Gold","RSA",NA,NA,"Swimming",2012,NA
"5717","Women","400 m Freestyle S9","Silver","GBR",NA,NA,"Swimming",2012,NA
"5718","Women","400 m Freestyle S9","Bronze","AUS",NA,NA,"Swimming",2012,NA
"5719","Women","400 m Freestyle S10","Gold","FRA",NA,NA,"Swimming",2012,NA
"5720","Women","400 m Freestyle S10","Silver","CAN",NA,NA,"Swimming",2012,NA
"5721","Women","400 m Freestyle S10","Bronze","USA",NA,NA,"Swimming",2012,NA
"5722","Women","400 m Freestyle S11","Gold","GER",NA,NA,"Swimming",2012,NA
"5723","Women","400 m Freestyle S11","Silver","CAN",NA,NA,"Swimming",2012,NA
"5724","Women","400 m Freestyle S11","Bronze","ITA",NA,NA,"Swimming",2012,NA
"5725","Women","400 m Freestyle S12","Gold","RUS",NA,NA,"Swimming",2012,NA
"5726","Women","400 m Freestyle S12","Silver","GBR",NA,NA,"Swimming",2012,NA
"5727","Women","400 m Freestyle S12","Bronze","ESP",NA,NA,"Swimming",2012,NA
"5728","Women","50 m Backstroke S2","Gold","CHN",NA,NA,"Swimming",2012,NA
"5729","Women","50 m Backstroke S2","Silver","UKR",NA,NA,"Swimming",2012,NA
"5730","Women","50 m Backstroke S2","Bronze","UKR",NA,NA,"Swimming",2012,NA
"5731","Women","50 m Backstroke S4","Gold","NED",NA,NA,"Swimming",2012,NA
"5732","Women","50 m Backstroke S4","Silver","BRA",NA,NA,"Swimming",2012,NA
"5733","Women","50 m Backstroke S4","Bronze","CHN",NA,NA,"Swimming",2012,NA
"5734","Women","100 m Backstroke S6","Gold","CHN",NA,NA,"Swimming",2012,NA
"5735","Women","100 m Backstroke S6","Silver","GBR",NA,NA,"Swimming",2012,NA
"5736","Women","100 m Backstroke S6","Bronze","NED",NA,NA,"Swimming",2012,NA
"5737","Women","100 m Backstroke S7","Gold","AUS",NA,NA,"Swimming",2012,NA
"5738","Women","100 m Backstroke S7","Silver","GER",NA,NA,"Swimming",2012,NA
"5739","Women","100 m Backstroke S7","Bronze","USA",NA,NA,"Swimming",2012,NA
"5740","Women","100 m Backstroke S8","Gold","GBR",NA,NA,"Swimming",2012,NA
"5741","Women","100 m Backstroke S8","Silver","USA",NA,NA,"Swimming",2012,NA
"5742","Women","100 m Backstroke S8","Bronze","RUS",NA,NA,"Swimming",2012,NA
"5743","Women","100 m Backstroke S9","Gold","AUS",NA,NA,"Swimming",2012,NA
"5744","Women","100 m Backstroke S9","Silver","GBR",NA,NA,"Swimming",2012,NA
"5745","Women","100 m Backstroke S9","Bronze","USA",NA,NA,"Swimming",2012,NA
"5746","Women","100 m Backstroke S10","Gold","CAN",NA,NA,"Swimming",2012,NA
"5747","Women","100 m Backstroke S10","Silver","NZL",NA,NA,"Swimming",2012,NA
"5748","Women","100 m Backstroke S10","Bronze","RSA",NA,NA,"Swimming",2012,NA
"5749","Women","100 m Backstroke S11","Gold","JPN",NA,NA,"Swimming",2012,NA
"5750","Women","100 m Backstroke S11","Silver","NZL",NA,NA,"Swimming",2012,NA
"5751","Women","100 m Backstroke S11","Bronze","ITA",NA,NA,"Swimming",2012,NA
"5752","Women","100 m Backstroke S12","Gold","RUS",NA,NA,"Swimming",2012,NA
"5753","Women","100 m Backstroke S12","Silver","AZE",NA,NA,"Swimming",2012,NA
"5754","Women","100 m Backstroke S12","Bronze","GBR",NA,NA,"Swimming",2012,NA
"5755","Women","100 m Backstroke S14","Gold","IRL",NA,NA,"Swimming",2012,NA
"5756","Women","100 m Backstroke S14","Silver","AUS",NA,NA,"Swimming",2012,NA
"5757","Women","100 m Backstroke S14","Bronze","NED",NA,NA,"Swimming",2012,NA
"5758","Women","100 m Breaststroke SB4","Gold","UKR",NA,NA,"Swimming",2012,NA
"5759","Women","100 m Breaststroke SB4","Silver","NOR",NA,NA,"Swimming",2012,NA
"5760","Women","100 m Breaststroke SB4","Bronze","ESP",NA,NA,"Swimming",2012,NA
"5761","Women","100 m Breaststroke SB5","Gold","GER",NA,NA,"Swimming",2012,NA
"5762","Women","100 m Breaststroke SB5","Silver","CHN",NA,NA,"Swimming",2012,NA
"5763","Women","100 m Breaststroke SB5","Bronze","USA",NA,NA,"Swimming",2012,NA
"5764","Women","100 m Breaststroke SB6","Gold","UKR",NA,NA,"Swimming",2012,NA
"5765","Women","100 m Breaststroke SB6","Silver","GBR",NA,NA,"Swimming",2012,NA
"5766","Women","100 m Breaststroke SB6","Bronze","GBR",NA,NA,"Swimming",2012,NA
"5767","Women","100 m Breaststroke SB7","Gold","USA",NA,NA,"Swimming",2012,NA
"5768","Women","100 m Breaststroke SB7","Silver","UKR",NA,NA,"Swimming",2012,NA
"5769","Women","100 m Breaststroke SB7","Bronze","NED",NA,NA,"Swimming",2012,NA
"5770","Women","100 m Breaststroke SB8","Gold","RUS",NA,NA,"Swimming",2012,NA
"5771","Women","100 m Breaststroke SB8","Silver","GBR",NA,NA,"Swimming",2012,NA
"5772","Women","100 m Breaststroke SB8","Bronze","POL",NA,NA,"Swimming",2012,NA
"5773","Women","100 m Breaststroke SB9","Gold","UKR",NA,NA,"Swimming",2012,NA
"5774","Women","100 m Breaststroke SB9","Silver","NZL",NA,NA,"Swimming",2012,NA
"5775","Women","100 m Breaststroke SB9","Bronze","GBR",NA,NA,"Swimming",2012,NA
"5776","Women","100 m Breaststroke SB11","Gold","SWE",NA,NA,"Swimming",2012,NA
"5777","Women","100 m Breaststroke SB11","Silver","UKR",NA,NA,"Swimming",2012,NA
"5778","Women","100 m Breaststroke SB11","Bronze","ARG",NA,NA,"Swimming",2012,NA
"5779","Women","100 m Breaststroke SB12","Gold","AZE",NA,NA,"Swimming",2012,NA
"5780","Women","100 m Breaststroke SB12","Silver","CYP",NA,NA,"Swimming",2012,NA
"5781","Women","100 m Breaststroke SB12","Bronze","UKR",NA,NA,"Swimming",2012,NA
"5782","Women","100 m Breaststroke SB13","Gold","AUS",NA,NA,"Swimming",2012,NA
"5783","Women","100 m Breaststroke SB13","Silver","GER",NA,NA,"Swimming",2012,NA
"5784","Women","100 m Breaststroke SB13","Bronze","USA",NA,NA,"Swimming",2012,NA
"5785","Women","100 m Breaststroke SB14","Gold","ESP",NA,NA,"Swimming",2012,NA
"5786","Women","100 m Breaststroke SB14","Silver","NED",NA,NA,"Swimming",2012,NA
"5787","Women","100 m Breaststroke SB14","Bronze","HKG",NA,NA,"Swimming",2012,NA
"5788","Women","50 m Butterfly S5","Gold","NOR",NA,NA,"Swimming",2012,NA
"5789","Women","50 m Butterfly S5","Silver","ESP",NA,NA,"Swimming",2012,NA
"5790","Women","50 m Butterfly S5","Bronze","BRA",NA,NA,"Swimming",2012,NA
"5791","Women","50 m Butterfly S6","Gold","UKR",NA,NA,"Swimming",2012,NA
"5792","Women","50 m Butterfly S6","Silver","CHN",NA,NA,"Swimming",2012,NA
"5793","Women","50 m Butterfly S6","Bronze","CHN",NA,NA,"Swimming",2012,NA
"5794","Women","50 m Butterfly S7","Gold","AUS",NA,NA,"Swimming",2012,NA
"5795","Women","50 m Butterfly S7","Silver","CAN",NA,NA,"Swimming",2012,NA
"5796","Women","50 m Butterfly S7","Bronze","CHN",NA,NA,"Swimming",2012,NA
"5797","Women","100 m Butterfly S8","Gold","USA",NA,NA,"Swimming",2012,NA
"5798","Women","100 m Butterfly S8","Silver","UKR",NA,NA,"Swimming",2012,NA
"5799","Women","100 m Butterfly S8","Bronze","CHN",NA,NA,"Swimming",2012,NA
"5800","Women","100 m Butterfly S9","Gold","RSA",NA,NA,"Swimming",2012,NA
"5801","Women","100 m Butterfly S9","Silver","ESP",NA,NA,"Swimming",2012,NA
"5802","Women","100 m Butterfly S9","Bronze","USA",NA,NA,"Swimming",2012,NA
"5803","Women","100 m Butterfly S10","Gold","NZL",NA,NA,"Swimming",2012,NA
"5804","Women","100 m Butterfly S10","Silver","POL",NA,NA,"Swimming",2012,NA
"5805","Women","100 m Butterfly S10","Bronze","FRA",NA,NA,"Swimming",2012,NA
"5806","Women","100 m Butterfly S12","Gold","POL",NA,NA,"Swimming",2012,NA
"5807","Women","100 m Butterfly S12","Silver","RUS",NA,NA,"Swimming",2012,NA
"5808","Women","100 m Butterfly S12","Bronze","GBR",NA,NA,"Swimming",2012,NA
"5809","Women","200 m Individual Medley SM5","Gold","UKR",NA,NA,"Swimming",2012,NA
"5810","Women","200 m Individual Medley SM5","Silver","NOR",NA,NA,"Swimming",2012,NA
"5811","Women","200 m Individual Medley SM5","Bronze","ESP",NA,NA,"Swimming",2012,NA
"5812","Women","200 m Individual Medley SM6","Gold","GBR",NA,NA,"Swimming",2012,NA
"5813","Women","200 m Individual Medley SM6","Silver","GER",NA,NA,"Swimming",2012,NA
"5814","Women","200 m Individual Medley SM6","Bronze","GBR",NA,NA,"Swimming",2012,NA
"5815","Women","200 m Individual Medley SM7","Gold","AUS",NA,NA,"Swimming",2012,NA
"5816","Women","200 m Individual Medley SM7","Silver","CAN",NA,NA,"Swimming",2012,NA
"5817","Women","200 m Individual Medley SM7","Bronze","CHN",NA,NA,"Swimming",2012,NA
"5818","Women","200 m Individual Medley SM8","Gold","USA",NA,NA,"Swimming",2012,NA
"5819","Women","200 m Individual Medley SM8","Silver","RUS",NA,NA,"Swimming",2012,NA
"5820","Women","200 m Individual Medley SM8","Bronze","CHN",NA,NA,"Swimming",2012,NA
"5821","Women","200 m Individual Medley SM9","Gold","RSA",NA,NA,"Swimming",2012,NA
"5822","Women","200 m Individual Medley SM9","Silver","GBR",NA,NA,"Swimming",2012,NA
"5823","Women","200 m Individual Medley SM9","Bronze","GBR",NA,NA,"Swimming",2012,NA
"5824","Women","200 m Individual Medley SM10","Gold","NZL",NA,NA,"Swimming",2012,NA
"5825","Women","200 m Individual Medley SM10","Silver","CAN",NA,NA,"Swimming",2012,NA
"5826","Women","200 m Individual Medley SM10","Bronze","CHN",NA,NA,"Swimming",2012,NA
"5827","Women","200 m Individual Medley SM11","Gold","NZL",NA,NA,"Swimming",2012,NA
"5828","Women","200 m Individual Medley SM11","Silver","GER",NA,NA,"Swimming",2012,NA
"5829","Women","200 m Individual Medley SM11","Bronze","CAN",NA,NA,"Swimming",2012,NA
"5830","Women","200 m Individual Medley SM12","Gold","RUS",NA,NA,"Swimming",2012,NA
"5831","Women","200 m Individual Medley SM12","Silver","AZE",NA,NA,"Swimming",2012,NA
"5832","Women","200 m Individual Medley SM12","Bronze","RUS",NA,NA,"Swimming",2012,NA
"5833","Women","200 m Individual Medley SM13","Gold","CAN",NA,NA,"Swimming",2012,NA
"5834","Women","200 m Individual Medley SM13","Silver","USA",NA,NA,"Swimming",2012,NA
"5835","Women","200 m Individual Medley SM13","Bronze","USA",NA,NA,"Swimming",2012,NA
"5836","Women","4x100 m Freestyle 34pts","Gold","AUS","Australia",9,"Swimming",2012,NA
"5837","Women","4x100 m Freestyle 34pts","Gold","AUS","Australia",10,"Swimming",2012,NA
"5838","Women","4x100 m Freestyle 34pts","Gold","AUS","Australia",11,"Swimming",2012,NA
"5839","Women","4x100 m Freestyle 34pts","Gold","AUS","Australia",12,"Swimming",2012,NA
"5840","Women","4x100 m Freestyle 34pts","Silver","USA","United States of America",2,"Swimming",2012,NA
"5841","Women","4x100 m Freestyle 34pts","Silver","USA","United States of America",3,"Swimming",2012,NA
"5842","Women","4x100 m Freestyle 34pts","Silver","USA","United States of America",4,"Swimming",2012,NA
"5843","Women","4x100 m Freestyle 34pts","Bronze","GBR","Great Britain",2,"Swimming",2012,NA
"5844","Women","4x100 m Freestyle 34pts","Bronze","GBR","Great Britain",3,"Swimming",2012,NA
"5845","Women","4x100 m Freestyle 34pts","Bronze","GBR","Great Britain",4,"Swimming",2012,NA
"5846","Women","4x100 m Medley 34pts","Gold","AUS","Australia",2,"Swimming",2012,NA
"5847","Women","4x100 m Medley 34pts","Gold","AUS","Australia",3,"Swimming",2012,NA
"5848","Women","4x100 m Medley 34pts","Gold","AUS","Australia",4,"Swimming",2012,NA
"5849","Women","4x100 m Medley 34pts","Silver","GBR","Great Britain",2,"Swimming",2012,NA
"5850","Women","4x100 m Medley 34pts","Silver","GBR","Great Britain",3,"Swimming",2012,NA
"5851","Women","4x100 m Medley 34pts","Silver","GBR","Great Britain",4,"Swimming",2012,NA
"5852","Women","4x100 m Medley 34pts","Bronze","USA","United States of America",2,"Swimming",2012,NA
"5853","Women","4x100 m Medley 34pts","Bronze","USA","United States of America",3,"Swimming",2012,NA
"5854","Women","4x100 m Medley 34pts","Bronze","USA","United States of America",4,"Swimming",2012,NA
"5855","Women","50 m Freestyle S4","Gold","AUS",NA,NA,"Swimming",2016,NA
"5856","Women","50 m Freestyle S4","Silver","ITA",NA,NA,"Swimming",2016,NA
"5857","Women","50 m Freestyle S4","Bronze","MEX",NA,NA,"Swimming",2016,NA
"5858","Women","50 m Freestyle S5","Gold","CHN",NA,NA,"Swimming",2016,NA
"5859","Women","50 m Freestyle S5","Silver","BRA",NA,NA,"Swimming",2016,NA
"5860","Women","50 m Freestyle S5","Bronze","CZE",NA,NA,"Swimming",2016,NA
"5861","Women","50 m Freestyle S6","Gold","UKR",NA,NA,"Swimming",2016,NA
"5862","Women","50 m Freestyle S6","Silver","UKR",NA,NA,"Swimming",2016,NA
"5863","Women","50 m Freestyle S6","Bronze","AUS",NA,NA,"Swimming",2016,NA
"5864","Women","50 m Freestyle S7","Gold","USA",NA,NA,"Swimming",2016,NA
"5865","Women","50 m Freestyle S7","Silver","GER",NA,NA,"Swimming",2016,NA
"5866","Women","50 m Freestyle S7","Bronze","GBR",NA,NA,"Swimming",2016,NA
"5867","Women","50 m Freestyle S8","Gold","AUS",NA,NA,"Swimming",2016,NA
"5868","Women","50 m Freestyle S8","Silver","AUS",NA,NA,"Swimming",2016,NA
"5869","Women","50 m Freestyle S8","Bronze","CHN",NA,NA,"Swimming",2016,NA
"5870","Women","50 m Freestyle S9","Gold","USA",NA,NA,"Swimming",2016,NA
"5871","Women","50 m Freestyle S9","Silver","AUS",NA,NA,"Swimming",2016,NA
"5872","Women","50 m Freestyle S9","Bronze","CHN",NA,NA,"Swimming",2016,NA
"5873","Women","50 m Freestyle S10","Gold","CAN",NA,NA,"Swimming",2016,NA
"5874","Women","50 m Freestyle S10","Silver","NZL",NA,NA,"Swimming",2016,NA
"5875","Women","50 m Freestyle S10","Bronze","CHN",NA,NA,"Swimming",2016,NA
"5876","Women","50 m Freestyle S11","Gold","CHN",NA,NA,"Swimming",2016,NA
"5877","Women","50 m Freestyle S11","Silver","SWE",NA,NA,"Swimming",2016,NA
"5878","Women","50 m Freestyle S11","Bronze","NED",NA,NA,"Swimming",2016,NA
"5879","Women","50 m Freestyle S11","Bronze","UKR",NA,NA,"Swimming",2016,NA
"5880","Women","50 m Freestyle S12","Gold","GBR",NA,NA,"Swimming",2016,NA
"5881","Women","50 m Freestyle S12","Silver","GER",NA,NA,"Swimming",2016,NA
"5882","Women","50 m Freestyle S12","Bronze","ESP",NA,NA,"Swimming",2016,NA
"5883","Women","50 m Freestyle S13","Gold","UKR",NA,NA,"Swimming",2016,NA
"5884","Women","50 m Freestyle S13","Silver","UZB",NA,NA,"Swimming",2016,NA
"5885","Women","50 m Freestyle S13","Bronze","UZB",NA,NA,"Swimming",2016,NA
"5886","Women","100 m Freestyle S3","Gold","KAZ",NA,NA,"Swimming",2016,NA
"5887","Women","100 m Freestyle S3","Silver","CHN",NA,NA,"Swimming",2016,NA
"5888","Women","100 m Freestyle S3","Bronze","UKR",NA,NA,"Swimming",2016,NA
"5889","Women","100 m Freestyle S5","Gold","CHN",NA,NA,"Swimming",2016,NA
"5890","Women","100 m Freestyle S5","Silver","ESP",NA,NA,"Swimming",2016,NA
"5891","Women","100 m Freestyle S5","Bronze","BRA",NA,NA,"Swimming",2016,NA
"5892","Women","100 m Freestyle S6","Gold","UKR",NA,NA,"Swimming",2016,NA
"5893","Women","100 m Freestyle S6","Silver","UKR",NA,NA,"Swimming",2016,NA
"5894","Women","100 m Freestyle S6","Bronze","GBR",NA,NA,"Swimming",2016,NA
"5895","Women","100 m Freestyle S7","Gold","USA",NA,NA,"Swimming",2016,NA
"5896","Women","100 m Freestyle S7","Silver","USA",NA,NA,"Swimming",2016,NA
"5897","Women","100 m Freestyle S7","Bronze","CHN",NA,NA,"Swimming",2016,NA
"5898","Women","100 m Freestyle S8","Gold","AUS",NA,NA,"Swimming",2016,NA
"5899","Women","100 m Freestyle S8","Silver","AUS",NA,NA,"Swimming",2016,NA
"5900","Women","100 m Freestyle S8","Bronze","GBR",NA,NA,"Swimming",2016,NA
"5901","Women","100 m Freestyle S9","Gold","USA",NA,NA,"Swimming",2016,NA
"5902","Women","100 m Freestyle S9","Silver","ESP",NA,NA,"Swimming",2016,NA
"5903","Women","100 m Freestyle S9","Bronze","AUS",NA,NA,"Swimming",2016,NA
"5904","Women","100 m Freestyle S10","Gold","CAN",NA,NA,"Swimming",2016,NA
"5905","Women","100 m Freestyle S10","Silver","NZL",NA,NA,"Swimming",2016,NA
"5906","Women","100 m Freestyle S10","Bronze","FRA",NA,NA,"Swimming",2016,NA
"5907","Women","100 m Freestyle S11","Gold","CHN",NA,NA,"Swimming",2016,NA
"5908","Women","100 m Freestyle S11","Silver","CHN",NA,NA,"Swimming",2016,NA
"5909","Women","100 m Freestyle S11","Bronze","NED",NA,NA,"Swimming",2016,NA
"5910","Women","100 m Freestyle S13","Gold","UKR",NA,NA,"Swimming",2016,NA
"5911","Women","100 m Freestyle S13","Silver","USA",NA,NA,"Swimming",2016,NA
"5912","Women","100 m Freestyle S13","Bronze","GBR",NA,NA,"Swimming",2016,NA
"5913","Women","200 m Freestyle S5","Gold","CHN",NA,NA,"Swimming",2016,NA
"5914","Women","200 m Freestyle S5","Silver","ESP",NA,NA,"Swimming",2016,NA
"5915","Women","200 m Freestyle S5","Bronze","NOR",NA,NA,"Swimming",2016,NA
"5916","Women","200 m Freestyle S14","Gold","GBR",NA,NA,"Swimming",2016,NA
"5917","Women","200 m Freestyle S14","Silver","GBR",NA,NA,"Swimming",2016,NA
"5918","Women","200 m Freestyle S14","Bronze","NED",NA,NA,"Swimming",2016,NA
"5919","Women","400 m Freestyle S6","Gold","UKR",NA,NA,"Swimming",2016,NA
"5920","Women","400 m Freestyle S6","Silver","CHN",NA,NA,"Swimming",2016,NA
"5921","Women","400 m Freestyle S6","Bronze","GBR",NA,NA,"Swimming",2016,NA
"5922","Women","400 m Freestyle S7","Gold","USA",NA,NA,"Swimming",2016,NA
"5923","Women","400 m Freestyle S7","Silver","USA",NA,NA,"Swimming",2016,NA
"5924","Women","400 m Freestyle S7","Bronze","GBR",NA,NA,"Swimming",2016,NA
"5925","Women","400 m Freestyle S8","Gold","AUS",NA,NA,"Swimming",2016,NA
"5926","Women","400 m Freestyle S8","Silver","USA",NA,NA,"Swimming",2016,NA
"5927","Women","400 m Freestyle S8","Bronze","GBR",NA,NA,"Swimming",2016,NA
"5928","Women","400 m Freestyle S9","Gold","ESP",NA,NA,"Swimming",2016,NA
"5929","Women","400 m Freestyle S9","Silver","AUS",NA,NA,"Swimming",2016,NA
"5930","Women","400 m Freestyle S9","Bronze","CHN",NA,NA,"Swimming",2016,NA
"5931","Women","400 m Freestyle S10","Gold","CAN",NA,NA,"Swimming",2016,NA
"5932","Women","400 m Freestyle S10","Silver","AUS",NA,NA,"Swimming",2016,NA
"5933","Women","400 m Freestyle S10","Bronze","FRA",NA,NA,"Swimming",2016,NA
"5934","Women","400 m Freestyle S11","Gold","NED",NA,NA,"Swimming",2016,NA
"5935","Women","400 m Freestyle S11","Silver","ITA",NA,NA,"Swimming",2016,NA
"5936","Women","400 m Freestyle S11","Bronze","CHN",NA,NA,"Swimming",2016,NA
"5937","Women","400 m Freestyle S13","Gold","USA",NA,NA,"Swimming",2016,NA
"5938","Women","400 m Freestyle S13","Silver","UKR",NA,NA,"Swimming",2016,NA
"5939","Women","400 m Freestyle S13","Bronze","ESP",NA,NA,"Swimming",2016,NA
"5940","Women","50 m Backstroke S2","Gold","SGP",NA,NA,"Swimming",2016,NA
"5941","Women","50 m Backstroke S2","Silver","CHN",NA,NA,"Swimming",2016,NA
"5942","Women","50 m Backstroke S2","Bronze","UKR",NA,NA,"Swimming",2016,NA
"5943","Women","50 m Backstroke S3","Gold","CHN",NA,NA,"Swimming",2016,NA
"5944","Women","50 m Backstroke S3","Silver","CHN",NA,NA,"Swimming",2016,NA
"5945","Women","50 m Backstroke S3","Bronze","NED",NA,NA,"Swimming",2016,NA
"5946","Women","50 m Backstroke S4","Gold","CHN",NA,NA,"Swimming",2016,NA
"5947","Women","50 m Backstroke S4","Silver","CHN",NA,NA,"Swimming",2016,NA
"5948","Women","50 m Backstroke S4","Bronze","UKR",NA,NA,"Swimming",2016,NA
"5949","Women","50 m Backstroke S5","Gold","ESP",NA,NA,"Swimming",2016,NA
"5950","Women","50 m Backstroke S5","Silver","CZE",NA,NA,"Swimming",2016,NA
"5951","Women","50 m Backstroke S5","Bronze","NOR",NA,NA,"Swimming",2016,NA
"5952","Women","100 m Backstroke S2","Gold","SGP",NA,NA,"Swimming",2016,NA
"5953","Women","100 m Backstroke S2","Silver","CHN",NA,NA,"Swimming",2016,NA
"5954","Women","100 m Backstroke S2","Bronze","UKR",NA,NA,"Swimming",2016,NA
"5955","Women","100 m Backstroke S6","Gold","CHN",NA,NA,"Swimming",2016,NA
"5956","Women","100 m Backstroke S6","Silver","CHN",NA,NA,"Swimming",2016,NA
"5957","Women","100 m Backstroke S6","Bronze","UKR",NA,NA,"Swimming",2016,NA
"5958","Women","100 m Backstroke S7","Gold","CHN",NA,NA,"Swimming",2016,NA
"5959","Women","100 m Backstroke S7","Silver","CHN",NA,NA,"Swimming",2016,NA
"5960","Women","100 m Backstroke S7","Bronze","NZL",NA,NA,"Swimming",2016,NA
"5961","Women","100 m Backstroke S8","Gold","GBR",NA,NA,"Swimming",2016,NA
"5962","Women","100 m Backstroke S8","Silver","AUS",NA,NA,"Swimming",2016,NA
"5963","Women","100 m Backstroke S8","Bronze","USA",NA,NA,"Swimming",2016,NA
"5964","Women","100 m Backstroke S9","Gold","AUS",NA,NA,"Swimming",2016,NA
"5965","Women","100 m Backstroke S9","Silver","ESP",NA,NA,"Swimming",2016,NA
"5966","Women","100 m Backstroke S9","Bronze","USA",NA,NA,"Swimming",2016,NA
"5967","Women","100 m Backstroke S10","Gold","NZL",NA,NA,"Swimming",2016,NA
"5968","Women","100 m Backstroke S10","Silver","HUN",NA,NA,"Swimming",2016,NA
"5969","Women","100 m Backstroke S10","Bronze","GBR",NA,NA,"Swimming",2016,NA
"5970","Women","100 m Backstroke S11","Gold","NZL",NA,NA,"Swimming",2016,NA
"5971","Women","100 m Backstroke S11","Silver","CHN",NA,NA,"Swimming",2016,NA
"5972","Women","100 m Backstroke S11","Bronze","SWE",NA,NA,"Swimming",2016,NA
"5973","Women","100 m Backstroke S12","Gold","GBR",NA,NA,"Swimming",2016,NA
"5974","Women","100 m Backstroke S12","Silver","UKR",NA,NA,"Swimming",2016,NA
"5975","Women","100 m Backstroke S12","Bronze","ESP",NA,NA,"Swimming",2016,NA
"5976","Women","100 m Backstroke S13","Gold","UKR",NA,NA,"Swimming",2016,NA
"5977","Women","100 m Backstroke S13","Silver","GBR",NA,NA,"Swimming",2016,NA
"5978","Women","100 m Backstroke S13","Bronze","AUS",NA,NA,"Swimming",2016,NA
"5979","Women","100 m Backstroke S14","Gold","GBR",NA,NA,"Swimming",2016,NA
"5980","Women","100 m Backstroke S14","Silver","NED",NA,NA,"Swimming",2016,NA
"5981","Women","100 m Backstroke S14","Bronze","GBR",NA,NA,"Swimming",2016,NA
"5982","Women","50 m Breaststroke SB3","Gold","CHN",NA,NA,"Swimming",2016,NA
"5983","Women","50 m Breaststroke SB3","Silver","UKR",NA,NA,"Swimming",2016,NA
"5984","Women","50 m Breaststroke SB3","Bronze","MEX",NA,NA,"Swimming",2016,NA
"5985","Women","100 m Breaststroke SB4","Gold","NOR",NA,NA,"Swimming",2016,NA
"5986","Women","100 m Breaststroke SB4","Silver","ITA",NA,NA,"Swimming",2016,NA
"5987","Women","100 m Breaststroke SB4","Bronze","SGP",NA,NA,"Swimming",2016,NA
"5988","Women","100 m Breaststroke SB5","Gold","UKR",NA,NA,"Swimming",2016,NA
"5989","Women","100 m Breaststroke SB5","Silver","UKR",NA,NA,"Swimming",2016,NA
"5990","Women","100 m Breaststroke SB5","Bronze","CHN",NA,NA,"Swimming",2016,NA
"5991","Women","100 m Breaststroke SB6","Gold","AUS",NA,NA,"Swimming",2016,NA
"5992","Women","100 m Breaststroke SB6","Silver","USA",NA,NA,"Swimming",2016,NA
"5993","Women","100 m Breaststroke SB6","Bronze","GBR",NA,NA,"Swimming",2016,NA
"5994","Women","100 m Breaststroke SB7","Gold","USA",NA,NA,"Swimming",2016,NA
"5995","Women","100 m Breaststroke SB7","Silver","USA",NA,NA,"Swimming",2016,NA
"5996","Women","100 m Breaststroke SB7","Bronze","NED",NA,NA,"Swimming",2016,NA
"5997","Women","100 m Breaststroke SB8","Gold","CAN",NA,NA,"Swimming",2016,NA
"5998","Women","100 m Breaststroke SB8","Silver","GBR",NA,NA,"Swimming",2016,NA
"5999","Women","100 m Breaststroke SB8","Bronze","IRL",NA,NA,"Swimming",2016,NA
"6000","Women","100 m Breaststroke SB9","Gold","NED",NA,NA,"Swimming",2016,NA
"6001","Women","100 m Breaststroke SB9","Silver","GBR",NA,NA,"Swimming",2016,NA
"6002","Women","100 m Breaststroke SB9","Bronze","NED",NA,NA,"Swimming",2016,NA
"6003","Women","100 m Breaststroke SB11","Gold","CHN",NA,NA,"Swimming",2016,NA
"6004","Women","100 m Breaststroke SB11","Silver","NED",NA,NA,"Swimming",2016,NA
"6005","Women","100 m Breaststroke SB11","Bronze","SWE",NA,NA,"Swimming",2016,NA
"6006","Women","100 m Breaststroke SB13","Gold","UZB",NA,NA,"Swimming",2016,NA
"6007","Women","100 m Breaststroke SB13","Silver","GBR",NA,NA,"Swimming",2016,NA
"6008","Women","100 m Breaststroke SB13","Bronze","USA",NA,NA,"Swimming",2016,NA
"6009","Women","100 m Breaststroke SB14","Gold","ESP",NA,NA,"Swimming",2016,NA
"6010","Women","100 m Breaststroke SB14","Silver","GBR",NA,NA,"Swimming",2016,NA
"6011","Women","100 m Breaststroke SB14","Bronze","NED",NA,NA,"Swimming",2016,NA
"6012","Women","50 m Butterfly S5","Gold","CHN",NA,NA,"Swimming",2016,NA
"6013","Women","50 m Butterfly S5","Silver","NOR",NA,NA,"Swimming",2016,NA
"6014","Women","50 m Butterfly S5","Bronze","ITA",NA,NA,"Swimming",2016,NA
"6015","Women","50 m Butterfly S6","Gold","GBR",NA,NA,"Swimming",2016,NA
"6016","Women","50 m Butterfly S6","Silver","UKR",NA,NA,"Swimming",2016,NA
"6017","Women","50 m Butterfly S6","Bronze","AUS",NA,NA,"Swimming",2016,NA
"6018","Women","50 m Butterfly S7","Gold","GBR",NA,NA,"Swimming",2016,NA
"6019","Women","50 m Butterfly S7","Silver","USA",NA,NA,"Swimming",2016,NA
"6020","Women","50 m Butterfly S7","Bronze","NZL",NA,NA,"Swimming",2016,NA
"6021","Women","100 m Butterfly S8","Gold","UKR",NA,NA,"Swimming",2016,NA
"6022","Women","100 m Butterfly S8","Silver","GBR",NA,NA,"Swimming",2016,NA
"6023","Women","100 m Butterfly S8","Bronze","USA",NA,NA,"Swimming",2016,NA
"6024","Women","100 m Butterfly S9","Gold","CHN",NA,NA,"Swimming",2016,NA
"6025","Women","100 m Butterfly S9","Silver","ESP",NA,NA,"Swimming",2016,NA
"6026","Women","100 m Butterfly S9","Bronze","HUN",NA,NA,"Swimming",2016,NA
"6027","Women","100 m Butterfly S10","Gold","NZL",NA,NA,"Swimming",2016,NA
"6028","Women","100 m Butterfly S10","Silver","CHN",NA,NA,"Swimming",2016,NA
"6029","Women","100 m Butterfly S10","Bronze","POL",NA,NA,"Swimming",2016,NA
"6030","Women","100 m Butterfly S13","Gold","USA",NA,NA,"Swimming",2016,NA
"6031","Women","100 m Butterfly S13","Silver","UZB",NA,NA,"Swimming",2016,NA
"6032","Women","100 m Butterfly S13","Bronze","UZB",NA,NA,"Swimming",2016,NA
"6033","Women","150 m Individual Medley SM4","Gold","CHN",NA,NA,"Swimming",2016,NA
"6034","Women","150 m Individual Medley SM4","Silver","UKR",NA,NA,"Swimming",2016,NA
"6035","Women","150 m Individual Medley SM4","Bronze","CHN",NA,NA,"Swimming",2016,NA
"6036","Women","200 m Individual Medley SM5","Gold","NOR",NA,NA,"Swimming",2016,NA
"6037","Women","200 m Individual Medley SM5","Silver","ESP",NA,NA,"Swimming",2016,NA
"6038","Women","200 m Individual Medley SM5","Bronze","ISR",NA,NA,"Swimming",2016,NA
"6039","Women","200 m Individual Medley SM6","Gold","GBR",NA,NA,"Swimming",2016,NA
"6040","Women","200 m Individual Medley SM6","Silver","CHN",NA,NA,"Swimming",2016,NA
"6041","Women","200 m Individual Medley SM6","Bronze","AUS",NA,NA,"Swimming",2016,NA
"6042","Women","200 m Individual Medley SM7","Gold","NZL",NA,NA,"Swimming",2016,NA
"6043","Women","200 m Individual Medley SM7","Silver","CAN",NA,NA,"Swimming",2016,NA
"6044","Women","200 m Individual Medley SM7","Bronze","USA",NA,NA,"Swimming",2016,NA
"6045","Women","200 m Individual Medley SM8","Gold","USA",NA,NA,"Swimming",2016,NA
"6046","Women","200 m Individual Medley SM8","Silver","GBR",NA,NA,"Swimming",2016,NA
"6047","Women","200 m Individual Medley SM8","Bronze","AUS",NA,NA,"Swimming",2016,NA
"6048","Women","200 m Individual Medley SM9","Gold","CHN",NA,NA,"Swimming",2016,NA
"6049","Women","200 m Individual Medley SM9","Silver","ESP",NA,NA,"Swimming",2016,NA
"6050","Women","200 m Individual Medley SM9","Bronze","GBR",NA,NA,"Swimming",2016,NA
"6051","Women","200 m Individual Medley SM10","Gold","NZL",NA,NA,"Swimming",2016,NA
"6052","Women","200 m Individual Medley SM10","Silver","CAN",NA,NA,"Swimming",2016,NA
"6053","Women","200 m Individual Medley SM10","Bronze","HUN",NA,NA,"Swimming",2016,NA
"6054","Women","200 m Individual Medley SM11","Gold","NED",NA,NA,"Swimming",2016,NA
"6055","Women","200 m Individual Medley SM11","Silver","SWE",NA,NA,"Swimming",2016,NA
"6056","Women","200 m Individual Medley SM11","Bronze","CHN",NA,NA,"Swimming",2016,NA
"6057","Women","200 m Individual Medley SM13","Gold","USA",NA,NA,"Swimming",2016,NA
"6058","Women","200 m Individual Medley SM13","Silver","UZB",NA,NA,"Swimming",2016,NA
"6059","Women","200 m Individual Medley SM13","Bronze","UZB",NA,NA,"Swimming",2016,NA
"6060","Women","200 m Individual Medley SM14","Gold","GBR",NA,NA,"Swimming",2016,NA
"6061","Women","200 m Individual Medley SM14","Silver","GBR",NA,NA,"Swimming",2016,NA
"6062","Women","200 m Individual Medley SM14","Bronze","NED",NA,NA,"Swimming",2016,NA
"6063","Women","4x100 m Freestyle 34pts","Gold","AUS","Australia",2,"Swimming",2016,NA
"6064","Women","4x100 m Freestyle 34pts","Gold","AUS","Australia",3,"Swimming",2016,NA
"6065","Women","4x100 m Freestyle 34pts","Gold","AUS","Australia",4,"Swimming",2016,NA
"6066","Women","4x100 m Freestyle 34pts","Silver","USA","United States of America",2,"Swimming",2016,NA
"6067","Women","4x100 m Freestyle 34pts","Silver","USA","United States of America",3,"Swimming",2016,NA
"6068","Women","4x100 m Freestyle 34pts","Silver","USA","United States of America",4,"Swimming",2016,NA
"6069","Women","4x100 m Freestyle 34pts","Silver","USA","United States of America",5,"Swimming",2016,NA
"6070","Women","4x100 m Freestyle 34pts","Bronze","CHN","China",5,"Swimming",2016,NA
"6071","Women","4x100 m Freestyle 34pts","Bronze","CHN","China",6,"Swimming",2016,NA
"6072","Women","4x100 m Freestyle 34pts","Bronze","CHN","China",7,"Swimming",2016,NA
"6073","Women","4x100 m Freestyle 34pts","Bronze","CHN","China",8,"Swimming",2016,NA
"6074","Women","4x100 m Medley 34pts","Gold","GBR","Great Britain",2,"Swimming",2016,NA
"6075","Women","4x100 m Medley 34pts","Gold","GBR","Great Britain",3,"Swimming",2016,NA
"6076","Women","4x100 m Medley 34pts","Gold","GBR","Great Britain",4,"Swimming",2016,NA
"6077","Women","4x100 m Medley 34pts","Silver","AUS","Australia",2,"Swimming",2016,NA
"6078","Women","4x100 m Medley 34pts","Silver","AUS","Australia",3,"Swimming",2016,NA
"6079","Women","4x100 m Medley 34pts","Silver","AUS","Australia",4,"Swimming",2016,NA
"6080","Women","4x100 m Medley 34pts","Bronze","USA","United States of America",2,"Swimming",2016,NA
"6081","Women","4x100 m Medley 34pts","Bronze","USA","United States of America",3,"Swimming",2016,NA
"6082","Women","4x100 m Medley 34pts","Bronze","USA","United States of America",4,"Swimming",2016,NA
"6083","Mixed","4x50 m Freestyle 20pts","Gold","CHN","China",2,"Swimming",2016,NA
"6084","Mixed","4x50 m Freestyle 20pts","Gold","CHN","China",3,"Swimming",2016,NA
"6085","Mixed","4x50 m Freestyle 20pts","Gold","CHN","China",4,"Swimming",2016,NA
"6086","Mixed","4x50 m Freestyle 20pts","Gold","CHN","China",5,"Swimming",2016,NA
"6087","Mixed","4x50 m Freestyle 20pts","Gold","CHN","China",6,"Swimming",2016,NA
"6088","Mixed","4x50 m Freestyle 20pts","Gold","CHN","China",7,"Swimming",2016,NA
"6089","Mixed","4x50 m Freestyle 20pts","Gold","CHN","China",8,"Swimming",2016,NA
"6090","Mixed","4x50 m Freestyle 20pts","Silver","BRA","Brazil",2,"Swimming",2016,NA
"6091","Mixed","4x50 m Freestyle 20pts","Silver","BRA","Brazil",3,"Swimming",2016,NA
"6092","Mixed","4x50 m Freestyle 20pts","Silver","BRA","Brazil",4,"Swimming",2016,NA
"6093","Mixed","4x50 m Freestyle 20pts","Silver","BRA","Brazil",5,"Swimming",2016,NA
"6094","Mixed","4x50 m Freestyle 20pts","Silver","BRA","Brazil",6,"Swimming",2016,NA
"6095","Mixed","4x50 m Freestyle 20pts","Bronze","UKR","Ukraine",2,"Swimming",2016,NA
"6096","Mixed","4x50 m Freestyle 20pts","Bronze","UKR","Ukraine",3,"Swimming",2016,NA
"6097","Mixed","4x50 m Freestyle 20pts","Bronze","UKR","Ukraine",4,"Swimming",2016,NA
"6098","Mixed","4x50 m Freestyle 20pts","Bronze","UKR","Ukraine",5,"Swimming",2016,NA
"6099","Mixed","4x50 m Freestyle 20pts","Bronze","UKR","Ukraine",6,"Swimming",2016,NA
"6100","Mixed","4x50 m Freestyle 20pts","Bronze","UKR","Ukraine",7,"Swimming",2016,NA
"6101","Women","Singles 2","Gold","SUI",NA,NA,"Table Tennis",1980,NA
"6102","Women","Singles 2","Silver","AUT",NA,NA,"Table Tennis",1980,NA
"6103","Women","Singles 2","Bronze","FRG",NA,NA,"Table Tennis",1980,NA
"6104","Women","Singles 3","Gold","SUI",NA,NA,"Table Tennis",1980,NA
"6105","Women","Singles 3","Silver","GBR",NA,NA,"Table Tennis",1980,NA
"6106","Women","Singles 3","Bronze","FRA",NA,NA,"Table Tennis",1980,NA
"6107","Women","Singles 4","Gold","NED",NA,NA,"Table Tennis",1980,NA
"6108","Women","Singles 4","Silver","SWE",NA,NA,"Table Tennis",1980,NA
"6109","Women","Singles 4","Bronze","NED",NA,NA,"Table Tennis",1980,NA
"6110","Women","Singles 1A","Gold","IRL",NA,NA,"Table Tennis",1980,NA
"6111","Women","Singles 1A","Silver","ZIM",NA,NA,"Table Tennis",1980,NA
"6112","Women","Singles 1A","Bronze","MEX",NA,NA,"Table Tennis",1980,NA
"6113","Women","Singles 1B","Gold","GBR",NA,NA,"Table Tennis",1980,NA
"6114","Women","Singles 1B","Silver","NOR",NA,NA,"Table Tennis",1980,NA
"6115","Women","Singles 1B","Bronze","ITA",NA,NA,"Table Tennis",1980,NA
"6116","Women","Singles C","Gold","GBR",NA,NA,"Table Tennis",1980,NA
"6117","Women","Singles C","Silver","SWE",NA,NA,"Table Tennis",1980,NA
"6118","Women","Singles C","Bronze","FRA",NA,NA,"Table Tennis",1980,NA
"6119","Women","Teams 2","Gold","AUT","Austria",2,"Table Tennis",1980,NA
"6120","Women","Teams 2","Silver","GBR","Great Britain",2,"Table Tennis",1980,NA
"6121","Women","Teams 2","Bronze","IRL","Ireland",2,"Table Tennis",1980,NA
"6122","Women","Teams 3","Gold","SUI","Switzerland",2,"Table Tennis",1980,NA
"6123","Women","Teams 3","Silver","FRA","France",2,"Table Tennis",1980,NA
"6124","Women","Teams 3","Bronze","JAM","Jamaica",2,"Table Tennis",1980,NA
"6125","Women","Teams 4","Gold","NED","Netherlands",3,"Table Tennis",1980,NA
"6126","Women","Teams 4","Gold","NED","Netherlands",4,"Table Tennis",1980,NA
"6127","Women","Teams 4","Silver","GBR","Great Britain",2,"Table Tennis",1980,NA
"6128","Women","Teams 4","Bronze","SWE","Sweden",2,"Table Tennis",1980,NA
"6129","Women","Teams 1B","Gold","NOR","Norway",2,"Table Tennis",1980,NA
"6130","Women","Teams 1B","Silver","IRL","Ireland",2,"Table Tennis",1980,NA
"6131","Women","Singles 2","Gold","SUI",NA,NA,"Table Tennis",1984,NA
"6132","Women","Singles 2","Silver","AUT",NA,NA,"Table Tennis",1984,NA
"6133","Women","Singles 2","Bronze","FRG",NA,NA,"Table Tennis",1984,NA
"6134","Women","Singles 3","Gold","FRG",NA,NA,"Table Tennis",1984,NA
"6135","Women","Singles 3","Silver","USA",NA,NA,"Table Tennis",1984,NA
"6136","Women","Singles 3","Bronze","FRA",NA,NA,"Table Tennis",1984,NA
"6137","Women","Singles 4","Gold","NED",NA,NA,"Table Tennis",1984,NA
"6138","Women","Singles 4","Silver","HKG",NA,NA,"Table Tennis",1984,NA
"6139","Women","Singles 4","Bronze","SUI",NA,NA,"Table Tennis",1984,NA
"6140","Women","Singles 1B","Gold","GBR",NA,NA,"Table Tennis",1984,NA
"6141","Women","Singles 1B","Silver","NOR",NA,NA,"Table Tennis",1984,NA
"6142","Women","Singles 1B","Bronze","SUI",NA,NA,"Table Tennis",1984,NA
"6143","Women","Singles 1C","Gold","GBR",NA,NA,"Table Tennis",1984,NA
"6144","Women","Singles 1C","Silver","GBR",NA,NA,"Table Tennis",1984,NA
"6145","Women","Singles C3","Gold","FRA",NA,NA,"Table Tennis",1984,NA
"6146","Women","Singles C3","Silver","GBR",NA,NA,"Table Tennis",1984,NA
"6147","Women","Singles C3","Bronze","CAN",NA,NA,"Table Tennis",1984,NA
"6148","Women","Singles C4-5","Gold","SWE",NA,NA,"Table Tennis",1984,NA
"6149","Women","Singles C4-5","Silver","NOR",NA,NA,"Table Tennis",1984,NA
"6150","Women","Singles C4-5","Bronze","IRL",NA,NA,"Table Tennis",1984,NA
"6151","Women","Singles L3","Gold","FRA",NA,NA,"Table Tennis",1984,NA
"6152","Women","Singles L3","Silver","GBR",NA,NA,"Table Tennis",1984,NA
"6153","Women","Singles L3","Bronze","ISL",NA,NA,"Table Tennis",1984,NA
"6154","Women","Singles L4","Gold","BEL",NA,NA,"Table Tennis",1984,NA
"6155","Women","Singles L4","Silver","FRA",NA,NA,"Table Tennis",1984,NA
"6156","Women","Singles L4","Bronze","GBR",NA,NA,"Table Tennis",1984,NA
"6157","Women","Singles L4","Bronze","NOR",NA,NA,"Table Tennis",1984,NA
"6158","Women","Singles L5","Gold","DEN",NA,NA,"Table Tennis",1984,NA
"6159","Women","Singles L5","Silver","CHN",NA,NA,"Table Tennis",1984,NA
"6160","Women","Open CL","Gold","DEN",NA,NA,"Table Tennis",1984,NA
"6161","Women","Open CL","Silver","FRA",NA,NA,"Table Tennis",1984,NA
"6162","Women","Open CL","Bronze","BEL",NA,NA,"Table Tennis",1984,NA
"6163","Women","Open 1B-4","Gold","FRG",NA,NA,"Table Tennis",1984,NA
"6164","Women","Open 1B-4","Silver","HKG",NA,NA,"Table Tennis",1984,NA
"6165","Women","Open 1B-4","Bronze","NED",NA,NA,"Table Tennis",1984,NA
"6166","Women","Teams 2","Gold","AUT","Austria",2,"Table Tennis",1984,NA
"6167","Women","Teams 4","Gold","SUI","Switzerland",2,"Table Tennis",1984,NA
"6168","Women","Teams 4","Gold","SUI","Switzerland",3,"Table Tennis",1984,NA
"6169","Women","Singles 2","Gold","SUI",NA,NA,"Table Tennis",1988,NA
"6170","Women","Singles 2","Silver","FRG",NA,NA,"Table Tennis",1988,NA
"6171","Women","Singles 2","Bronze","NED",NA,NA,"Table Tennis",1988,NA
"6172","Women","Singles 3","Gold","FRG",NA,NA,"Table Tennis",1988,NA
"6173","Women","Singles 3","Silver","USA",NA,NA,"Table Tennis",1988,NA
"6174","Women","Singles 3","Bronze","NOR",NA,NA,"Table Tennis",1988,NA
"6175","Women","Singles 4","Gold","USA",NA,NA,"Table Tennis",1988,NA
"6176","Women","Singles 4","Silver","FRG",NA,NA,"Table Tennis",1988,NA
"6177","Women","Singles 4","Bronze","AUT",NA,NA,"Table Tennis",1988,NA
"6178","Women","Singles 2-4","Gold","USA",NA,NA,"Table Tennis",1988,NA
"6179","Women","Singles 2-4","Silver","AUT",NA,NA,"Table Tennis",1988,NA
"6180","Women","Singles 2-4","Bronze","FRG",NA,NA,"Table Tennis",1988,NA
"6181","Women","Singles TT6","Gold","FRA",NA,NA,"Table Tennis",1988,NA
"6182","Women","Singles TT6","Silver","SWE",NA,NA,"Table Tennis",1988,NA
"6183","Women","Singles TT6","Bronze","CHN",NA,NA,"Table Tennis",1988,NA
"6184","Women","Singles TT7","Gold","CHN",NA,NA,"Table Tennis",1988,NA
"6185","Women","Singles TT7","Silver","DEN",NA,NA,"Table Tennis",1988,NA
"6186","Women","Singles TT7","Bronze","FRG",NA,NA,"Table Tennis",1988,NA
"6187","Women","Singles TT open","Gold","CHN",NA,NA,"Table Tennis",1988,NA
"6188","Women","Singles TT open","Silver","BEL",NA,NA,"Table Tennis",1988,NA
"6189","Women","Singles TT open","Bronze","SWE",NA,NA,"Table Tennis",1988,NA
"6190","Women","Teams 2","Gold","SUI","Switzerland",2,"Table Tennis",1988,NA
"6191","Women","Teams 2","Bronze","FRG","FR Germany",2,"Table Tennis",1988,NA
"6192","Women","Singles 3","Gold","NED",NA,NA,"Table Tennis",1992,NA
"6193","Women","Singles 3","Silver","GER",NA,NA,"Table Tennis",1992,NA
"6194","Women","Singles 3","Bronze","HUN",NA,NA,"Table Tennis",1992,NA
"6195","Women","Singles 3","Bronze","GER",NA,NA,"Table Tennis",1992,NA
"6196","Women","Singles 4","Gold","GER",NA,NA,"Table Tennis",1992,NA
"6197","Women","Singles 4","Silver","GER",NA,NA,"Table Tennis",1992,NA
"6198","Women","Singles 4","Bronze","AUT",NA,NA,"Table Tennis",1992,NA
"6199","Women","Singles 4","Bronze","AUT",NA,NA,"Table Tennis",1992,NA
"6200","Women","Singles 5","Gold","GER",NA,NA,"Table Tennis",1992,NA
"6201","Women","Singles 5","Silver","SUI",NA,NA,"Table Tennis",1992,NA
"6202","Women","Singles 5","Bronze","ITA",NA,NA,"Table Tennis",1992,NA
"6203","Women","Singles 5","Bronze","HKG",NA,NA,"Table Tennis",1992,NA
"6204","Women","Singles 9","Gold","CHN",NA,NA,"Table Tennis",1992,NA
"6205","Women","Singles 9","Silver","CHN",NA,NA,"Table Tennis",1992,NA
"6206","Women","Singles 9","Bronze","JPN",NA,NA,"Table Tennis",1992,NA
"6207","Women","Singles 9","Bronze","BEL",NA,NA,"Table Tennis",1992,NA
"6208","Women","Open 1-5","Gold","GER",NA,NA,"Table Tennis",1992,NA
"6209","Women","Open 1-5","Silver","ITA",NA,NA,"Table Tennis",1992,NA
"6210","Women","Open 1-5","Bronze","USA",NA,NA,"Table Tennis",1992,NA
"6211","Women","Open 1-5","Bronze","HKG",NA,NA,"Table Tennis",1992,NA
"6212","Women","Open 6-10","Gold","BEL",NA,NA,"Table Tennis",1992,NA
"6213","Women","Open 6-10","Silver","CHN",NA,NA,"Table Tennis",1992,NA
"6214","Women","Open 6-10","Bronze","CHN",NA,NA,"Table Tennis",1992,NA
"6215","Women","Open 6-10","Bronze","JPN",NA,NA,"Table Tennis",1992,NA
"6216","Women","Teams 3","Gold","GER","Germany",2,"Table Tennis",1992,NA
"6217","Women","Teams 3","Silver","HUN","Hungary",2,"Table Tennis",1992,NA
"6218","Women","Teams 3","Bronze","IRL","Ireland",2,"Table Tennis",1992,NA
"6219","Women","Teams 5","Gold","HKG","Hong Kong",2,"Table Tennis",1992,NA
"6220","Women","Teams 5","Silver","GER","Germany",2,"Table Tennis",1992,NA
"6221","Women","Teams 5","Silver","GER","Germany",3,"Table Tennis",1992,NA
"6222","Women","Teams 5","Silver","GER","Germany",4,"Table Tennis",1992,NA
"6223","Women","Teams 5","Bronze","ITA","Italy",2,"Table Tennis",1992,NA
"6224","Women","Teams 5","Bronze","ITA","Italy",3,"Table Tennis",1992,NA
"6225","Women","Teams 5","Bronze","ITA","Italy",4,"Table Tennis",1992,NA
"6226","Women","Teams 10","Gold","CHN","China",2,"Table Tennis",1992,NA
"6227","Women","Teams 10","Silver","FRA","France",4,"Table Tennis",1992,NA
"6228","Women","Teams 10","Silver","FRA","France",5,"Table Tennis",1992,NA
"6229","Women","Teams 10","Silver","FRA","France",6,"Table Tennis",1992,NA
"6230","Women","Teams 10","Silver","FRA","France",7,"Table Tennis",1992,NA
"6231","Women","Teams 10","Bronze","NED","Netherlands",2,"Table Tennis",1992,NA
"6232","Women","Teams 10","Bronze","NED","Netherlands",3,"Table Tennis",1992,NA
"6233","Women","Teams 10","Bronze","NED","Netherlands",4,"Table Tennis",1992,NA
"6234","Women","Singles 1-2","Gold","FRA",NA,NA,"Table Tennis",1996,NA
"6235","Women","Singles 1-2","Silver","FRA",NA,NA,"Table Tennis",1996,NA
"6236","Women","Singles 1-2","Bronze","GER",NA,NA,"Table Tennis",1996,NA
"6237","Women","Singles 3","Gold","HUN",NA,NA,"Table Tennis",1996,NA
"6238","Women","Singles 3","Silver","GER",NA,NA,"Table Tennis",1996,NA
"6239","Women","Singles 3","Bronze","BEL",NA,NA,"Table Tennis",1996,NA
"6240","Women","Singles 4","Gold","USA",NA,NA,"Table Tennis",1996,NA
"6241","Women","Singles 4","Silver","GER",NA,NA,"Table Tennis",1996,NA
"6242","Women","Singles 4","Bronze","NED",NA,NA,"Table Tennis",1996,NA
"6243","Women","Singles 5","Gold","AUT",NA,NA,"Table Tennis",1996,NA
"6244","Women","Singles 5","Silver","MEX",NA,NA,"Table Tennis",1996,NA
"6245","Women","Singles 5","Bronze","GER",NA,NA,"Table Tennis",1996,NA
"6246","Women","Singles 5","Bronze","ITA",NA,NA,"Table Tennis",1996,NA
"6247","Women","Singles 6-8","Gold","BEL",NA,NA,"Table Tennis",1996,NA
"6248","Women","Singles 6-8","Silver","FRA",NA,NA,"Table Tennis",1996,NA
"6249","Women","Singles 6-8","Bronze","CHN",NA,NA,"Table Tennis",1996,NA
"6250","Women","Singles 9","Gold","CHN",NA,NA,"Table Tennis",1996,NA
"6251","Women","Singles 9","Silver","FRA",NA,NA,"Table Tennis",1996,NA
"6252","Women","Singles 9","Bronze","JPN",NA,NA,"Table Tennis",1996,NA
"6253","Women","Singles 10","Gold","FRA",NA,NA,"Table Tennis",1996,NA
"6254","Women","Singles 10","Silver","CZE",NA,NA,"Table Tennis",1996,NA
"6255","Women","Singles 10","Bronze","POL",NA,NA,"Table Tennis",1996,NA
"6256","Women","Open 1-5","Gold","GER",NA,NA,"Table Tennis",1996,NA
"6257","Women","Open 1-5","Silver","HKG",NA,NA,"Table Tennis",1996,NA
"6258","Women","Open 1-5","Bronze","AUT",NA,NA,"Table Tennis",1996,NA
"6259","Women","Open 1-5","Bronze","HKG",NA,NA,"Table Tennis",1996,NA
"6260","Women","Open 6-10","Gold","CHN",NA,NA,"Table Tennis",1996,NA
"6261","Women","Open 6-10","Silver","BEL",NA,NA,"Table Tennis",1996,NA
"6262","Women","Open 6-10","Bronze","FRA",NA,NA,"Table Tennis",1996,NA
"6263","Women","Open 6-10","Bronze","CHN",NA,NA,"Table Tennis",1996,NA
"6264","Women","Teams 3-5","Gold","GER","Germany",2,"Table Tennis",1996,NA
"6265","Women","Teams 3-5","Gold","GER","Germany",3,"Table Tennis",1996,NA
"6266","Women","Teams 3-5","Gold","GER","Germany",4,"Table Tennis",1996,NA
"6267","Women","Teams 3-5","Silver","HKG","Hong Kong",2,"Table Tennis",1996,NA
"6268","Women","Teams 3-5","Bronze","USA","United States of America",2,"Table Tennis",1996,NA
"6269","Women","Teams 3-5","Bronze","USA","United States of America",3,"Table Tennis",1996,NA
"6270","Women","Teams 6-10","Gold","CHN","China",2,"Table Tennis",1996,NA
"6271","Women","Teams 6-10","Silver","CZE","Czech Republic",2,"Table Tennis",1996,NA
"6272","Women","Teams 6-10","Bronze","FRA","France",2,"Table Tennis",1996,NA
"6273","Women","Teams 6-10","Bronze","FRA","France",3,"Table Tennis",1996,NA
"6274","Women","Singles 1-2","Gold","JOR",NA,NA,"Table Tennis",2000,NA
"6275","Women","Singles 1-2","Silver","FRA",NA,NA,"Table Tennis",2000,NA
"6276","Women","Singles 1-2","Bronze","GBR",NA,NA,"Table Tennis",2000,NA
"6277","Women","Singles 3","Gold","SVK",NA,NA,"Table Tennis",2000,NA
"6278","Women","Singles 3","Silver","JPN",NA,NA,"Table Tennis",2000,NA
"6279","Women","Singles 3","Bronze","GER",NA,NA,"Table Tennis",2000,NA
"6280","Women","Singles 4","Gold","GER",NA,NA,"Table Tennis",2000,NA
"6281","Women","Singles 4","Silver","GER",NA,NA,"Table Tennis",2000,NA
"6282","Women","Singles 4","Bronze","SUI",NA,NA,"Table Tennis",2000,NA
"6283","Women","Singles 5","Gold","CHN",NA,NA,"Table Tennis",2000,NA
"6284","Women","Singles 5","Silver","CHN",NA,NA,"Table Tennis",2000,NA
"6285","Women","Singles 5","Bronze","CZE",NA,NA,"Table Tennis",2000,NA
"6286","Women","Singles 6-8","Gold","CHN",NA,NA,"Table Tennis",2000,NA
"6287","Women","Singles 6-8","Silver","FRA",NA,NA,"Table Tennis",2000,NA
"6288","Women","Singles 6-8","Bronze","FRA",NA,NA,"Table Tennis",2000,NA
"6289","Women","Singles 9","Gold","FRA",NA,NA,"Table Tennis",2000,NA
"6290","Women","Singles 9","Silver","CHN",NA,NA,"Table Tennis",2000,NA
"6291","Women","Singles 9","Bronze","CHN",NA,NA,"Table Tennis",2000,NA
"6292","Women","Singles 10","Gold","CZE",NA,NA,"Table Tennis",2000,NA
"6293","Women","Singles 10","Silver","FRA",NA,NA,"Table Tennis",2000,NA
"6294","Women","Singles 10","Bronze","JPN",NA,NA,"Table Tennis",2000,NA
"6295","Women","Singles 11","Gold","HKG",NA,NA,"Table Tennis",2000,NA
"6296","Women","Singles 11","Silver","SVK",NA,NA,"Table Tennis",2000,NA
"6297","Women","Singles 11","Bronze","UKR",NA,NA,"Table Tennis",2000,NA
"6298","Women","Teams 1-3","Gold","FRA","France",2,"Table Tennis",2000,NA
"6299","Women","Teams 1-3","Silver","GER","Germany",2,"Table Tennis",2000,NA
"6300","Women","Teams 1-3","Bronze","NED","Netherlands",2,"Table Tennis",2000,NA
"6301","Women","Teams 4-5","Gold","CHN","China",2,"Table Tennis",2000,NA
"6302","Women","Teams 4-5","Silver","GER","Germany",2,"Table Tennis",2000,NA
"6303","Women","Teams 4-5","Bronze","TPE","Chinese Taipei",2,"Table Tennis",2000,NA
"6304","Women","Teams 4-5","Bronze","TPE","Chinese Taipei",3,"Table Tennis",2000,NA
"6305","Women","Teams 6-10","Gold","CHN","China",2,"Table Tennis",2000,NA
"6306","Women","Teams 6-10","Gold","CHN","China",3,"Table Tennis",2000,NA
"6307","Women","Teams 6-10","Gold","CHN","China",4,"Table Tennis",2000,NA
"6308","Women","Teams 6-10","Silver","CZE","Czech Republic",2,"Table Tennis",2000,NA
"6309","Women","Teams 6-10","Silver","CZE","Czech Republic",3,"Table Tennis",2000,NA
"6310","Women","Teams 6-10","Silver","CZE","Czech Republic",4,"Table Tennis",2000,NA
"6311","Women","Teams 6-10","Bronze","FRA","France",2,"Table Tennis",2000,NA
"6312","Women","Teams 6-10","Bronze","FRA","France",3,"Table Tennis",2000,NA
"6313","Women","Singles 1-2","Gold","FRA",NA,NA,"Table Tennis",2004,NA
"6314","Women","Singles 1-2","Silver","FRA",NA,NA,"Table Tennis",2004,NA
"6315","Women","Singles 1-2","Bronze","GBR",NA,NA,"Table Tennis",2004,NA
"6316","Women","Singles 3","Gold","SLO",NA,NA,"Table Tennis",2004,NA
"6317","Women","Singles 3","Silver","FRA",NA,NA,"Table Tennis",2004,NA
"6318","Women","Singles 3","Bronze","SVK",NA,NA,"Table Tennis",2004,NA
"6319","Women","Singles 4","Gold","GER",NA,NA,"Table Tennis",2004,NA
"6320","Women","Singles 4","Silver","ITA",NA,NA,"Table Tennis",2004,NA
"6321","Women","Singles 4","Bronze","GER",NA,NA,"Table Tennis",2004,NA
"6322","Women","Singles 5","Gold","CHN",NA,NA,"Table Tennis",2004,NA
"6323","Women","Singles 5","Silver","CHN",NA,NA,"Table Tennis",2004,NA
"6324","Women","Singles 5","Bronze","TPE",NA,NA,"Table Tennis",2004,NA
"6325","Women","Singles 6-8","Gold","CHN",NA,NA,"Table Tennis",2004,NA
"6326","Women","Singles 6-8","Silver","SWE",NA,NA,"Table Tennis",2004,NA
"6327","Women","Singles 6-8","Bronze","RUS",NA,NA,"Table Tennis",2004,NA
"6328","Women","Singles 9","Gold","CHN",NA,NA,"Table Tennis",2004,NA
"6329","Women","Singles 9","Silver","CHN",NA,NA,"Table Tennis",2004,NA
"6330","Women","Singles 9","Bronze","FRA",NA,NA,"Table Tennis",2004,NA
"6331","Women","Singles 10","Gold","POL",NA,NA,"Table Tennis",2004,NA
"6332","Women","Singles 10","Silver","CZE",NA,NA,"Table Tennis",2004,NA
"6333","Women","Singles 10","Bronze","CHN",NA,NA,"Table Tennis",2004,NA
"6334","Women","Teams 1-3","Gold","FRA","France",2,"Table Tennis",2004,NA
"6335","Women","Teams 1-3","Gold","FRA","France",3,"Table Tennis",2004,NA
"6336","Women","Teams 4-5","Gold","CHN","China",2,"Table Tennis",2004,NA
"6337","Women","Teams 4-5","Gold","CHN","China",3,"Table Tennis",2004,NA
"6338","Women","Teams 4-5","Silver","TPE","Chinese Taipei",2,"Table Tennis",2004,NA
"6339","Women","Teams 4-5","Bronze","JOR","Jordan",2,"Table Tennis",2004,NA
"6340","Women","Teams 4-5","Bronze","JOR","Jordan",3,"Table Tennis",2004,NA
"6341","Women","Teams 6-10","Gold","CHN","China",2,"Table Tennis",2004,NA
"6342","Women","Teams 6-10","Gold","CHN","China",3,"Table Tennis",2004,NA
"6343","Women","Teams 6-10","Gold","CHN","China",4,"Table Tennis",2004,NA
"6344","Women","Teams 6-10","Silver","POL","Poland",2,"Table Tennis",2004,NA
"6345","Women","Teams 6-10","Silver","POL","Poland",3,"Table Tennis",2004,NA
"6346","Women","Teams 6-10","Silver","POL","Poland",4,"Table Tennis",2004,NA
"6347","Women","Teams 6-10","Bronze","FRA","France",2,"Table Tennis",2004,NA
"6348","Women","Teams 6-10","Bronze","FRA","France",3,"Table Tennis",2004,NA
"6349","Women","Teams 6-10","Bronze","FRA","France",4,"Table Tennis",2004,NA
"6350","Women","Singles 1-2","Gold","CHN",NA,NA,"Table Tennis",2008,NA
"6351","Women","Singles 1-2","Silver","ITA",NA,NA,"Table Tennis",2008,NA
"6352","Women","Singles 1-2","Bronze","ITA",NA,NA,"Table Tennis",2008,NA
"6353","Women","Singles 3","Gold","CHN",NA,NA,"Table Tennis",2008,NA
"6354","Women","Singles 3","Silver","SVK",NA,NA,"Table Tennis",2008,NA
"6355","Women","Singles 3","Bronze","SLO",NA,NA,"Table Tennis",2008,NA
"6356","Women","Singles 4","Gold","CHN",NA,NA,"Table Tennis",2008,NA
"6357","Women","Singles 4","Silver","SRB",NA,NA,"Table Tennis",2008,NA
"6358","Women","Singles 4","Bronze","KOR",NA,NA,"Table Tennis",2008,NA
"6359","Women","Singles 5","Gold","CHN",NA,NA,"Table Tennis",2008,NA
"6360","Women","Singles 5","Silver","CHN",NA,NA,"Table Tennis",2008,NA
"6361","Women","Singles 5","Bronze","GER",NA,NA,"Table Tennis",2008,NA
"6362","Women","Singles 6-7","Gold","RUS",NA,NA,"Table Tennis",2008,NA
"6363","Women","Singles 6-7","Silver","RUS",NA,NA,"Table Tennis",2008,NA
"6364","Women","Singles 6-7","Bronze","NED",NA,NA,"Table Tennis",2008,NA
"6365","Women","Singles 8","Gold","FRA",NA,NA,"Table Tennis",2008,NA
"6366","Women","Singles 8","Silver","SWE",NA,NA,"Table Tennis",2008,NA
"6367","Women","Singles 8","Bronze","CHN",NA,NA,"Table Tennis",2008,NA
"6368","Women","Singles 9","Gold","CHN",NA,NA,"Table Tennis",2008,NA
"6369","Women","Singles 9","Silver","CHN",NA,NA,"Table Tennis",2008,NA
"6370","Women","Singles 9","Bronze","TUR",NA,NA,"Table Tennis",2008,NA
"6371","Women","Singles 10","Gold","POL",NA,NA,"Table Tennis",2008,NA
"6372","Women","Singles 10","Silver","CHN",NA,NA,"Table Tennis",2008,NA
"6373","Women","Singles 10","Bronze","CHN",NA,NA,"Table Tennis",2008,NA
"6374","Women","Teams 1-3","Gold","CHN","China",2,"Table Tennis",2008,NA
"6375","Women","Teams 1-3","Silver","ITA","Italy",2,"Table Tennis",2008,NA
"6376","Women","Teams 1-3","Silver","ITA","Italy",3,"Table Tennis",2008,NA
"6377","Women","Teams 1-3","Silver","ITA","Italy",4,"Table Tennis",2008,NA
"6378","Women","Teams 1-3","Bronze","FRA","France",2,"Table Tennis",2008,NA
"6379","Women","Teams 1-3","Bronze","FRA","France",3,"Table Tennis",2008,NA
"6380","Women","Teams 1-3","Bronze","FRA","France",4,"Table Tennis",2008,NA
"6381","Women","Teams 4-5","Gold","CHN","China",2,"Table Tennis",2008,NA
"6382","Women","Teams 4-5","Gold","CHN","China",3,"Table Tennis",2008,NA
"6383","Women","Teams 4-5","Gold","CHN","China",4,"Table Tennis",2008,NA
"6384","Women","Teams 4-5","Silver","GER","Germany",2,"Table Tennis",2008,NA
"6385","Women","Teams 4-5","Bronze","JOR","Jordan",2,"Table Tennis",2008,NA
"6386","Women","Teams 4-5","Bronze","JOR","Jordan",3,"Table Tennis",2008,NA
"6387","Women","Teams 6-10","Gold","CHN","China",2,"Table Tennis",2008,NA
"6388","Women","Teams 6-10","Gold","CHN","China",3,"Table Tennis",2008,NA
"6389","Women","Teams 6-10","Gold","CHN","China",4,"Table Tennis",2008,NA
"6390","Women","Teams 6-10","Silver","POL","Poland",2,"Table Tennis",2008,NA
"6391","Women","Teams 6-10","Bronze","FRA","France",2,"Table Tennis",2008,NA
"6392","Women","Teams 6-10","Bronze","FRA","France",3,"Table Tennis",2008,NA
"6393","Women","Teams 6-10","Bronze","FRA","France",4,"Table Tennis",2008,NA
"6394","Women","Singles Classes 1-2","Gold","CHN",NA,NA,"Table Tennis",2012,NA
"6395","Women","Singles Classes 1-2","Silver","ITA",NA,NA,"Table Tennis",2012,NA
"6396","Women","Singles Classes 1-2","Bronze","FRA",NA,NA,"Table Tennis",2012,NA
"6397","Women","Singles Class 3","Gold","SWE",NA,NA,"Table Tennis",2012,NA
"6398","Women","Singles Class 3","Silver","AUT",NA,NA,"Table Tennis",2012,NA
"6399","Women","Singles Class 3","Bronze","SVK",NA,NA,"Table Tennis",2012,NA
"6400","Women","Singles Class 4","Gold","CHN",NA,NA,"Table Tennis",2012,NA
"6401","Women","Singles Class 4","Silver","SRB",NA,NA,"Table Tennis",2012,NA
"6402","Women","Singles Class 4","Bronze","KOR",NA,NA,"Table Tennis",2012,NA
"6403","Women","Singles Class 5","Gold","CHN",NA,NA,"Table Tennis",2012,NA
"6404","Women","Singles Class 5","Silver","CHN",NA,NA,"Table Tennis",2012,NA
"6405","Women","Singles Class 5","Bronze","SWE",NA,NA,"Table Tennis",2012,NA
"6406","Women","Singles Class 6","Gold","RUS",NA,NA,"Table Tennis",2012,NA
"6407","Women","Singles Class 6","Silver","UKR",NA,NA,"Table Tennis",2012,NA
"6408","Women","Singles Class 6","Bronze","UKR",NA,NA,"Table Tennis",2012,NA
"6409","Women","Singles Class 7","Gold","NED",NA,NA,"Table Tennis",2012,NA
"6410","Women","Singles Class 7","Silver","RUS",NA,NA,"Table Tennis",2012,NA
"6411","Women","Singles Class 7","Bronze","UKR",NA,NA,"Table Tennis",2012,NA
"6412","Women","Singles Class 8","Gold","CHN",NA,NA,"Table Tennis",2012,NA
"6413","Women","Singles Class 8","Silver","FRA",NA,NA,"Table Tennis",2012,NA
"6414","Women","Singles Class 8","Bronze","SWE",NA,NA,"Table Tennis",2012,NA
"6415","Women","Singles Class 9","Gold","CHN",NA,NA,"Table Tennis",2012,NA
"6416","Women","Singles Class 9","Silver","TUR",NA,NA,"Table Tennis",2012,NA
"6417","Women","Singles Class 9","Bronze","CHN",NA,NA,"Table Tennis",2012,NA
"6418","Women","Singles Class 10","Gold","POL",NA,NA,"Table Tennis",2012,NA
"6419","Women","Singles Class 10","Silver","CHN",NA,NA,"Table Tennis",2012,NA
"6420","Women","Singles Class 10","Bronze","CHN",NA,NA,"Table Tennis",2012,NA
"6421","Women","Singles Class 11","Gold","HKG",NA,NA,"Table Tennis",2012,NA
"6422","Women","Singles Class 11","Silver","HKG",NA,NA,"Table Tennis",2012,NA
"6423","Women","Singles Class 11","Bronze","RUS",NA,NA,"Table Tennis",2012,NA
"6424","Women","Teams Classes 1-3","Gold","CHN","China",2,"Table Tennis",2012,NA
"6425","Women","Teams Classes 1-3","Silver","KOR","Korea",2,"Table Tennis",2012,NA
"6426","Women","Teams Classes 1-3","Silver","KOR","Korea",3,"Table Tennis",2012,NA
"6427","Women","Teams Classes 1-3","Bronze","GBR","Great Britain",2,"Table Tennis",2012,NA
"6428","Women","Teams Classes 4-5","Gold","CHN","China",4,"Table Tennis",2012,NA
"6429","Women","Teams Classes 4-5","Gold","CHN","China",5,"Table Tennis",2012,NA
"6430","Women","Teams Classes 4-5","Gold","CHN","China",6,"Table Tennis",2012,NA
"6431","Women","Teams Classes 4-5","Gold","CHN","China",7,"Table Tennis",2012,NA
"6432","Women","Teams Classes 4-5","Silver","SWE","Sweden",2,"Table Tennis",2012,NA
"6433","Women","Teams Classes 4-5","Bronze","KOR","Korea",2,"Table Tennis",2012,NA
"6434","Women","Teams Classes 6-10","Gold","CHN","China",2,"Table Tennis",2012,NA
"6435","Women","Teams Classes 6-10","Gold","CHN","China",3,"Table Tennis",2012,NA
"6436","Women","Teams Classes 6-10","Gold","CHN","China",4,"Table Tennis",2012,NA
"6437","Women","Teams Classes 6-10","Silver","TUR","Turkey",2,"Table Tennis",2012,NA
"6438","Women","Teams Classes 6-10","Silver","TUR","Turkey",3,"Table Tennis",2012,NA
"6439","Women","Teams Classes 6-10","Bronze","POL","Poland",2,"Table Tennis",2012,NA
"6440","Women","Teams Classes 6-10","Bronze","POL","Poland",3,"Table Tennis",2012,NA
"6441","Women","Teams Classes 6-10","Bronze","POL","Poland",4,"Table Tennis",2012,NA
"6442","Women","Singles Class 1-2","Gold","CHN",NA,NA,"Table Tennis",2016,NA
"6443","Women","Singles Class 1-2","Silver","KOR",NA,NA,"Table Tennis",2016,NA
"6444","Women","Singles Class 1-2","Bronze","ITA",NA,NA,"Table Tennis",2016,NA
"6445","Women","Singles Class 3","Gold","CHN",NA,NA,"Table Tennis",2016,NA
"6446","Women","Singles Class 3","Silver","CHN",NA,NA,"Table Tennis",2016,NA
"6447","Women","Singles Class 3","Bronze","SWE",NA,NA,"Table Tennis",2016,NA
"6448","Women","Singles Class 4","Gold","SRB",NA,NA,"Table Tennis",2016,NA
"6449","Women","Singles Class 4","Silver","CHN",NA,NA,"Table Tennis",2016,NA
"6450","Women","Singles Class 4","Bronze","SRB",NA,NA,"Table Tennis",2016,NA
"6451","Women","Singles Class 5","Gold","CHN",NA,NA,"Table Tennis",2016,NA
"6452","Women","Singles Class 5","Silver","CHN",NA,NA,"Table Tennis",2016,NA
"6453","Women","Singles Class 5","Bronze","KOR",NA,NA,"Table Tennis",2016,NA
"6454","Women","Singles Class 6","Gold","CRO",NA,NA,"Table Tennis",2016,NA
"6455","Women","Singles Class 6","Silver","GER",NA,NA,"Table Tennis",2016,NA
"6456","Women","Singles Class 6","Bronze","UKR",NA,NA,"Table Tennis",2016,NA
"6457","Women","Singles Class 7","Gold","NED",NA,NA,"Table Tennis",2016,NA
"6458","Women","Singles Class 7","Silver","TUR",NA,NA,"Table Tennis",2016,NA
"6459","Women","Singles Class 7","Bronze","KOR",NA,NA,"Table Tennis",2016,NA
"6460","Women","Singles Class 8","Gold","CHN",NA,NA,"Table Tennis",2016,NA
"6461","Women","Singles Class 8","Silver","FRA",NA,NA,"Table Tennis",2016,NA
"6462","Women","Singles Class 8","Bronze","PHI",NA,NA,"Table Tennis",2016,NA
"6463","Women","Singles Class 9","Gold","CHN",NA,NA,"Table Tennis",2016,NA
"6464","Women","Singles Class 9","Silver","CHN",NA,NA,"Table Tennis",2016,NA
"6465","Women","Singles Class 9","Bronze","POL",NA,NA,"Table Tennis",2016,NA
"6466","Women","Singles Class 10","Gold","POL",NA,NA,"Table Tennis",2016,NA
"6467","Women","Singles Class 10","Silver","CHN",NA,NA,"Table Tennis",2016,NA
"6468","Women","Singles Class 10","Bronze","BRA",NA,NA,"Table Tennis",2016,NA
"6469","Women","Singles Class 11","Gold","UKR",NA,NA,"Table Tennis",2016,NA
"6470","Women","Singles Class 11","Silver","POL",NA,NA,"Table Tennis",2016,NA
"6471","Women","Singles Class 11","Bronze","HKG",NA,NA,"Table Tennis",2016,NA
"6472","Women","Team Classes 1-3","Gold","CHN","China",2,"Table Tennis",2016,NA
"6473","Women","Team Classes 1-3","Gold","CHN","China",3,"Table Tennis",2016,NA
"6474","Women","Team Classes 1-3","Silver","CRO","Croatia",2,"Table Tennis",2016,NA
"6475","Women","Team Classes 1-3","Bronze","KOR","Korea",2,"Table Tennis",2016,NA
"6476","Women","Team Classes 1-3","Bronze","KOR","Korea",3,"Table Tennis",2016,NA
"6477","Women","Team Classes 4-5","Gold","CHN","China",2,"Table Tennis",2016,NA
"6478","Women","Team Classes 4-5","Gold","CHN","China",3,"Table Tennis",2016,NA
"6479","Women","Team Classes 4-5","Silver","SRB","Serbia",2,"Table Tennis",2016,NA
"6480","Women","Team Classes 4-5","Bronze","KOR","Korea",2,"Table Tennis",2016,NA
"6481","Women","Team Classes 6-10","Gold","POL","Poland",2,"Table Tennis",2016,NA
"6482","Women","Team Classes 6-10","Gold","POL","Poland",3,"Table Tennis",2016,NA
"6483","Women","Team Classes 6-10","Silver","CHN","China",2,"Table Tennis",2016,NA
"6484","Women","Team Classes 6-10","Silver","CHN","China",3,"Table Tennis",2016,NA
"6485","Women","Team Classes 6-10","Bronze","BRA","Brazil",2,"Table Tennis",2016,NA
"6486","Women","Team Classes 6-10","Bronze","BRA","Brazil",3,"Table Tennis",2016,NA
"6487","Women","Singles 2","Gold","SUI",NA,NA,"Wheelchair Tennis",1980,NA
"6488","Women","Singles 2","Silver","AUT",NA,NA,"Wheelchair Tennis",1980,NA
"6489","Women","Singles 2","Bronze","FRG",NA,NA,"Wheelchair Tennis",1980,NA
"6490","Women","Singles 3","Gold","SUI",NA,NA,"Wheelchair Tennis",1980,NA
"6491","Women","Singles 3","Silver","GBR",NA,NA,"Wheelchair Tennis",1980,NA
"6492","Women","Singles 3","Bronze","FRA",NA,NA,"Wheelchair Tennis",1980,NA
"6493","Women","Singles 4","Gold","NED",NA,NA,"Wheelchair Tennis",1980,NA
"6494","Women","Singles 4","Silver","SWE",NA,NA,"Wheelchair Tennis",1980,NA
"6495","Women","Singles 4","Bronze","NED",NA,NA,"Wheelchair Tennis",1980,NA
"6496","Women","Singles 1A","Gold","IRL",NA,NA,"Wheelchair Tennis",1980,NA
"6497","Women","Singles 1A","Silver","ZIM",NA,NA,"Wheelchair Tennis",1980,NA
"6498","Women","Singles 1A","Bronze","MEX",NA,NA,"Wheelchair Tennis",1980,NA
"6499","Women","Singles 1B","Gold","GBR",NA,NA,"Wheelchair Tennis",1980,NA
"6500","Women","Singles 1B","Silver","NOR",NA,NA,"Wheelchair Tennis",1980,NA
"6501","Women","Singles 1B","Bronze","ITA",NA,NA,"Wheelchair Tennis",1980,NA
"6502","Women","Singles C","Gold","GBR",NA,NA,"Wheelchair Tennis",1980,NA
"6503","Women","Singles C","Silver","SWE",NA,NA,"Wheelchair Tennis",1980,NA
"6504","Women","Singles C","Bronze","FRA",NA,NA,"Wheelchair Tennis",1980,NA
"6505","Women","Teams 2","Gold","AUT","Austria",2,"Wheelchair Tennis",1980,NA
"6506","Women","Teams 2","Silver","GBR","Great Britain",2,"Wheelchair Tennis",1980,NA
"6507","Women","Teams 3","Gold","SUI","Switzerland",2,"Wheelchair Tennis",1980,NA
"6508","Women","Teams 3","Bronze","JAM","Jamaica",2,"Wheelchair Tennis",1980,NA
"6509","Women","Teams 4","Gold","NED","Netherlands",2,"Wheelchair Tennis",1980,NA
"6510","Women","Teams 1B","Silver","IRL","Ireland",2,"Wheelchair Tennis",1980,NA
"6511","Women","Singles 2","Gold","SUI",NA,NA,"Wheelchair Tennis",1984,NA
"6512","Women","Singles 2","Silver","AUT",NA,NA,"Wheelchair Tennis",1984,NA
"6513","Women","Singles 2","Bronze","FRG",NA,NA,"Wheelchair Tennis",1984,NA
"6514","Women","Singles 3","Gold","FRG",NA,NA,"Wheelchair Tennis",1984,NA
"6515","Women","Singles 3","Silver","USA",NA,NA,"Wheelchair Tennis",1984,NA
"6516","Women","Singles 3","Bronze","FRA",NA,NA,"Wheelchair Tennis",1984,NA
"6517","Women","Singles 4","Gold","NED",NA,NA,"Wheelchair Tennis",1984,NA
"6518","Women","Singles 4","Silver","HKG",NA,NA,"Wheelchair Tennis",1984,NA
"6519","Women","Singles 4","Bronze","SUI",NA,NA,"Wheelchair Tennis",1984,NA
"6520","Women","Singles 1B","Gold","GBR",NA,NA,"Wheelchair Tennis",1984,NA
"6521","Women","Singles 1B","Silver","NOR",NA,NA,"Wheelchair Tennis",1984,NA
"6522","Women","Singles 1B","Bronze","SUI",NA,NA,"Wheelchair Tennis",1984,NA
"6523","Women","Singles 1C","Gold","GBR",NA,NA,"Wheelchair Tennis",1984,NA
"6524","Women","Singles 1C","Silver","GBR",NA,NA,"Wheelchair Tennis",1984,NA
"6525","Women","Singles C3","Gold","FRA",NA,NA,"Wheelchair Tennis",1984,NA
"6526","Women","Singles C3","Silver","GBR",NA,NA,"Wheelchair Tennis",1984,NA
"6527","Women","Singles C3","Bronze","CAN",NA,NA,"Wheelchair Tennis",1984,NA
"6528","Women","Singles C4-5","Gold","SWE",NA,NA,"Wheelchair Tennis",1984,NA
"6529","Women","Singles C4-5","Silver","NOR",NA,NA,"Wheelchair Tennis",1984,NA
"6530","Women","Singles C4-5","Bronze","IRL",NA,NA,"Wheelchair Tennis",1984,NA
"6531","Women","Singles L3","Gold","FRA",NA,NA,"Wheelchair Tennis",1984,NA
"6532","Women","Singles L3","Silver","GBR",NA,NA,"Wheelchair Tennis",1984,NA
"6533","Women","Singles L3","Bronze","ISL",NA,NA,"Wheelchair Tennis",1984,NA
"6534","Women","Singles L4","Gold","BEL",NA,NA,"Wheelchair Tennis",1984,NA
"6535","Women","Singles L4","Silver","FRA",NA,NA,"Wheelchair Tennis",1984,NA
"6536","Women","Singles L4","Bronze","GBR",NA,NA,"Wheelchair Tennis",1984,NA
"6537","Women","Singles L4","Bronze","NOR",NA,NA,"Wheelchair Tennis",1984,NA
"6538","Women","Singles L5","Gold","DEN",NA,NA,"Wheelchair Tennis",1984,NA
"6539","Women","Singles L5","Silver","CHN",NA,NA,"Wheelchair Tennis",1984,NA
"6540","Women","Open CL","Gold","DEN",NA,NA,"Wheelchair Tennis",1984,NA
"6541","Women","Open CL","Silver","FRA",NA,NA,"Wheelchair Tennis",1984,NA
"6542","Women","Open CL","Bronze","BEL",NA,NA,"Wheelchair Tennis",1984,NA
"6543","Women","Open 1B-4","Gold","FRG",NA,NA,"Wheelchair Tennis",1984,NA
"6544","Women","Open 1B-4","Silver","HKG",NA,NA,"Wheelchair Tennis",1984,NA
"6545","Women","Open 1B-4","Bronze","NED",NA,NA,"Wheelchair Tennis",1984,NA
"6546","Women","Teams 2","Gold","AUT","Austria",2,"Wheelchair Tennis",1984,NA
"6547","Women","Teams 4","Gold","SUI","Switzerland",2,"Wheelchair Tennis",1984,NA
"6548","Women","Teams 4","Gold","SUI","Switzerland",3,"Wheelchair Tennis",1984,NA
"6549","Women","Singles 2","Gold","SUI",NA,NA,"Wheelchair Tennis",1988,NA
"6550","Women","Singles 2","Silver","FRG",NA,NA,"Wheelchair Tennis",1988,NA
"6551","Women","Singles 2","Bronze","NED",NA,NA,"Wheelchair Tennis",1988,NA
"6552","Women","Singles 3","Gold","FRG",NA,NA,"Wheelchair Tennis",1988,NA
"6553","Women","Singles 3","Silver","USA",NA,NA,"Wheelchair Tennis",1988,NA
"6554","Women","Singles 3","Bronze","NOR",NA,NA,"Wheelchair Tennis",1988,NA
"6555","Women","Singles 4","Gold","USA",NA,NA,"Wheelchair Tennis",1988,NA
"6556","Women","Singles 4","Silver","FRG",NA,NA,"Wheelchair Tennis",1988,NA
"6557","Women","Singles 4","Bronze","AUT",NA,NA,"Wheelchair Tennis",1988,NA
"6558","Women","Singles 2-4","Gold","USA",NA,NA,"Wheelchair Tennis",1988,NA
"6559","Women","Singles 2-4","Silver","AUT",NA,NA,"Wheelchair Tennis",1988,NA
"6560","Women","Singles 2-4","Bronze","FRG",NA,NA,"Wheelchair Tennis",1988,NA
"6561","Women","Singles TT6","Gold","FRA",NA,NA,"Wheelchair Tennis",1988,NA
"6562","Women","Singles TT6","Silver","SWE",NA,NA,"Wheelchair Tennis",1988,NA
"6563","Women","Singles TT6","Bronze","CHN",NA,NA,"Wheelchair Tennis",1988,NA
"6564","Women","Singles TT7","Gold","CHN",NA,NA,"Wheelchair Tennis",1988,NA
"6565","Women","Singles TT7","Silver","DEN",NA,NA,"Wheelchair Tennis",1988,NA
"6566","Women","Singles TT7","Bronze","FRG",NA,NA,"Wheelchair Tennis",1988,NA
"6567","Women","Singles TT open","Gold","CHN",NA,NA,"Wheelchair Tennis",1988,NA
"6568","Women","Singles TT open","Silver","BEL",NA,NA,"Wheelchair Tennis",1988,NA
"6569","Women","Singles TT open","Bronze","SWE",NA,NA,"Wheelchair Tennis",1988,NA
"6570","Women","Teams 2","Gold","SUI","Switzerland",2,"Wheelchair Tennis",1988,NA
"6571","Women","Teams 2","Bronze","FRG","FR Germany",2,"Wheelchair Tennis",1988,NA
"6572","Women","Singles 3","Gold","NED",NA,NA,"Wheelchair Tennis",1992,NA
"6573","Women","Singles 3","Silver","GER",NA,NA,"Wheelchair Tennis",1992,NA
"6574","Women","Singles 3","Bronze","HUN",NA,NA,"Wheelchair Tennis",1992,NA
"6575","Women","Singles 3","Bronze","GER",NA,NA,"Wheelchair Tennis",1992,NA
"6576","Women","Singles 4","Gold","GER",NA,NA,"Wheelchair Tennis",1992,NA
"6577","Women","Singles 4","Silver","GER",NA,NA,"Wheelchair Tennis",1992,NA
"6578","Women","Singles 4","Bronze","AUT",NA,NA,"Wheelchair Tennis",1992,NA
"6579","Women","Singles 4","Bronze","AUT",NA,NA,"Wheelchair Tennis",1992,NA
"6580","Women","Singles 5","Gold","GER",NA,NA,"Wheelchair Tennis",1992,NA
"6581","Women","Singles 5","Silver","SUI",NA,NA,"Wheelchair Tennis",1992,NA
"6582","Women","Singles 5","Bronze","ITA",NA,NA,"Wheelchair Tennis",1992,NA
"6583","Women","Singles 5","Bronze","HKG",NA,NA,"Wheelchair Tennis",1992,NA
"6584","Women","Singles 9","Gold","CHN",NA,NA,"Wheelchair Tennis",1992,NA
"6585","Women","Singles 9","Silver","CHN",NA,NA,"Wheelchair Tennis",1992,NA
"6586","Women","Singles 9","Bronze","JPN",NA,NA,"Wheelchair Tennis",1992,NA
"6587","Women","Singles 9","Bronze","BEL",NA,NA,"Wheelchair Tennis",1992,NA
"6588","Women","Open 1-5","Gold","GER",NA,NA,"Wheelchair Tennis",1992,NA
"6589","Women","Open 1-5","Silver","ITA",NA,NA,"Wheelchair Tennis",1992,NA
"6590","Women","Open 1-5","Bronze","USA",NA,NA,"Wheelchair Tennis",1992,NA
"6591","Women","Open 1-5","Bronze","HKG",NA,NA,"Wheelchair Tennis",1992,NA
"6592","Women","Open 6-10","Gold","BEL",NA,NA,"Wheelchair Tennis",1992,NA
"6593","Women","Open 6-10","Silver","CHN",NA,NA,"Wheelchair Tennis",1992,NA
"6594","Women","Open 6-10","Bronze","CHN",NA,NA,"Wheelchair Tennis",1992,NA
"6595","Women","Open 6-10","Bronze","JPN",NA,NA,"Wheelchair Tennis",1992,NA
"6596","Women","Teams 3","Gold","GER","Germany",2,"Wheelchair Tennis",1992,NA
"6597","Women","Teams 3","Silver","HUN","Hungary",2,"Wheelchair Tennis",1992,NA
"6598","Women","Teams 3","Bronze","IRL","Ireland",2,"Wheelchair Tennis",1992,NA
"6599","Women","Teams 5","Gold","HKG","Hong Kong",2,"Wheelchair Tennis",1992,NA
"6600","Women","Teams 5","Silver","GER","Germany",2,"Wheelchair Tennis",1992,NA
"6601","Women","Teams 5","Silver","GER","Germany",3,"Wheelchair Tennis",1992,NA
"6602","Women","Teams 5","Silver","GER","Germany",4,"Wheelchair Tennis",1992,NA
"6603","Women","Teams 5","Bronze","ITA","Italy",2,"Wheelchair Tennis",1992,NA
"6604","Women","Teams 5","Bronze","ITA","Italy",3,"Wheelchair Tennis",1992,NA
"6605","Women","Teams 5","Bronze","ITA","Italy",4,"Wheelchair Tennis",1992,NA
"6606","Women","Teams 10","Gold","CHN","China",2,"Wheelchair Tennis",1992,NA
"6607","Women","Teams 10","Silver","FRA","France",4,"Wheelchair Tennis",1992,NA
"6608","Women","Teams 10","Silver","FRA","France",5,"Wheelchair Tennis",1992,NA
"6609","Women","Teams 10","Silver","FRA","France",6,"Wheelchair Tennis",1992,NA
"6610","Women","Teams 10","Silver","FRA","France",7,"Wheelchair Tennis",1992,NA
"6611","Women","Teams 10","Bronze","NED","Netherlands",2,"Wheelchair Tennis",1992,NA
"6612","Women","Teams 10","Bronze","NED","Netherlands",3,"Wheelchair Tennis",1992,NA
"6613","Women","Singles 1-2","Gold","FRA",NA,NA,"Wheelchair Tennis",1996,NA
"6614","Women","Singles 1-2","Silver","FRA",NA,NA,"Wheelchair Tennis",1996,NA
"6615","Women","Singles 1-2","Bronze","GER",NA,NA,"Wheelchair Tennis",1996,NA
"6616","Women","Singles 3","Gold","HUN",NA,NA,"Wheelchair Tennis",1996,NA
"6617","Women","Singles 3","Silver","GER",NA,NA,"Wheelchair Tennis",1996,NA
"6618","Women","Singles 3","Bronze","BEL",NA,NA,"Wheelchair Tennis",1996,NA
"6619","Women","Singles 4","Gold","USA",NA,NA,"Wheelchair Tennis",1996,NA
"6620","Women","Singles 4","Silver","GER",NA,NA,"Wheelchair Tennis",1996,NA
"6621","Women","Singles 4","Bronze","NED",NA,NA,"Wheelchair Tennis",1996,NA
"6622","Women","Singles 5","Gold","AUT",NA,NA,"Wheelchair Tennis",1996,NA
"6623","Women","Singles 5","Silver","MEX",NA,NA,"Wheelchair Tennis",1996,NA
"6624","Women","Singles 5","Bronze","GER",NA,NA,"Wheelchair Tennis",1996,NA
"6625","Women","Singles 5","Bronze","ITA",NA,NA,"Wheelchair Tennis",1996,NA
"6626","Women","Singles 6-8","Gold","BEL",NA,NA,"Wheelchair Tennis",1996,NA
"6627","Women","Singles 6-8","Silver","FRA",NA,NA,"Wheelchair Tennis",1996,NA
"6628","Women","Singles 6-8","Bronze","CHN",NA,NA,"Wheelchair Tennis",1996,NA
"6629","Women","Singles 9","Gold","CHN",NA,NA,"Wheelchair Tennis",1996,NA
"6630","Women","Singles 9","Silver","FRA",NA,NA,"Wheelchair Tennis",1996,NA
"6631","Women","Singles 9","Bronze","JPN",NA,NA,"Wheelchair Tennis",1996,NA
"6632","Women","Singles 10","Gold","FRA",NA,NA,"Wheelchair Tennis",1996,NA
"6633","Women","Singles 10","Silver","CZE",NA,NA,"Wheelchair Tennis",1996,NA
"6634","Women","Singles 10","Bronze","POL",NA,NA,"Wheelchair Tennis",1996,NA
"6635","Women","Open 1-5","Gold","GER",NA,NA,"Wheelchair Tennis",1996,NA
"6636","Women","Open 1-5","Silver","HKG",NA,NA,"Wheelchair Tennis",1996,NA
"6637","Women","Open 1-5","Bronze","AUT",NA,NA,"Wheelchair Tennis",1996,NA
"6638","Women","Open 1-5","Bronze","HKG",NA,NA,"Wheelchair Tennis",1996,NA
"6639","Women","Open 6-10","Gold","CHN",NA,NA,"Wheelchair Tennis",1996,NA
"6640","Women","Open 6-10","Silver","BEL",NA,NA,"Wheelchair Tennis",1996,NA
"6641","Women","Open 6-10","Bronze","FRA",NA,NA,"Wheelchair Tennis",1996,NA
"6642","Women","Open 6-10","Bronze","CHN",NA,NA,"Wheelchair Tennis",1996,NA
"6643","Women","Teams 3-5","Gold","GER","Germany",2,"Wheelchair Tennis",1996,NA
"6644","Women","Teams 3-5","Gold","GER","Germany",3,"Wheelchair Tennis",1996,NA
"6645","Women","Teams 3-5","Gold","GER","Germany",4,"Wheelchair Tennis",1996,NA
"6646","Women","Teams 3-5","Silver","HKG","Hong Kong",2,"Wheelchair Tennis",1996,NA
"6647","Women","Teams 3-5","Bronze","USA","United States of America",2,"Wheelchair Tennis",1996,NA
"6648","Women","Teams 3-5","Bronze","USA","United States of America",3,"Wheelchair Tennis",1996,NA
"6649","Women","Teams 6-10","Gold","CHN","China",2,"Wheelchair Tennis",1996,NA
"6650","Women","Teams 6-10","Silver","CZE","Czech Republic",2,"Wheelchair Tennis",1996,NA
"6651","Women","Teams 6-10","Bronze","FRA","France",2,"Wheelchair Tennis",1996,NA
"6652","Women","Teams 6-10","Bronze","FRA","France",3,"Wheelchair Tennis",1996,NA
"6653","Women","Singles 1-2","Gold","JOR",NA,NA,"Wheelchair Tennis",2000,NA
"6654","Women","Singles 1-2","Silver","FRA",NA,NA,"Wheelchair Tennis",2000,NA
"6655","Women","Singles 1-2","Bronze","GBR",NA,NA,"Wheelchair Tennis",2000,NA
"6656","Women","Singles 3","Gold","SVK",NA,NA,"Wheelchair Tennis",2000,NA
"6657","Women","Singles 3","Silver","JPN",NA,NA,"Wheelchair Tennis",2000,NA
"6658","Women","Singles 3","Bronze","GER",NA,NA,"Wheelchair Tennis",2000,NA
"6659","Women","Singles 4","Gold","GER",NA,NA,"Wheelchair Tennis",2000,NA
"6660","Women","Singles 4","Silver","GER",NA,NA,"Wheelchair Tennis",2000,NA
"6661","Women","Singles 4","Bronze","SUI",NA,NA,"Wheelchair Tennis",2000,NA
"6662","Women","Singles 5","Gold","CHN",NA,NA,"Wheelchair Tennis",2000,NA
"6663","Women","Singles 5","Silver","CHN",NA,NA,"Wheelchair Tennis",2000,NA
"6664","Women","Singles 5","Bronze","CZE",NA,NA,"Wheelchair Tennis",2000,NA
"6665","Women","Singles 6-8","Gold","CHN",NA,NA,"Wheelchair Tennis",2000,NA
"6666","Women","Singles 6-8","Silver","FRA",NA,NA,"Wheelchair Tennis",2000,NA
"6667","Women","Singles 6-8","Bronze","FRA",NA,NA,"Wheelchair Tennis",2000,NA
"6668","Women","Singles 9","Gold","FRA",NA,NA,"Wheelchair Tennis",2000,NA
"6669","Women","Singles 9","Silver","CHN",NA,NA,"Wheelchair Tennis",2000,NA
"6670","Women","Singles 9","Bronze","CHN",NA,NA,"Wheelchair Tennis",2000,NA
"6671","Women","Singles 10","Gold","CZE",NA,NA,"Wheelchair Tennis",2000,NA
"6672","Women","Singles 10","Silver","FRA",NA,NA,"Wheelchair Tennis",2000,NA
"6673","Women","Singles 10","Bronze","JPN",NA,NA,"Wheelchair Tennis",2000,NA
"6674","Women","Singles 11","Gold","HKG",NA,NA,"Wheelchair Tennis",2000,NA
"6675","Women","Singles 11","Silver","SVK",NA,NA,"Wheelchair Tennis",2000,NA
"6676","Women","Singles 11","Bronze","UKR",NA,NA,"Wheelchair Tennis",2000,NA
"6677","Women","Teams 1-3","Gold","FRA","France",2,"Wheelchair Tennis",2000,NA
"6678","Women","Teams 1-3","Silver","GER","Germany",2,"Wheelchair Tennis",2000,NA
"6679","Women","Teams 1-3","Bronze","NED","Netherlands",2,"Wheelchair Tennis",2000,NA
"6680","Women","Teams 4-5","Gold","CHN","China",2,"Wheelchair Tennis",2000,NA
"6681","Women","Teams 4-5","Silver","GER","Germany",2,"Wheelchair Tennis",2000,NA
"6682","Women","Teams 4-5","Bronze","TPE","Chinese Taipei",2,"Wheelchair Tennis",2000,NA
"6683","Women","Teams 4-5","Bronze","TPE","Chinese Taipei",3,"Wheelchair Tennis",2000,NA
"6684","Women","Teams 6-10","Gold","CHN","China",2,"Wheelchair Tennis",2000,NA
"6685","Women","Teams 6-10","Gold","CHN","China",3,"Wheelchair Tennis",2000,NA
"6686","Women","Teams 6-10","Gold","CHN","China",4,"Wheelchair Tennis",2000,NA
"6687","Women","Teams 6-10","Silver","CZE","Czech Republic",2,"Wheelchair Tennis",2000,NA
"6688","Women","Teams 6-10","Silver","CZE","Czech Republic",3,"Wheelchair Tennis",2000,NA
"6689","Women","Teams 6-10","Silver","CZE","Czech Republic",4,"Wheelchair Tennis",2000,NA
"6690","Women","Teams 6-10","Bronze","FRA","France",2,"Wheelchair Tennis",2000,NA
"6691","Women","Teams 6-10","Bronze","FRA","France",3,"Wheelchair Tennis",2000,NA
"6692","Women","Singles 1-2","Gold","FRA",NA,NA,"Wheelchair Tennis",2004,NA
"6693","Women","Singles 1-2","Silver","FRA",NA,NA,"Wheelchair Tennis",2004,NA
"6694","Women","Singles 1-2","Bronze","GBR",NA,NA,"Wheelchair Tennis",2004,NA
"6695","Women","Singles 3","Gold","SLO",NA,NA,"Wheelchair Tennis",2004,NA
"6696","Women","Singles 3","Silver","FRA",NA,NA,"Wheelchair Tennis",2004,NA
"6697","Women","Singles 3","Bronze","SVK",NA,NA,"Wheelchair Tennis",2004,NA
"6698","Women","Singles 4","Gold","GER",NA,NA,"Wheelchair Tennis",2004,NA
"6699","Women","Singles 4","Silver","ITA",NA,NA,"Wheelchair Tennis",2004,NA
"6700","Women","Singles 4","Bronze","GER",NA,NA,"Wheelchair Tennis",2004,NA
"6701","Women","Singles 5","Gold","CHN",NA,NA,"Wheelchair Tennis",2004,NA
"6702","Women","Singles 5","Silver","CHN",NA,NA,"Wheelchair Tennis",2004,NA
"6703","Women","Singles 5","Bronze","TPE",NA,NA,"Wheelchair Tennis",2004,NA
"6704","Women","Singles 6-8","Gold","CHN",NA,NA,"Wheelchair Tennis",2004,NA
"6705","Women","Singles 6-8","Silver","SWE",NA,NA,"Wheelchair Tennis",2004,NA
"6706","Women","Singles 6-8","Bronze","RUS",NA,NA,"Wheelchair Tennis",2004,NA
"6707","Women","Singles 9","Gold","CHN",NA,NA,"Wheelchair Tennis",2004,NA
"6708","Women","Singles 9","Silver","CHN",NA,NA,"Wheelchair Tennis",2004,NA
"6709","Women","Singles 9","Bronze","FRA",NA,NA,"Wheelchair Tennis",2004,NA
"6710","Women","Singles 10","Gold","POL",NA,NA,"Wheelchair Tennis",2004,NA
"6711","Women","Singles 10","Silver","CZE",NA,NA,"Wheelchair Tennis",2004,NA
"6712","Women","Singles 10","Bronze","CHN",NA,NA,"Wheelchair Tennis",2004,NA
"6713","Women","Teams 1-3","Gold","FRA","France",2,"Wheelchair Tennis",2004,NA
"6714","Women","Teams 1-3","Gold","FRA","France",3,"Wheelchair Tennis",2004,NA
"6715","Women","Teams 4-5","Gold","CHN","China",2,"Wheelchair Tennis",2004,NA
"6716","Women","Teams 4-5","Gold","CHN","China",3,"Wheelchair Tennis",2004,NA
"6717","Women","Teams 4-5","Silver","TPE","Chinese Taipei",2,"Wheelchair Tennis",2004,NA
"6718","Women","Teams 4-5","Bronze","JOR","Jordan",2,"Wheelchair Tennis",2004,NA
"6719","Women","Teams 4-5","Bronze","JOR","Jordan",3,"Wheelchair Tennis",2004,NA
"6720","Women","Teams 6-10","Gold","CHN","China",2,"Wheelchair Tennis",2004,NA
"6721","Women","Teams 6-10","Gold","CHN","China",3,"Wheelchair Tennis",2004,NA
"6722","Women","Teams 6-10","Gold","CHN","China",4,"Wheelchair Tennis",2004,NA
"6723","Women","Teams 6-10","Silver","POL","Poland",2,"Wheelchair Tennis",2004,NA
"6724","Women","Teams 6-10","Silver","POL","Poland",3,"Wheelchair Tennis",2004,NA
"6725","Women","Teams 6-10","Silver","POL","Poland",4,"Wheelchair Tennis",2004,NA
"6726","Women","Teams 6-10","Bronze","FRA","France",2,"Wheelchair Tennis",2004,NA
"6727","Women","Teams 6-10","Bronze","FRA","France",3,"Wheelchair Tennis",2004,NA
"6728","Women","Teams 6-10","Bronze","FRA","France",4,"Wheelchair Tennis",2004,NA
"6729","Women","Singles 1-2","Gold","CHN",NA,NA,"Wheelchair Tennis",2008,NA
"6730","Women","Singles 1-2","Silver","ITA",NA,NA,"Wheelchair Tennis",2008,NA
"6731","Women","Singles 1-2","Bronze","ITA",NA,NA,"Wheelchair Tennis",2008,NA
"6732","Women","Singles 3","Gold","CHN",NA,NA,"Wheelchair Tennis",2008,NA
"6733","Women","Singles 3","Silver","SVK",NA,NA,"Wheelchair Tennis",2008,NA
"6734","Women","Singles 3","Bronze","SLO",NA,NA,"Wheelchair Tennis",2008,NA
"6735","Women","Singles 4","Gold","CHN",NA,NA,"Wheelchair Tennis",2008,NA
"6736","Women","Singles 4","Silver","SRB",NA,NA,"Wheelchair Tennis",2008,NA
"6737","Women","Singles 4","Bronze","KOR",NA,NA,"Wheelchair Tennis",2008,NA
"6738","Women","Singles 5","Gold","CHN",NA,NA,"Wheelchair Tennis",2008,NA
"6739","Women","Singles 5","Silver","CHN",NA,NA,"Wheelchair Tennis",2008,NA
"6740","Women","Singles 5","Bronze","GER",NA,NA,"Wheelchair Tennis",2008,NA
"6741","Women","Singles 6-7","Gold","RUS",NA,NA,"Wheelchair Tennis",2008,NA
"6742","Women","Singles 6-7","Silver","RUS",NA,NA,"Wheelchair Tennis",2008,NA
"6743","Women","Singles 6-7","Bronze","NED",NA,NA,"Wheelchair Tennis",2008,NA
"6744","Women","Singles 8","Gold","FRA",NA,NA,"Wheelchair Tennis",2008,NA
"6745","Women","Singles 8","Silver","SWE",NA,NA,"Wheelchair Tennis",2008,NA
"6746","Women","Singles 8","Bronze","CHN",NA,NA,"Wheelchair Tennis",2008,NA
"6747","Women","Singles 9","Gold","CHN",NA,NA,"Wheelchair Tennis",2008,NA
"6748","Women","Singles 9","Silver","CHN",NA,NA,"Wheelchair Tennis",2008,NA
"6749","Women","Singles 9","Bronze","TUR",NA,NA,"Wheelchair Tennis",2008,NA
"6750","Women","Singles 10","Gold","POL",NA,NA,"Wheelchair Tennis",2008,NA
"6751","Women","Singles 10","Silver","CHN",NA,NA,"Wheelchair Tennis",2008,NA
"6752","Women","Singles 10","Bronze","CHN",NA,NA,"Wheelchair Tennis",2008,NA
"6753","Women","Teams 1-3","Gold","CHN","China",2,"Wheelchair Tennis",2008,NA
"6754","Women","Teams 1-3","Silver","ITA","Italy",2,"Wheelchair Tennis",2008,NA
"6755","Women","Teams 1-3","Silver","ITA","Italy",3,"Wheelchair Tennis",2008,NA
"6756","Women","Teams 1-3","Silver","ITA","Italy",4,"Wheelchair Tennis",2008,NA
"6757","Women","Teams 1-3","Bronze","FRA","France",2,"Wheelchair Tennis",2008,NA
"6758","Women","Teams 1-3","Bronze","FRA","France",3,"Wheelchair Tennis",2008,NA
"6759","Women","Teams 1-3","Bronze","FRA","France",4,"Wheelchair Tennis",2008,NA
"6760","Women","Teams 4-5","Gold","CHN","China",2,"Wheelchair Tennis",2008,NA
"6761","Women","Teams 4-5","Gold","CHN","China",3,"Wheelchair Tennis",2008,NA
"6762","Women","Teams 4-5","Gold","CHN","China",4,"Wheelchair Tennis",2008,NA
"6763","Women","Teams 4-5","Silver","GER","Germany",2,"Wheelchair Tennis",2008,NA
"6764","Women","Teams 4-5","Bronze","JOR","Jordan",2,"Wheelchair Tennis",2008,NA
"6765","Women","Teams 4-5","Bronze","JOR","Jordan",3,"Wheelchair Tennis",2008,NA
"6766","Women","Teams 6-10","Gold","CHN","China",2,"Wheelchair Tennis",2008,NA
"6767","Women","Teams 6-10","Gold","CHN","China",3,"Wheelchair Tennis",2008,NA
"6768","Women","Teams 6-10","Gold","CHN","China",4,"Wheelchair Tennis",2008,NA
"6769","Women","Teams 6-10","Silver","POL","Poland",2,"Wheelchair Tennis",2008,NA
"6770","Women","Teams 6-10","Bronze","FRA","France",2,"Wheelchair Tennis",2008,NA
"6771","Women","Teams 6-10","Bronze","FRA","France",3,"Wheelchair Tennis",2008,NA
"6772","Women","Teams 6-10","Bronze","FRA","France",4,"Wheelchair Tennis",2008,NA
"6773","Women","Singles Classes 1-2","Gold","CHN",NA,NA,"Wheelchair Tennis",2012,NA
"6774","Women","Singles Classes 1-2","Silver","ITA",NA,NA,"Wheelchair Tennis",2012,NA
"6775","Women","Singles Classes 1-2","Bronze","FRA",NA,NA,"Wheelchair Tennis",2012,NA
"6776","Women","Singles Class 3","Gold","SWE",NA,NA,"Wheelchair Tennis",2012,NA
"6777","Women","Singles Class 3","Silver","AUT",NA,NA,"Wheelchair Tennis",2012,NA
"6778","Women","Singles Class 3","Bronze","SVK",NA,NA,"Wheelchair Tennis",2012,NA
"6779","Women","Singles Class 4","Gold","CHN",NA,NA,"Wheelchair Tennis",2012,NA
"6780","Women","Singles Class 4","Silver","SRB",NA,NA,"Wheelchair Tennis",2012,NA
"6781","Women","Singles Class 4","Bronze","KOR",NA,NA,"Wheelchair Tennis",2012,NA
"6782","Women","Singles Class 5","Gold","CHN",NA,NA,"Wheelchair Tennis",2012,NA
"6783","Women","Singles Class 5","Silver","CHN",NA,NA,"Wheelchair Tennis",2012,NA
"6784","Women","Singles Class 5","Bronze","SWE",NA,NA,"Wheelchair Tennis",2012,NA
"6785","Women","Singles Class 6","Gold","RUS",NA,NA,"Wheelchair Tennis",2012,NA
"6786","Women","Singles Class 6","Silver","UKR",NA,NA,"Wheelchair Tennis",2012,NA
"6787","Women","Singles Class 6","Bronze","UKR",NA,NA,"Wheelchair Tennis",2012,NA
"6788","Women","Singles Class 7","Gold","NED",NA,NA,"Wheelchair Tennis",2012,NA
"6789","Women","Singles Class 7","Silver","RUS",NA,NA,"Wheelchair Tennis",2012,NA
"6790","Women","Singles Class 7","Bronze","UKR",NA,NA,"Wheelchair Tennis",2012,NA
"6791","Women","Singles Class 8","Gold","CHN",NA,NA,"Wheelchair Tennis",2012,NA
"6792","Women","Singles Class 8","Silver","FRA",NA,NA,"Wheelchair Tennis",2012,NA
"6793","Women","Singles Class 8","Bronze","SWE",NA,NA,"Wheelchair Tennis",2012,NA
"6794","Women","Singles Class 9","Gold","CHN",NA,NA,"Wheelchair Tennis",2012,NA
"6795","Women","Singles Class 9","Silver","TUR",NA,NA,"Wheelchair Tennis",2012,NA
"6796","Women","Singles Class 9","Bronze","CHN",NA,NA,"Wheelchair Tennis",2012,NA
"6797","Women","Singles Class 10","Gold","POL",NA,NA,"Wheelchair Tennis",2012,NA
"6798","Women","Singles Class 10","Silver","CHN",NA,NA,"Wheelchair Tennis",2012,NA
"6799","Women","Singles Class 10","Bronze","CHN",NA,NA,"Wheelchair Tennis",2012,NA
"6800","Women","Singles Class 11","Gold","HKG",NA,NA,"Wheelchair Tennis",2012,NA
"6801","Women","Singles Class 11","Silver","HKG",NA,NA,"Wheelchair Tennis",2012,NA
"6802","Women","Singles Class 11","Bronze","RUS",NA,NA,"Wheelchair Tennis",2012,NA
"6803","Women","Teams Classes 1-3","Gold","CHN","China",2,"Wheelchair Tennis",2012,NA
"6804","Women","Teams Classes 1-3","Silver","KOR","Korea",2,"Wheelchair Tennis",2012,NA
"6805","Women","Teams Classes 1-3","Silver","KOR","Korea",3,"Wheelchair Tennis",2012,NA
"6806","Women","Teams Classes 1-3","Bronze","GBR","Great Britain",2,"Wheelchair Tennis",2012,NA
"6807","Women","Teams Classes 4-5","Gold","CHN","China",4,"Wheelchair Tennis",2012,NA
"6808","Women","Teams Classes 4-5","Gold","CHN","China",5,"Wheelchair Tennis",2012,NA
"6809","Women","Teams Classes 4-5","Gold","CHN","China",6,"Wheelchair Tennis",2012,NA
"6810","Women","Teams Classes 4-5","Gold","CHN","China",7,"Wheelchair Tennis",2012,NA
"6811","Women","Teams Classes 4-5","Silver","SWE","Sweden",2,"Wheelchair Tennis",2012,NA
"6812","Women","Teams Classes 4-5","Bronze","KOR","Korea",2,"Wheelchair Tennis",2012,NA
"6813","Women","Teams Classes 6-10","Gold","CHN","China",2,"Wheelchair Tennis",2012,NA
"6814","Women","Teams Classes 6-10","Gold","CHN","China",3,"Wheelchair Tennis",2012,NA
"6815","Women","Teams Classes 6-10","Gold","CHN","China",4,"Wheelchair Tennis",2012,NA
"6816","Women","Teams Classes 6-10","Silver","TUR","Turkey",2,"Wheelchair Tennis",2012,NA
"6817","Women","Teams Classes 6-10","Silver","TUR","Turkey",3,"Wheelchair Tennis",2012,NA
"6818","Women","Teams Classes 6-10","Bronze","POL","Poland",2,"Wheelchair Tennis",2012,NA
"6819","Women","Teams Classes 6-10","Bronze","POL","Poland",3,"Wheelchair Tennis",2012,NA
"6820","Women","Teams Classes 6-10","Bronze","POL","Poland",4,"Wheelchair Tennis",2012,NA
"6821","Women","Singles Class 1-2","Gold","CHN",NA,NA,"Wheelchair Tennis",2016,NA
"6822","Women","Singles Class 1-2","Silver","KOR",NA,NA,"Wheelchair Tennis",2016,NA
"6823","Women","Singles Class 1-2","Bronze","ITA",NA,NA,"Wheelchair Tennis",2016,NA
"6824","Women","Singles Class 3","Gold","CHN",NA,NA,"Wheelchair Tennis",2016,NA
"6825","Women","Singles Class 3","Silver","CHN",NA,NA,"Wheelchair Tennis",2016,NA
"6826","Women","Singles Class 3","Bronze","SWE",NA,NA,"Wheelchair Tennis",2016,NA
"6827","Women","Singles Class 4","Gold","SRB",NA,NA,"Wheelchair Tennis",2016,NA
"6828","Women","Singles Class 4","Silver","CHN",NA,NA,"Wheelchair Tennis",2016,NA
"6829","Women","Singles Class 4","Bronze","SRB",NA,NA,"Wheelchair Tennis",2016,NA
"6830","Women","Singles Class 5","Gold","CHN",NA,NA,"Wheelchair Tennis",2016,NA
"6831","Women","Singles Class 5","Silver","CHN",NA,NA,"Wheelchair Tennis",2016,NA
"6832","Women","Singles Class 5","Bronze","KOR",NA,NA,"Wheelchair Tennis",2016,NA
"6833","Women","Singles Class 6","Gold","CRO",NA,NA,"Wheelchair Tennis",2016,NA
"6834","Women","Singles Class 6","Silver","GER",NA,NA,"Wheelchair Tennis",2016,NA
"6835","Women","Singles Class 6","Bronze","UKR",NA,NA,"Wheelchair Tennis",2016,NA
"6836","Women","Singles Class 7","Gold","NED",NA,NA,"Wheelchair Tennis",2016,NA
"6837","Women","Singles Class 7","Silver","TUR",NA,NA,"Wheelchair Tennis",2016,NA
"6838","Women","Singles Class 7","Bronze","KOR",NA,NA,"Wheelchair Tennis",2016,NA
"6839","Women","Singles Class 8","Gold","CHN",NA,NA,"Wheelchair Tennis",2016,NA
"6840","Women","Singles Class 8","Silver","FRA",NA,NA,"Wheelchair Tennis",2016,NA
"6841","Women","Singles Class 8","Bronze","PHI",NA,NA,"Wheelchair Tennis",2016,NA
"6842","Women","Singles Class 9","Gold","CHN",NA,NA,"Wheelchair Tennis",2016,NA
"6843","Women","Singles Class 9","Silver","CHN",NA,NA,"Wheelchair Tennis",2016,NA
"6844","Women","Singles Class 9","Bronze","POL",NA,NA,"Wheelchair Tennis",2016,NA
"6845","Women","Singles Class 10","Gold","POL",NA,NA,"Wheelchair Tennis",2016,NA
"6846","Women","Singles Class 10","Silver","CHN",NA,NA,"Wheelchair Tennis",2016,NA
"6847","Women","Singles Class 10","Bronze","BRA",NA,NA,"Wheelchair Tennis",2016,NA
"6848","Women","Singles Class 11","Gold","UKR",NA,NA,"Wheelchair Tennis",2016,NA
"6849","Women","Singles Class 11","Silver","POL",NA,NA,"Wheelchair Tennis",2016,NA
"6850","Women","Singles Class 11","Bronze","HKG",NA,NA,"Wheelchair Tennis",2016,NA
"6851","Women","Team Classes 1-3","Gold","CHN","China",2,"Wheelchair Tennis",2016,NA
"6852","Women","Team Classes 1-3","Gold","CHN","China",3,"Wheelchair Tennis",2016,NA
"6853","Women","Team Classes 1-3","Silver","CRO","Croatia",2,"Wheelchair Tennis",2016,NA
"6854","Women","Team Classes 1-3","Bronze","KOR","Korea",2,"Wheelchair Tennis",2016,NA
"6855","Women","Team Classes 1-3","Bronze","KOR","Korea",3,"Wheelchair Tennis",2016,NA
"6856","Women","Team Classes 4-5","Gold","CHN","China",2,"Wheelchair Tennis",2016,NA
"6857","Women","Team Classes 4-5","Gold","CHN","China",3,"Wheelchair Tennis",2016,NA
"6858","Women","Team Classes 4-5","Silver","SRB","Serbia",2,"Wheelchair Tennis",2016,NA
"6859","Women","Team Classes 4-5","Bronze","KOR","Korea",2,"Wheelchair Tennis",2016,NA
"6860","Women","Team Classes 6-10","Gold","POL","Poland",2,"Wheelchair Tennis",2016,NA
"6861","Women","Team Classes 6-10","Gold","POL","Poland",3,"Wheelchair Tennis",2016,NA
"6862","Women","Team Classes 6-10","Silver","CHN","China",2,"Wheelchair Tennis",2016,NA
"6863","Women","Team Classes 6-10","Silver","CHN","China",3,"Wheelchair Tennis",2016,NA
"6864","Women","Team Classes 6-10","Bronze","BRA","Brazil",2,"Wheelchair Tennis",2016,NA
"6865","Women","Team Classes 6-10","Bronze","BRA","Brazil",3,"Wheelchair Tennis",2016,NA
"6866","Women","PT2","Gold","USA",NA,NA,"Triathlon",2016,NA
"6867","Women","PT2","Silver","USA",NA,NA,"Triathlon",2016,NA
"6868","Women","PT2","Bronze","USA",NA,NA,"Triathlon",2016,NA
"6869","Women","PT4","Gold","USA",NA,NA,"Triathlon",2016,NA
"6870","Women","PT4","Silver","GBR",NA,NA,"Triathlon",2016,NA
"6871","Women","PT4","Bronze","FRA",NA,NA,"Triathlon",2016,NA
"6872","Women","PT5","Gold","AUS",NA,NA,"Triathlon",2016,"JONES Michellie"
"6873","Women","PT5","Silver","GBR",NA,NA,"Triathlon",2016,"SMITH Hazel"
"6874","Women","PT5","Bronze","GBR",NA,NA,"Triathlon",2016,"WALTERS Nicole"
"6875","Women","Sitting Volleyball","Gold","CHN","China",2,"Volleyball",2004,NA
"6876","Women","Sitting Volleyball","Gold","CHN","China",3,"Volleyball",2004,NA
"6877","Women","Sitting Volleyball","Gold","CHN","China",4,"Volleyball",2004,NA
"6878","Women","Sitting Volleyball","Gold","CHN","China",5,"Volleyball",2004,NA
"6879","Women","Sitting Volleyball","Gold","CHN","China",6,"Volleyball",2004,NA
"6880","Women","Sitting Volleyball","Gold","CHN","China",7,"Volleyball",2004,NA
"6881","Women","Sitting Volleyball","Gold","CHN","China",8,"Volleyball",2004,NA
"6882","Women","Sitting Volleyball","Gold","CHN","China",9,"Volleyball",2004,NA
"6883","Women","Sitting Volleyball","Gold","CHN","China",10,"Volleyball",2004,NA
"6884","Women","Sitting Volleyball","Gold","CHN","China",11,"Volleyball",2004,NA
"6885","Women","Sitting Volleyball","Gold","CHN","China",12,"Volleyball",2004,NA
"6886","Women","Sitting Volleyball","Silver","NED","Netherlands",2,"Volleyball",2004,NA
"6887","Women","Sitting Volleyball","Silver","NED","Netherlands",3,"Volleyball",2004,NA
"6888","Women","Sitting Volleyball","Silver","NED","Netherlands",4,"Volleyball",2004,NA
"6889","Women","Sitting Volleyball","Silver","NED","Netherlands",5,"Volleyball",2004,NA
"6890","Women","Sitting Volleyball","Silver","NED","Netherlands",6,"Volleyball",2004,NA
"6891","Women","Sitting Volleyball","Silver","NED","Netherlands",7,"Volleyball",2004,NA
"6892","Women","Sitting Volleyball","Silver","NED","Netherlands",8,"Volleyball",2004,NA
"6893","Women","Sitting Volleyball","Silver","NED","Netherlands",9,"Volleyball",2004,NA
"6894","Women","Sitting Volleyball","Silver","NED","Netherlands",10,"Volleyball",2004,NA
"6895","Women","Sitting Volleyball","Silver","NED","Netherlands",11,"Volleyball",2004,NA
"6896","Women","Sitting Volleyball","Silver","NED","Netherlands",12,"Volleyball",2004,NA
"6897","Women","Sitting Volleyball","Bronze","USA","United States of America",2,"Volleyball",2004,NA
"6898","Women","Sitting Volleyball","Bronze","USA","United States of America",3,"Volleyball",2004,NA
"6899","Women","Sitting Volleyball","Bronze","USA","United States of America",4,"Volleyball",2004,NA
"6900","Women","Sitting Volleyball","Bronze","USA","United States of America",5,"Volleyball",2004,NA
"6901","Women","Sitting Volleyball","Bronze","USA","United States of America",6,"Volleyball",2004,NA
"6902","Women","Sitting Volleyball","Bronze","USA","United States of America",7,"Volleyball",2004,NA
"6903","Women","Sitting Volleyball","Bronze","USA","United States of America",8,"Volleyball",2004,NA
"6904","Women","Sitting Volleyball","Bronze","USA","United States of America",9,"Volleyball",2004,NA
"6905","Women","Sitting Volleyball","Bronze","USA","United States of America",10,"Volleyball",2004,NA
"6906","Women","Sitting Volleyball","Bronze","USA","United States of America",11,"Volleyball",2004,NA
"6907","Women","Sitting Volleyball","Bronze","USA","United States of America",12,"Volleyball",2004,NA
"6908","Women","Sitting Volleyball","Gold","CHN","China",2,"Volleyball",2008,NA
"6909","Women","Sitting Volleyball","Gold","CHN","China",3,"Volleyball",2008,NA
"6910","Women","Sitting Volleyball","Gold","CHN","China",4,"Volleyball",2008,NA
"6911","Women","Sitting Volleyball","Gold","CHN","China",5,"Volleyball",2008,NA
"6912","Women","Sitting Volleyball","Gold","CHN","China",6,"Volleyball",2008,NA
"6913","Women","Sitting Volleyball","Gold","CHN","China",7,"Volleyball",2008,NA
"6914","Women","Sitting Volleyball","Gold","CHN","China",8,"Volleyball",2008,NA
"6915","Women","Sitting Volleyball","Gold","CHN","China",9,"Volleyball",2008,NA
"6916","Women","Sitting Volleyball","Gold","CHN","China",10,"Volleyball",2008,NA
"6917","Women","Sitting Volleyball","Gold","CHN","China",11,"Volleyball",2008,NA
"6918","Women","Sitting Volleyball","Gold","CHN","China",12,"Volleyball",2008,NA
"6919","Women","Sitting Volleyball","Silver","USA","United States of America",2,"Volleyball",2008,NA
"6920","Women","Sitting Volleyball","Silver","USA","United States of America",3,"Volleyball",2008,NA
"6921","Women","Sitting Volleyball","Silver","USA","United States of America",4,"Volleyball",2008,NA
"6922","Women","Sitting Volleyball","Silver","USA","United States of America",5,"Volleyball",2008,NA
"6923","Women","Sitting Volleyball","Silver","USA","United States of America",6,"Volleyball",2008,NA
"6924","Women","Sitting Volleyball","Silver","USA","United States of America",7,"Volleyball",2008,NA
"6925","Women","Sitting Volleyball","Silver","USA","United States of America",8,"Volleyball",2008,NA
"6926","Women","Sitting Volleyball","Silver","USA","United States of America",9,"Volleyball",2008,NA
"6927","Women","Sitting Volleyball","Silver","USA","United States of America",10,"Volleyball",2008,NA
"6928","Women","Sitting Volleyball","Silver","USA","United States of America",11,"Volleyball",2008,NA
"6929","Women","Sitting Volleyball","Silver","USA","United States of America",12,"Volleyball",2008,NA
"6930","Women","Sitting Volleyball","Bronze","NED","Netherlands",2,"Volleyball",2008,NA
"6931","Women","Sitting Volleyball","Bronze","NED","Netherlands",3,"Volleyball",2008,NA
"6932","Women","Sitting Volleyball","Bronze","NED","Netherlands",4,"Volleyball",2008,NA
"6933","Women","Sitting Volleyball","Bronze","NED","Netherlands",5,"Volleyball",2008,NA
"6934","Women","Sitting Volleyball","Bronze","NED","Netherlands",6,"Volleyball",2008,NA
"6935","Women","Sitting Volleyball","Bronze","NED","Netherlands",7,"Volleyball",2008,NA
"6936","Women","Sitting Volleyball","Bronze","NED","Netherlands",8,"Volleyball",2008,NA
"6937","Women","Sitting Volleyball","Bronze","NED","Netherlands",9,"Volleyball",2008,NA
"6938","Women","Sitting Volleyball","Gold","CHN","China",2,"Volleyball",2012,NA
"6939","Women","Sitting Volleyball","Gold","CHN","China",3,"Volleyball",2012,NA
"6940","Women","Sitting Volleyball","Gold","CHN","China",4,"Volleyball",2012,NA
"6941","Women","Sitting Volleyball","Gold","CHN","China",5,"Volleyball",2012,NA
"6942","Women","Sitting Volleyball","Gold","CHN","China",6,"Volleyball",2012,NA
"6943","Women","Sitting Volleyball","Gold","CHN","China",7,"Volleyball",2012,NA
"6944","Women","Sitting Volleyball","Gold","CHN","China",8,"Volleyball",2012,NA
"6945","Women","Sitting Volleyball","Gold","CHN","China",9,"Volleyball",2012,NA
"6946","Women","Sitting Volleyball","Gold","CHN","China",10,"Volleyball",2012,NA
"6947","Women","Sitting Volleyball","Gold","CHN","China",11,"Volleyball",2012,NA
"6948","Women","Sitting Volleyball","Silver","USA","United States of America",2,"Volleyball",2012,NA
"6949","Women","Sitting Volleyball","Silver","USA","United States of America",3,"Volleyball",2012,NA
"6950","Women","Sitting Volleyball","Silver","USA","United States of America",4,"Volleyball",2012,NA
"6951","Women","Sitting Volleyball","Silver","USA","United States of America",5,"Volleyball",2012,NA
"6952","Women","Sitting Volleyball","Silver","USA","United States of America",6,"Volleyball",2012,NA
"6953","Women","Sitting Volleyball","Silver","USA","United States of America",7,"Volleyball",2012,NA
"6954","Women","Sitting Volleyball","Silver","USA","United States of America",8,"Volleyball",2012,NA
"6955","Women","Sitting Volleyball","Silver","USA","United States of America",9,"Volleyball",2012,NA
"6956","Women","Sitting Volleyball","Silver","USA","United States of America",10,"Volleyball",2012,NA
"6957","Women","Sitting Volleyball","Silver","USA","United States of America",11,"Volleyball",2012,NA
"6958","Women","Sitting Volleyball","Bronze","UKR","Ukraine",2,"Volleyball",2012,NA
"6959","Women","Sitting Volleyball","Bronze","UKR","Ukraine",3,"Volleyball",2012,NA
"6960","Women","Sitting Volleyball","Bronze","UKR","Ukraine",4,"Volleyball",2012,NA
"6961","Women","Sitting Volleyball","Bronze","UKR","Ukraine",5,"Volleyball",2012,NA
"6962","Women","Sitting Volleyball","Bronze","UKR","Ukraine",6,"Volleyball",2012,NA
"6963","Women","Sitting Volleyball","Bronze","UKR","Ukraine",7,"Volleyball",2012,NA
"6964","Women","Sitting Volleyball","Bronze","UKR","Ukraine",8,"Volleyball",2012,NA
"6965","Women","Sitting Volleyball","Bronze","UKR","Ukraine",9,"Volleyball",2012,NA
"6966","Women","Sitting Volleyball","Bronze","UKR","Ukraine",10,"Volleyball",2012,NA
"6967","Women","Sitting Volleyball","Bronze","UKR","Ukraine",11,"Volleyball",2012,NA
"6968","Women","Sitting Volleyball","Gold","USA","United States of America",2,"Volleyball",2016,NA
"6969","Women","Sitting Volleyball","Gold","USA","United States of America",3,"Volleyball",2016,NA
"6970","Women","Sitting Volleyball","Gold","USA","United States of America",4,"Volleyball",2016,NA
"6971","Women","Sitting Volleyball","Gold","USA","United States of America",5,"Volleyball",2016,NA
"6972","Women","Sitting Volleyball","Gold","USA","United States of America",6,"Volleyball",2016,NA
"6973","Women","Sitting Volleyball","Gold","USA","United States of America",7,"Volleyball",2016,NA
"6974","Women","Sitting Volleyball","Gold","USA","United States of America",8,"Volleyball",2016,NA
"6975","Women","Sitting Volleyball","Gold","USA","United States of America",9,"Volleyball",2016,NA
"6976","Women","Sitting Volleyball","Gold","USA","United States of America",10,"Volleyball",2016,NA
"6977","Women","Sitting Volleyball","Gold","USA","United States of America",11,"Volleyball",2016,NA
"6978","Women","Sitting Volleyball","Gold","USA","United States of America",12,"Volleyball",2016,NA
"6979","Women","Sitting Volleyball","Silver","CHN","China",2,"Volleyball",2016,NA
"6980","Women","Sitting Volleyball","Silver","CHN","China",3,"Volleyball",2016,NA
"6981","Women","Sitting Volleyball","Silver","CHN","China",4,"Volleyball",2016,NA
"6982","Women","Sitting Volleyball","Silver","CHN","China",5,"Volleyball",2016,NA
"6983","Women","Sitting Volleyball","Silver","CHN","China",6,"Volleyball",2016,NA
"6984","Women","Sitting Volleyball","Silver","CHN","China",7,"Volleyball",2016,NA
"6985","Women","Sitting Volleyball","Silver","CHN","China",8,"Volleyball",2016,NA
"6986","Women","Sitting Volleyball","Silver","CHN","China",9,"Volleyball",2016,NA
"6987","Women","Sitting Volleyball","Silver","CHN","China",10,"Volleyball",2016,NA
"6988","Women","Sitting Volleyball","Silver","CHN","China",11,"Volleyball",2016,NA
"6989","Women","Sitting Volleyball","Silver","CHN","China",12,"Volleyball",2016,NA
"6990","Women","Sitting Volleyball","Bronze","BRA","Brazil",2,"Volleyball",2016,NA
"6991","Women","Sitting Volleyball","Bronze","BRA","Brazil",3,"Volleyball",2016,NA
"6992","Women","Sitting Volleyball","Bronze","BRA","Brazil",4,"Volleyball",2016,NA
"6993","Women","Sitting Volleyball","Bronze","BRA","Brazil",5,"Volleyball",2016,NA
"6994","Women","Sitting Volleyball","Bronze","BRA","Brazil",6,"Volleyball",2016,NA
"6995","Women","Sitting Volleyball","Bronze","BRA","Brazil",7,"Volleyball",2016,NA
"6996","Women","Sitting Volleyball","Bronze","BRA","Brazil",8,"Volleyball",2016,NA
"6997","Women","Sitting Volleyball","Bronze","BRA","Brazil",9,"Volleyball",2016,NA
"6998","Women","Sitting Volleyball","Bronze","BRA","Brazil",10,"Volleyball",2016,NA
"6999","Women","Sitting Volleyball","Bronze","BRA","Brazil",11,"Volleyball",2016,NA
"7000","Women","Sitting Volleyball","Bronze","BRA","Brazil",12,"Volleyball",2016,NA
